seed,proxy,policy,budget,original_model_id,refit_model_id,cross_model_id,refit_rank_spearman,cross_proxy_rank_spearman,refit_top50_jaccard,own_best_rescored_refit,own_best_rescored_other_proxy
401,xgb,matched_seed_random_walk,1024,xgb_boot5_sklearn_gbm_a231449414854022,xgb_boot5_sklearn_gbm_9286bfb4c84056aa,rf300_seq303_eba7bd6a21aa08af,0.03966577026507877,0.4242220514790626,0.17647058823529413,15.726599501130966,18.628191228899055
401,xgb,multi_start_hill_climb,1024,xgb_boot5_sklearn_gbm_a231449414854022,xgb_boot5_sklearn_gbm_9286bfb4c84056aa,rf300_seq303_eba7bd6a21aa08af,0.3768067226890756,0.3658583433373349,0.0,9.08299112317889,18.00138794809211
401,xgb,multi_start_beam,1024,xgb_boot5_sklearn_gbm_a231449414854022,xgb_boot5_sklearn_gbm_9286bfb4c84056aa,rf300_seq303_eba7bd6a21aa08af,0.2976301952885561,0.3997310795236266,0.041666666666666664,13.404036640209805,18.566332595922653
401,xgb,mutation_only_ga,1024,xgb_boot5_sklearn_gbm_a231449414854022,xgb_boot5_sklearn_gbm_9286bfb4c84056aa,rf300_seq303_eba7bd6a21aa08af,0.13392557022809123,0.17935174069627852,0.0,17.046307767776657,19.068454155749073
401,rf,matched_seed_random_walk,1024,rf300_seq303_eba7bd6a21aa08af,rf300_seq303_e2ced2b99837e6ef,xgb_boot5_sklearn_gbm_a231449414854022,0.5353438340376488,0.37293507491356126,0.7543859649122807,18.685636754432874,9.662501679420178
401,rf,multi_start_hill_climb,1024,rf300_seq303_eba7bd6a21aa08af,rf300_seq303_e2ced2b99837e6ef,xgb_boot5_sklearn_gbm_a231449414854022,0.6584873949579831,0.11020408163265305,0.02040816326530612,16.618461130757737,12.386217332294816
401,rf,multi_start_beam,1024,rf300_seq303_eba7bd6a21aa08af,rf300_seq303_e2ced2b99837e6ef,xgb_boot5_sklearn_gbm_a231449414854022,0.30593037214885954,0.45382953181272506,0.21951219512195122,18.036227185716296,10.687059274542412
401,rf,mutation_only_ga,1024,rf300_seq303_eba7bd6a21aa08af,rf300_seq303_e2ced2b99837e6ef,xgb_boot5_sklearn_gbm_a231449414854022,0.47937575030012003,0.31457382953181273,0.0,16.559764913815627,6.90786064555233
402,xgb,matched_seed_random_walk,1024,xgb_boot5_sklearn_gbm_c31b26bfa1d2b0d0,xgb_boot5_sklearn_gbm_acb7d67937f66364,rf300_seq303_8af642ca3061f310,0.15102040816326529,0.2541656662665066,0.3157894736842105,8.750596146255903,19.657707928482367
402,xgb,multi_start_hill_climb,1024,xgb_boot5_sklearn_gbm_c31b26bfa1d2b0d0,xgb_boot5_sklearn_gbm_acb7d67937f66364,rf300_seq303_8af642ca3061f310,0.3689315726290516,0.4206002400960384,0.12359550561797752,8.21067861488685,19.416083400663627
402,xgb,multi_start_beam,1024,xgb_boot5_sklearn_gbm_c31b26bfa1d2b0d0,xgb_boot5_sklearn_gbm_acb7d67937f66364,rf300_seq303_8af642ca3061f310,0.4375990396158464,0.10991596638655464,0.07526881720430108,8.21067861488685,19.416083400663627
402,xgb,mutation_only_ga,1024,xgb_boot5_sklearn_gbm_c31b26bfa1d2b0d0,xgb_boot5_sklearn_gbm_acb7d67937f66364,rf300_seq303_8af642ca3061f310,0.6929818244932485,0.4008163265306123,0.0,8.21067861488685,19.416083400663627
402,rf,matched_seed_random_walk,1024,rf300_seq303_8af642ca3061f310,rf300_seq303_83a8fcd14e1f7041,xgb_boot5_sklearn_gbm_c31b26bfa1d2b0d0,0.7842685300827202,0.4240576230492196,0.7241379310344828,18.746564440338698,15.518149601434612
402,rf,multi_start_hill_climb,1024,rf300_seq303_8af642ca3061f310,rf300_seq303_83a8fcd14e1f7041,xgb_boot5_sklearn_gbm_c31b26bfa1d2b0d0,0.5653019610920595,0.4523889555822329,0.2345679012345679,18.24042767539704,13.082215725465058
402,rf,multi_start_beam,1024,rf300_seq303_8af642ca3061f310,rf300_seq303_83a8fcd14e1f7041,xgb_boot5_sklearn_gbm_c31b26bfa1d2b0d0,0.47383965354524565,-0.08523409363745496,0.26582278481012656,18.24042767539704,13.082215725465058
402,rf,mutation_only_ga,1024,rf300_seq303_8af642ca3061f310,rf300_seq303_83a8fcd14e1f7041,xgb_boot5_sklearn_gbm_c31b26bfa1d2b0d0,0.5646838532273184,0.3793699577410679,0.08695652173913043,18.24042767539704,13.082215725465058
403,xgb,matched_seed_random_walk,1024,xgb_boot5_sklearn_gbm_a03b7eb235312656,xgb_boot5_sklearn_gbm_560ce3f6b36aeabc,rf300_seq303_88ae0a8a49cbf284,0.500084035775254,0.4408374951978486,0.19047619047619047,13.506126022744292,19.26018392045883
403,xgb,multi_start_hill_climb,1024,xgb_boot5_sklearn_gbm_a03b7eb235312656,xgb_boot5_sklearn_gbm_560ce3f6b36aeabc,rf300_seq303_88ae0a8a49cbf284,0.36643457382953176,0.1740696278511404,0.0,11.668800294422098,20.31212596642531
403,xgb,multi_start_beam,1024,xgb_boot5_sklearn_gbm_a03b7eb235312656,xgb_boot5_sklearn_gbm_560ce3f6b36aeabc,rf300_seq303_88ae0a8a49cbf284,0.3094986557544802,0.2998127071027229,0.06382978723404255,11.557180913957506,18.44968208769802
403,xgb,mutation_only_ga,1024,xgb_boot5_sklearn_gbm_a03b7eb235312656,xgb_boot5_sklearn_gbm_560ce3f6b36aeabc,rf300_seq303_88ae0a8a49cbf284,0.2971908763505402,0.13181272509003597,0.0,11.034117516408623,18.46477990756315
403,rf,matched_seed_random_walk,1024,rf300_seq303_88ae0a8a49cbf284,rf300_seq303_ce32be2fc53988f2,xgb_boot5_sklearn_gbm_a03b7eb235312656,0.2589738049679225,0.5495582020745293,0.5384615384615384,19.164773029767186,9.353086452306371
403,rf,multi_start_hill_climb,1024,rf300_seq303_88ae0a8a49cbf284,rf300_seq303_ce32be2fc53988f2,xgb_boot5_sklearn_gbm_a03b7eb235312656,0.4569027611044417,0.3850660264105642,0.0,17.81160485024062,7.673525630511277
403,rf,multi_start_beam,1024,rf300_seq303_88ae0a8a49cbf284,rf300_seq303_ce32be2fc53988f2,xgb_boot5_sklearn_gbm_a03b7eb235312656,0.5198079231692677,0.2686674669867947,0.07526881720430108,18.747950577674054,7.699728028203259
403,rf,mutation_only_ga,1024,rf300_seq303_88ae0a8a49cbf284,rf300_seq303_ce32be2fc53988f2,xgb_boot5_sklearn_gbm_a03b7eb235312656,0.4142253428835546,0.32263797492674967,0.02040816326530612,18.216465598232645,8.567434157918223
404,xgb,matched_seed_random_walk,1024,xgb_boot5_sklearn_gbm_401d4fc617779439,xgb_boot5_sklearn_gbm_bd256eab8b44229b,rf300_seq303_6d4e6ab791ae1ca2,0.5156782713085235,0.33935174069627855,0.47058823529411764,7.876963163277614,15.904128875170002
404,xgb,multi_start_hill_climb,1024,xgb_boot5_sklearn_gbm_401d4fc617779439,xgb_boot5_sklearn_gbm_bd256eab8b44229b,rf300_seq303_6d4e6ab791ae1ca2,0.4652581032412966,0.37939975990396163,0.030927835051546393,6.463481527750751,15.809514670973112
404,xgb,multi_start_beam,1024,xgb_boot5_sklearn_gbm_401d4fc617779439,xgb_boot5_sklearn_gbm_bd256eab8b44229b,rf300_seq303_6d4e6ab791ae1ca2,0.5497719087635055,0.38045618247298923,0.14942528735632185,6.820442991192695,17.183261302353745
404,xgb,mutation_only_ga,1024,xgb_boot5_sklearn_gbm_401d4fc617779439,xgb_boot5_sklearn_gbm_bd256eab8b44229b,rf300_seq303_6d4e6ab791ae1ca2,0.3018967587034814,-0.007442977190876362,0.0989010989010989,8.038995948121322,15.790219038352054
404,rf,matched_seed_random_walk,1024,rf300_seq303_6d4e6ab791ae1ca2,rf300_seq303_0546ed0d865994ea,xgb_boot5_sklearn_gbm_401d4fc617779439,0.8931204249371398,0.2864963503649635,0.7543859649122807,16.372976551325088,8.871183967710405
404,rf,multi_start_hill_climb,1024,rf300_seq303_6d4e6ab791ae1ca2,rf300_seq303_0546ed0d865994ea,xgb_boot5_sklearn_gbm_401d4fc617779439,-0.18676912128850734,-0.013160106629476198,0.02040816326530612,16.426452059735443,11.661181335407335
404,rf,multi_start_beam,1024,rf300_seq303_6d4e6ab791ae1ca2,rf300_seq303_0546ed0d865994ea,xgb_boot5_sklearn_gbm_401d4fc617779439,0.8144644274444303,0.4531047399510157,0.14942528735632185,16.323927818226377,10.267153143014305
404,rf,mutation_only_ga,1024,rf300_seq303_6d4e6ab791ae1ca2,rf300_seq303_0546ed0d865994ea,xgb_boot5_sklearn_gbm_401d4fc617779439,0.3423548986089209,0.20205611068408916,0.041666666666666664,16.360472843303498,11.868972240730637
405,xgb,matched_seed_random_walk,1024,xgb_boot5_sklearn_gbm_7ccec0067a90ea25,xgb_boot5_sklearn_gbm_2a6080bab2dd435a,rf300_seq303_ab942b172c3178cf,0.2807952744561302,0.09936128319646541,0.20481927710843373,23.66002583740251,23.084349689294218
405,xgb,multi_start_hill_climb,1024,xgb_boot5_sklearn_gbm_7ccec0067a90ea25,xgb_boot5_sklearn_gbm_2a6080bab2dd435a,rf300_seq303_ab942b172c3178cf,-0.20270854367129706,0.1774085102295649,0.0,21.051844742971287,19.131588024744584
405,xgb,multi_start_beam,1024,xgb_boot5_sklearn_gbm_7ccec0067a90ea25,xgb_boot5_sklearn_gbm_2a6080bab2dd435a,rf300_seq303_ab942b172c3178cf,-0.10770708283313327,0.1533253301320528,0.02040816326530612,16.190775819986786,18.72974238921799
405,xgb,mutation_only_ga,1024,xgb_boot5_sklearn_gbm_7ccec0067a90ea25,xgb_boot5_sklearn_gbm_2a6080bab2dd435a,rf300_seq303_ab942b172c3178cf,-0.20443249266667793,0.039477475746806275,0.0,22.623677571282382,22.97803134350387
405,rf,matched_seed_random_walk,1024,rf300_seq303_ab942b172c3178cf,rf300_seq303_0e8a7db4f703b391,xgb_boot5_sklearn_gbm_7ccec0067a90ea25,0.740922190201729,0.4634632483270291,0.639344262295082,18.236364181776064,12.063347172961036
405,rf,multi_start_hill_climb,1024,rf300_seq303_ab942b172c3178cf,rf300_seq303_0e8a7db4f703b391,xgb_boot5_sklearn_gbm_7ccec0067a90ea25,0.2997454496517051,0.43937465491404487,0.030927835051546393,19.472372965878986,12.614170426169125
405,rf,multi_start_beam,1024,rf300_seq303_ab942b172c3178cf,rf300_seq303_0e8a7db4f703b391,xgb_boot5_sklearn_gbm_7ccec0067a90ea25,0.38113533806321326,0.43758705153450833,0.19047619047619047,19.472372965878986,12.614170426169125
405,rf,mutation_only_ga,1024,rf300_seq303_ab942b172c3178cf,rf300_seq303_0e8a7db4f703b391,xgb_boot5_sklearn_gbm_7ccec0067a90ea25,0.1684716056718549,0.2898515921425484,0.16279069767441862,19.472372965878986,12.614170426169125
406,xgb,matched_seed_random_walk,1024,xgb_boot5_sklearn_gbm_2b059001792d6dcc,xgb_boot5_sklearn_gbm_e3857f122bbe2b94,rf300_seq303_f8d2b9b691076859,0.33996062046775194,0.17965710992652353,0.2987012987012987,11.173639606503489,19.911503331086443
406,xgb,multi_start_hill_climb,1024,xgb_boot5_sklearn_gbm_2b059001792d6dcc,xgb_boot5_sklearn_gbm_e3857f122bbe2b94,rf300_seq303_f8d2b9b691076859,-0.09904889999039292,-0.1308483043520031,0.0,13.167121579077314,19.590346130055007
406,xgb,multi_start_beam,1024,xgb_boot5_sklearn_gbm_2b059001792d6dcc,xgb_boot5_sklearn_gbm_e3857f122bbe2b94,rf300_seq303_f8d2b9b691076859,0.12851174241671465,0.11051342394697662,0.02040816326530612,12.895327924319407,20.353762769315573
406,xgb,mutation_only_ga,1024,xgb_boot5_sklearn_gbm_2b059001792d6dcc,xgb_boot5_sklearn_gbm_e3857f122bbe2b94,rf300_seq303_f8d2b9b691076859,-0.033093974408544675,0.2168692060137375,0.0,11.74638680608207,19.360078858732624
406,rf,matched_seed_random_walk,1024,rf300_seq303_f8d2b9b691076859,rf300_seq303_451f248a2ee3227e,xgb_boot5_sklearn_gbm_2b059001792d6dcc,0.6991787926811699,0.026557172357489306,0.6666666666666666,17.98323974165038,15.146660048321113
406,rf,multi_start_hill_climb,1024,rf300_seq303_f8d2b9b691076859,rf300_seq303_451f248a2ee3227e,xgb_boot5_sklearn_gbm_2b059001792d6dcc,0.4371621460551006,0.199942338186536,0.02040816326530612,17.227236763680217,11.375986842539966
406,rf,multi_start_beam,1024,rf300_seq303_f8d2b9b691076859,rf300_seq303_451f248a2ee3227e,xgb_boot5_sklearn_gbm_2b059001792d6dcc,0.6611907725940526,0.17504083085869424,0.2345679012345679,17.88626575698384,12.967255045856694
406,rf,mutation_only_ga,1024,rf300_seq303_f8d2b9b691076859,rf300_seq303_451f248a2ee3227e,xgb_boot5_sklearn_gbm_2b059001792d6dcc,0.46594947651522434,0.30563826721736626,0.0,17.726214650446682,12.352846779949129
407,xgb,matched_seed_random_walk,1024,xgb_boot5_sklearn_gbm_534080530f698dd9,xgb_boot5_sklearn_gbm_228d510cc6f3a0f0,rf300_seq303_e61ab67431cd323f,-0.05935459092514157,0.20069636216615702,0.16279069767441862,19.878117872365436,21.45912557787515
407,xgb,multi_start_hill_climb,1024,xgb_boot5_sklearn_gbm_534080530f698dd9,xgb_boot5_sklearn_gbm_228d510cc6f3a0f0,rf300_seq303_e61ab67431cd323f,-0.14047979450685744,-0.04400038428283216,0.0,19.858827661435875,21.697605622644108
407,xgb,multi_start_beam,1024,xgb_boot5_sklearn_gbm_534080530f698dd9,xgb_boot5_sklearn_gbm_228d510cc6f3a0f0,rf300_seq303_e61ab67431cd323f,-0.35776203718713895,-0.2706402190096537,0.010101010101010102,24.10003197917007,22.743793486135278
407,xgb,mutation_only_ga,1024,xgb_boot5_sklearn_gbm_534080530f698dd9,xgb_boot5_sklearn_gbm_228d510cc6f3a0f0,rf300_seq303_e61ab67431cd323f,-0.1915087783657586,-0.24578510014890245,0.0,24.38798015633251,21.318576254479378
407,rf,matched_seed_random_walk,1024,rf300_seq303_e61ab67431cd323f,rf300_seq303_49e6cf32fb3e3ecf,xgb_boot5_sklearn_gbm_534080530f698dd9,0.914329620723864,0.337023074988503,0.7857142857142857,17.221220790499792,12.231597573362384
407,rf,multi_start_hill_climb,1024,rf300_seq303_e61ab67431cd323f,rf300_seq303_49e6cf32fb3e3ecf,xgb_boot5_sklearn_gbm_534080530f698dd9,0.4438200960813229,0.4633490248823134,0.010101010101010102,17.033553127295534,12.340381404330204
407,rf,multi_start_beam,1024,rf300_seq303_e61ab67431cd323f,rf300_seq303_49e6cf32fb3e3ecf,xgb_boot5_sklearn_gbm_534080530f698dd9,0.5188885541126059,0.08248858995916405,0.4084507042253521,16.94846827383016,12.480953728415496
407,rf,mutation_only_ga,1024,rf300_seq303_e61ab67431cd323f,rf300_seq303_49e6cf32fb3e3ecf,xgb_boot5_sklearn_gbm_534080530f698dd9,0.43362153027567435,0.04309288752414205,0.08695652173913043,16.584952001810297,12.480953728415496
408,xgb,matched_seed_random_walk,1024,xgb_boot5_sklearn_gbm_0e72b05e7894841c,xgb_boot5_sklearn_gbm_9c1098bf814bb17e,rf300_seq303_b5b4bff6b97e35c4,0.27490154770938974,0.2869765655013446,0.3333333333333333,14.730969577970004,20.348418494928385
408,xgb,multi_start_hill_climb,1024,xgb_boot5_sklearn_gbm_0e72b05e7894841c,xgb_boot5_sklearn_gbm_9c1098bf814bb17e,rf300_seq303_b5b4bff6b97e35c4,-0.07603631307104698,-0.2540826128722382,0.0,8.273705063289706,19.25250953379442
408,xgb,multi_start_beam,1024,xgb_boot5_sklearn_gbm_0e72b05e7894841c,xgb_boot5_sklearn_gbm_9c1098bf814bb17e,rf300_seq303_b5b4bff6b97e35c4,0.33310924369747896,0.3633613445378151,0.0989010989010989,6.0919808632479615,20.139464086340706
408,xgb,mutation_only_ga,1024,xgb_boot5_sklearn_gbm_0e72b05e7894841c,xgb_boot5_sklearn_gbm_9c1098bf814bb17e,rf300_seq303_b5b4bff6b97e35c4,0.48842570358274906,-0.09854961098837767,0.0,8.273705063289706,19.25250953379442
408,rf,matched_seed_random_walk,1024,rf300_seq303_b5b4bff6b97e35c4,rf300_seq303_653850522ff02542,xgb_boot5_sklearn_gbm_0e72b05e7894841c,0.8835846741365045,0.07356895889358434,0.7543859649122807,17.866141234663953,15.21163809732353
408,rf,multi_start_hill_climb,1024,rf300_seq303_b5b4bff6b97e35c4,rf300_seq303_653850522ff02542,xgb_boot5_sklearn_gbm_0e72b05e7894841c,0.35728351183900864,0.06949714230824647,0.0,17.480602023964035,13.156086670973519
408,rf,multi_start_beam,1024,rf300_seq303_b5b4bff6b97e35c4,rf300_seq303_653850522ff02542,xgb_boot5_sklearn_gbm_0e72b05e7894841c,0.3292501355225936,-0.07300672430355423,0.21951219512195122,18.033265660854152,18.182666017200905
408,rf,mutation_only_ga,1024,rf300_seq303_b5b4bff6b97e35c4,rf300_seq303_653850522ff02542,xgb_boot5_sklearn_gbm_0e72b05e7894841c,0.3005333291931083,0.11278701124027282,0.07526881720430108,18.13897993752749,12.119150476114187
409,xgb,matched_seed_random_walk,1024,xgb_boot5_sklearn_gbm_c5a0c39fc06380af,xgb_boot5_sklearn_gbm_f63d45258bcad349,rf300_seq303_c9c2e07efd3709e6,0.06045618247298919,0.24398559423769503,0.13636363636363635,16.221464206548085,22.282422467036238
409,xgb,multi_start_hill_climb,1024,xgb_boot5_sklearn_gbm_c5a0c39fc06380af,xgb_boot5_sklearn_gbm_f63d45258bcad349,rf300_seq303_c9c2e07efd3709e6,0.2382232893157263,0.3187995198079232,0.0,12.382607786809945,19.580014644617513
409,xgb,multi_start_beam,1024,xgb_boot5_sklearn_gbm_c5a0c39fc06380af,xgb_boot5_sklearn_gbm_f63d45258bcad349,rf300_seq303_c9c2e07efd3709e6,0.2310204081632653,0.37200480192076824,0.0,12.49321680385989,19.566386441217137
409,xgb,mutation_only_ga,1024,xgb_boot5_sklearn_gbm_c5a0c39fc06380af,xgb_boot5_sklearn_gbm_f63d45258bcad349,rf300_seq303_c9c2e07efd3709e6,0.5117406962785114,0.2595438175270108,0.0,12.506820774014813,19.77934659749682
409,rf,matched_seed_random_walk,1024,rf300_seq303_c9c2e07efd3709e6,rf300_seq303_9be16d73a3590b75,xgb_boot5_sklearn_gbm_c5a0c39fc06380af,0.780667003034214,0.23726290516206486,0.7241379310344828,17.73253413230646,15.906869136892535
409,rf,multi_start_hill_climb,1024,rf300_seq303_c9c2e07efd3709e6,rf300_seq303_9be16d73a3590b75,xgb_boot5_sklearn_gbm_c5a0c39fc06380af,0.46651780368317575,-0.08965186074429768,0.16279069767441862,18.067161033137655,13.193801324828067
409,rf,multi_start_beam,1024,rf300_seq303_c9c2e07efd3709e6,rf300_seq303_9be16d73a3590b75,xgb_boot5_sklearn_gbm_c5a0c39fc06380af,0.7224183055697063,0.276734693877551,0.26582278481012656,17.95247440766353,14.504859795076777
409,rf,mutation_only_ga,1024,rf300_seq303_c9c2e07efd3709e6,rf300_seq303_9be16d73a3590b75,xgb_boot5_sklearn_gbm_c5a0c39fc06380af,0.7136785999319978,0.11990396158463386,0.0989010989010989,17.95247440766353,14.504859795076777
410,xgb,matched_seed_random_walk,1024,xgb_boot5_sklearn_gbm_033535545f4e4e8f,xgb_boot5_sklearn_gbm_27b9893b56b09aa4,rf300_seq303_50322197f9f416d1,0.11126050420168064,0.23956782713085234,0.13636363636363635,14.504024812530414,20.432897864134144
410,xgb,multi_start_hill_climb,1024,xgb_boot5_sklearn_gbm_033535545f4e4e8f,xgb_boot5_sklearn_gbm_27b9893b56b09aa4,rf300_seq303_50322197f9f416d1,0.36240096038415365,0.3491476590636255,0.0,11.107750647992406,18.932330619331218
410,xgb,multi_start_beam,1024,xgb_boot5_sklearn_gbm_033535545f4e4e8f,xgb_boot5_sklearn_gbm_27b9893b56b09aa4,rf300_seq303_50322197f9f416d1,-0.11265847099500571,0.21225509028044562,0.010101010101010102,12.903578585882414,21.081853543360673
410,xgb,mutation_only_ga,1024,xgb_boot5_sklearn_gbm_033535545f4e4e8f,xgb_boot5_sklearn_gbm_27b9893b56b09aa4,rf300_seq303_50322197f9f416d1,0.31226890756302517,0.3510684273709484,0.0,12.07244787246893,19.21975981338415
410,rf,matched_seed_random_walk,1024,rf300_seq303_50322197f9f416d1,rf300_seq303_fbfa8a607ccd4234,xgb_boot5_sklearn_gbm_033535545f4e4e8f,0.24917166866746693,-0.1675390156062425,0.5625,19.5498090955751,14.37780005791485
410,rf,multi_start_hill_climb,1024,rf300_seq303_50322197f9f416d1,rf300_seq303_fbfa8a607ccd4234,xgb_boot5_sklearn_gbm_033535545f4e4e8f,0.16189218435570782,0.14086401079872557,0.041666666666666664,18.983755470849694,11.178832718925324
410,rf,multi_start_beam,1024,rf300_seq303_50322197f9f416d1,rf300_seq303_fbfa8a607ccd4234,xgb_boot5_sklearn_gbm_033535545f4e4e8f,0.5156782713085234,0.2903721488595438,0.030927835051546393,19.576211668132192,15.716670154029572
410,rf,mutation_only_ga,1024,rf300_seq303_50322197f9f416d1,rf300_seq303_fbfa8a607ccd4234,xgb_boot5_sklearn_gbm_033535545f4e4e8f,0.36,0.09800720288115246,0.0,18.983755470849694,11.178832718925324
411,xgb,matched_seed_random_walk,1024,xgb_boot5_sklearn_gbm_3b31addbd7c62be4,xgb_boot5_sklearn_gbm_af399ef5dc1853cb,rf300_seq303_01ae45c11f1ce456,0.06751662706933041,0.538343337334934,0.2987012987012987,13.257448700203648,18.4595738207953
411,xgb,multi_start_hill_climb,1024,xgb_boot5_sklearn_gbm_3b31addbd7c62be4,xgb_boot5_sklearn_gbm_af399ef5dc1853cb,rf300_seq303_01ae45c11f1ce456,0.23800033677614654,-0.2151570454327154,0.0,10.526350401272841,18.204695423485752
411,xgb,multi_start_beam,1024,xgb_boot5_sklearn_gbm_3b31addbd7c62be4,xgb_boot5_sklearn_gbm_af399ef5dc1853cb,rf300_seq303_01ae45c11f1ce456,-0.18295757406411733,0.4125048021513638,0.0,15.740864120307261,17.477582329115307
411,xgb,mutation_only_ga,1024,xgb_boot5_sklearn_gbm_3b31addbd7c62be4,xgb_boot5_sklearn_gbm_af399ef5dc1853cb,rf300_seq303_01ae45c11f1ce456,0.3952555884833989,0.14579331540530158,0.0,10.24708564328862,17.2205871749699
411,rf,matched_seed_random_walk,1024,rf300_seq303_01ae45c11f1ce456,rf300_seq303_bc1ae38f4386cfa0,xgb_boot5_sklearn_gbm_3b31addbd7c62be4,0.7202093689799558,0.4632412965186074,0.6129032258064516,17.381937897311573,11.083785582636443
411,rf,multi_start_hill_climb,1024,rf300_seq303_01ae45c11f1ce456,rf300_seq303_bc1ae38f4386cfa0,xgb_boot5_sklearn_gbm_3b31addbd7c62be4,0.4436866625042025,0.2961913452764036,0.010101010101010102,16.693921871788824,8.634031248994292
411,rf,multi_start_beam,1024,rf300_seq303_01ae45c11f1ce456,rf300_seq303_bc1ae38f4386cfa0,xgb_boot5_sklearn_gbm_3b31addbd7c62be4,0.5441056422569027,0.1106842737094838,0.17647058823529413,16.454250652989423,11.11886402538505
411,rf,mutation_only_ga,1024,rf300_seq303_01ae45c11f1ce456,rf300_seq303_bc1ae38f4386cfa0,xgb_boot5_sklearn_gbm_3b31addbd7c62be4,0.41811763022696863,0.46204461961883597,0.05263157894736842,16.693921871788824,8.634031248994292
412,xgb,matched_seed_random_walk,1024,xgb_boot5_sklearn_gbm_6c0f870bbc2fb077,xgb_boot5_sklearn_gbm_4dde6261524d55b3,rf300_seq303_08d9b60bf1f1f253,0.21465101209097226,-0.12629658086822895,0.19047619047619047,7.69384681234745,20.23052719905515
412,xgb,multi_start_hill_climb,1024,xgb_boot5_sklearn_gbm_6c0f870bbc2fb077,xgb_boot5_sklearn_gbm_4dde6261524d55b3,rf300_seq303_08d9b60bf1f1f253,0.4211764705882353,0.3059303721488596,0.02040816326530612,9.581434467596972,19.398652764079962
412,xgb,multi_start_beam,1024,xgb_boot5_sklearn_gbm_6c0f870bbc2fb077,xgb_boot5_sklearn_gbm_4dde6261524d55b3,rf300_seq303_08d9b60bf1f1f253,0.5888427313648017,0.5406859448554137,0.030927835051546393,5.943711971187368,19.918940016717244
412,xgb,mutation_only_ga,1024,xgb_boot5_sklearn_gbm_6c0f870bbc2fb077,xgb_boot5_sklearn_gbm_4dde6261524d55b3,rf300_seq303_08d9b60bf1f1f253,0.5684650293362259,0.5444679216288897,0.0,5.943711971187368,19.918940016717244
412,rf,matched_seed_random_walk,1024,rf300_seq303_08d9b60bf1f1f253,rf300_seq303_bb81b498f22756da,xgb_boot5_sklearn_gbm_6c0f870bbc2fb077,0.7652044469059605,0.22925470610833648,0.5384615384615384,18.359177307817887,15.310130342012735
412,rf,multi_start_hill_climb,1024,rf300_seq303_08d9b60bf1f1f253,rf300_seq303_bb81b498f22756da,xgb_boot5_sklearn_gbm_6c0f870bbc2fb077,0.5071203874739503,0.44107194313706655,0.12359550561797752,18.342131817798947,10.123194408807958
412,rf,multi_start_beam,1024,rf300_seq303_08d9b60bf1f1f253,rf300_seq303_bb81b498f22756da,xgb_boot5_sklearn_gbm_6c0f870bbc2fb077,0.8481544633938696,0.020316027088036096,0.26582278481012656,18.13952546595416,13.761760248151926
412,rf,mutation_only_ga,1024,rf300_seq303_08d9b60bf1f1f253,rf300_seq303_bb81b498f22756da,xgb_boot5_sklearn_gbm_6c0f870bbc2fb077,0.4813978658467444,0.41421709894332365,0.05263157894736842,18.173358408387557,13.824970734668383
413,xgb,matched_seed_random_walk,1024,xgb_boot5_sklearn_gbm_30b2b209735b017e,xgb_boot5_sklearn_gbm_ac7f408a7969753f,rf300_seq303_a02913630468f487,0.30717887154861945,0.29334933973589433,0.28205128205128205,12.82876526417157,21.12341595700551
413,xgb,multi_start_hill_climb,1024,xgb_boot5_sklearn_gbm_30b2b209735b017e,xgb_boot5_sklearn_gbm_ac7f408a7969753f,rf300_seq303_a02913630468f487,0.14982352521785983,0.11832500960430273,0.0,15.825653176466966,21.174554546431985
413,xgb,multi_start_beam,1024,xgb_boot5_sklearn_gbm_30b2b209735b017e,xgb_boot5_sklearn_gbm_ac7f408a7969753f,rf300_seq303_a02913630468f487,0.16955582232893157,0.1533253301320528,0.041666666666666664,14.415206987637523,19.39428614448162
413,xgb,mutation_only_ga,1024,xgb_boot5_sklearn_gbm_30b2b209735b017e,xgb_boot5_sklearn_gbm_ac7f408a7969753f,rf300_seq303_a02913630468f487,0.28268907563025203,0.2775990396158463,0.0,10.99640817860033,19.210298772745762
413,rf,matched_seed_random_walk,1024,rf300_seq303_a02913630468f487,rf300_seq303_efa324362af84e12,xgb_boot5_sklearn_gbm_30b2b209735b017e,0.4593037214885954,0.16936374549819924,0.5625,19.9360981417851,16.278895990196716
413,rf,multi_start_hill_climb,1024,rf300_seq303_a02913630468f487,rf300_seq303_efa324362af84e12,xgb_boot5_sklearn_gbm_30b2b209735b017e,0.3840557117367429,0.09855907780979827,0.0,18.777815109397494,13.795595162472262
413,rf,multi_start_beam,1024,rf300_seq303_a02913630468f487,rf300_seq303_efa324362af84e12,xgb_boot5_sklearn_gbm_30b2b209735b017e,0.4872379775889392,-0.11881663625012007,0.2345679012345679,19.465227825455052,15.282851797503264
413,rf,mutation_only_ga,1024,rf300_seq303_a02913630468f487,rf300_seq303_efa324362af84e12,xgb_boot5_sklearn_gbm_30b2b209735b017e,0.1519437178288393,0.240899049082701,0.0,19.203983003908316,12.735633235884324
414,xgb,matched_seed_random_walk,1024,xgb_boot5_sklearn_gbm_15a9c011ce90f53d,xgb_boot5_sklearn_gbm_380e101923d0091b,rf300_seq303_8238324bdc167371,0.041440576230492215,-0.02693877551020409,0.21951219512195122,7.536347295401875,17.17042210930682
414,xgb,multi_start_hill_climb,1024,xgb_boot5_sklearn_gbm_15a9c011ce90f53d,xgb_boot5_sklearn_gbm_380e101923d0091b,rf300_seq303_8238324bdc167371,0.5132773109243698,0.14295318127250903,0.08695652173913043,9.021064561784788,19.5592155729596
414,xgb,multi_start_beam,1024,xgb_boot5_sklearn_gbm_15a9c011ce90f53d,xgb_boot5_sklearn_gbm_380e101923d0091b,rf300_seq303_8238324bdc167371,0.6409086550470742,0.4989673886941069,0.17647058823529413,7.476002462703218,18.277750013959103
414,xgb,mutation_only_ga,1024,xgb_boot5_sklearn_gbm_15a9c011ce90f53d,xgb_boot5_sklearn_gbm_380e101923d0091b,rf300_seq303_8238324bdc167371,0.05935459085670381,0.06338839800230506,0.0,12.364905643365125,17.928864611279195
414,rf,matched_seed_random_walk,1024,rf300_seq303_8238324bdc167371,rf300_seq303_3243ac7067f15321,xgb_boot5_sklearn_gbm_15a9c011ce90f53d,0.628730581947897,0.7020745293891661,0.5151515151515151,17.478465760137674,9.675472672159573
414,rf,multi_start_hill_climb,1024,rf300_seq303_8238324bdc167371,rf300_seq303_3243ac7067f15321,xgb_boot5_sklearn_gbm_15a9c011ce90f53d,0.6209563166048138,0.18386608755903672,0.17647058823529413,16.940764443782253,14.104632099893394
414,rf,multi_start_beam,1024,rf300_seq303_8238324bdc167371,rf300_seq303_3243ac7067f15321,xgb_boot5_sklearn_gbm_15a9c011ce90f53d,0.6139255702280912,0.5449699879951981,0.17647058823529413,16.98245014004001,13.835281989348857
414,rf,mutation_only_ga,1024,rf300_seq303_8238324bdc167371,rf300_seq303_3243ac7067f15321,xgb_boot5_sklearn_gbm_15a9c011ce90f53d,0.4125444241667468,0.30823167803284984,0.08695652173913043,16.898657481813906,13.804068197995742
415,xgb,matched_seed_random_walk,1024,xgb_boot5_sklearn_gbm_2baea0b766e1c5a4,xgb_boot5_sklearn_gbm_8e1713f202d5f8f0,rf300_seq303_02eb1245eefcc92b,0.36873949579831933,0.44643457382953183,0.08695652173913043,6.169241414444626,20.2897488387659
415,xgb,multi_start_hill_climb,1024,xgb_boot5_sklearn_gbm_2baea0b766e1c5a4,xgb_boot5_sklearn_gbm_8e1713f202d5f8f0,rf300_seq303_02eb1245eefcc92b,0.09647058823529411,-0.03241296518607443,0.0,15.169781763020845,21.346684935121456
415,xgb,multi_start_beam,1024,xgb_boot5_sklearn_gbm_2baea0b766e1c5a4,xgb_boot5_sklearn_gbm_8e1713f202d5f8f0,rf300_seq303_02eb1245eefcc92b,0.44585834333733493,0.020504201680672293,0.041666666666666664,10.406256923854674,20.99001553429044
415,xgb,mutation_only_ga,1024,xgb_boot5_sklearn_gbm_2baea0b766e1c5a4,xgb_boot5_sklearn_gbm_8e1713f202d5f8f0,rf300_seq303_02eb1245eefcc92b,-0.16504201680672267,-0.11865546218487392,0.0,15.086707398970015,19.70741922663004
415,rf,matched_seed_random_walk,1024,rf300_seq303_02eb1245eefcc92b,rf300_seq303_6b84d76cd88e6713,xgb_boot5_sklearn_gbm_2baea0b766e1c5a4,0.7014165666266508,0.23380552220888354,0.639344262295082,18.94159601502614,16.27288499837429
415,rf,multi_start_hill_climb,1024,rf300_seq303_02eb1245eefcc92b,rf300_seq303_6b84d76cd88e6713,xgb_boot5_sklearn_gbm_2baea0b766e1c5a4,0.6024009603841537,0.15015606242496998,0.010101010101010102,18.486253635359102,14.55767631527163
415,rf,multi_start_beam,1024,rf300_seq303_02eb1245eefcc92b,rf300_seq303_6b84d76cd88e6713,xgb_boot5_sklearn_gbm_2baea0b766e1c5a4,0.6787515006002401,-0.018871548619447807,0.08695652173913043,18.10276089668982,13.996239414147468
415,rf,mutation_only_ga,1024,rf300_seq303_02eb1245eefcc92b,rf300_seq303_6b84d76cd88e6713,xgb_boot5_sklearn_gbm_2baea0b766e1c5a4,0.7946698679471789,0.4165666266506603,0.14942528735632185,18.10276089668982,13.996239414147468
416,xgb,matched_seed_random_walk,1024,xgb_boot5_sklearn_gbm_788b6f4edd24f9a8,xgb_boot5_sklearn_gbm_ea8c93700f04cc1b,rf300_seq303_8626f2220f8dab10,0.25594852224717723,0.1518440261237034,0.35135135135135137,9.556073953762438,20.07079364371813
416,xgb,multi_start_hill_climb,1024,xgb_boot5_sklearn_gbm_788b6f4edd24f9a8,xgb_boot5_sklearn_gbm_ea8c93700f04cc1b,rf300_seq303_8626f2220f8dab10,0.08039766645373791,0.14750948652673038,0.13636363636363635,8.153248387581971,18.130838470302
416,xgb,multi_start_beam,1024,xgb_boot5_sklearn_gbm_788b6f4edd24f9a8,xgb_boot5_sklearn_gbm_ea8c93700f04cc1b,rf300_seq303_8626f2220f8dab10,0.354141656662665,0.16369747899159665,0.041666666666666664,10.037966720632994,18.49704127967941
416,xgb,mutation_only_ga,1024,xgb_boot5_sklearn_gbm_788b6f4edd24f9a8,xgb_boot5_sklearn_gbm_ea8c93700f04cc1b,rf300_seq303_8626f2220f8dab10,0.07621746309057406,0.01671590172684715,0.0,11.822203976528657,19.814052407332458
416,rf,matched_seed_random_walk,1024,rf300_seq303_8626f2220f8dab10,rf300_seq303_62a3c8c3d0091bd3,xgb_boot5_sklearn_gbm_788b6f4edd24f9a8,0.7884273709483793,-0.05824729891956781,0.639344262295082,17.776810884874603,15.329374127891167
416,rf,multi_start_hill_climb,1024,rf300_seq303_8626f2220f8dab10,rf300_seq303_62a3c8c3d0091bd3,xgb_boot5_sklearn_gbm_788b6f4edd24f9a8,0.3720226665833915,-0.02569274360082602,0.030927835051546393,16.95749745231098,14.211390989428228
416,rf,multi_start_beam,1024,rf300_seq303_8626f2220f8dab10,rf300_seq303_62a3c8c3d0091bd3,xgb_boot5_sklearn_gbm_788b6f4edd24f9a8,0.6466746698679472,0.5003121248499399,0.13636363636363635,16.9462318853829,12.378179398901286
416,rf,mutation_only_ga,1024,rf300_seq303_8626f2220f8dab10,rf300_seq303_62a3c8c3d0091bd3,xgb_boot5_sklearn_gbm_788b6f4edd24f9a8,0.3616326530612245,-0.22285714285714284,0.05263157894736842,16.89838227976958,13.174154080051627
417,xgb,matched_seed_random_walk,1024,xgb_boot5_sklearn_gbm_20890b1f53b3d61e,xgb_boot5_sklearn_gbm_6a0e4c28c42c425a,rf300_seq303_a51655e80d741636,0.09195678271308524,-0.10857142857142861,0.2987012987012987,10.392599111670737,17.747661386402825
417,xgb,multi_start_hill_climb,1024,xgb_boot5_sklearn_gbm_20890b1f53b3d61e,xgb_boot5_sklearn_gbm_6a0e4c28c42c425a,rf300_seq303_a51655e80d741636,0.32965186074429775,0.058151260504201656,0.0989010989010989,4.1164207418685255,16.055025318203057
417,xgb,multi_start_beam,1024,xgb_boot5_sklearn_gbm_20890b1f53b3d61e,xgb_boot5_sklearn_gbm_6a0e4c28c42c425a,rf300_seq303_a51655e80d741636,0.3478031212484994,0.3138055222088835,0.07526881720430108,7.445018537841257,16.687969285862536
417,xgb,mutation_only_ga,1024,xgb_boot5_sklearn_gbm_20890b1f53b3d61e,xgb_boot5_sklearn_gbm_6a0e4c28c42c425a,rf300_seq303_a51655e80d741636,0.08331332533013207,-0.10549819927971187,0.0,11.444156743667943,17.919934638333046
417,rf,matched_seed_random_walk,1024,rf300_seq303_a51655e80d741636,rf300_seq303_2ecbad2c81e410c5,xgb_boot5_sklearn_gbm_20890b1f53b3d61e,0.7750780312124849,0.14631452581032411,0.6666666666666666,16.87182536379157,15.228323683554555
417,rf,multi_start_hill_climb,1024,rf300_seq303_a51655e80d741636,rf300_seq303_2ecbad2c81e410c5,xgb_boot5_sklearn_gbm_20890b1f53b3d61e,0.4366562575066058,0.14369445111698295,0.05263157894736842,16.29838898858082,9.642078545107617
417,rf,multi_start_beam,1024,rf300_seq303_a51655e80d741636,rf300_seq303_2ecbad2c81e410c5,xgb_boot5_sklearn_gbm_20890b1f53b3d61e,0.5469650403380715,0.31156358048405686,0.16279069767441862,16.82393057139853,8.596349698599687
417,rf,mutation_only_ga,1024,rf300_seq303_a51655e80d741636,rf300_seq303_2ecbad2c81e410c5,xgb_boot5_sklearn_gbm_20890b1f53b3d61e,0.3353184132167899,0.21208337335510516,0.0,16.446586475775312,8.501838075002585
418,xgb,matched_seed_random_walk,1024,xgb_boot5_sklearn_gbm_99794a8d0f9ae763,xgb_boot5_sklearn_gbm_d178f5860e9be17d,rf300_seq303_3b0512284f83fc99,0.23909337566016797,0.2712605042016807,0.21951219512195122,9.78575403838752,17.49227852585876
418,xgb,multi_start_hill_climb,1024,xgb_boot5_sklearn_gbm_99794a8d0f9ae763,xgb_boot5_sklearn_gbm_d178f5860e9be17d,rf300_seq303_3b0512284f83fc99,0.4824489795918367,-0.29402160864345733,0.0,7.844830476641586,20.306066671679915
418,xgb,multi_start_beam,1024,xgb_boot5_sklearn_gbm_99794a8d0f9ae763,xgb_boot5_sklearn_gbm_d178f5860e9be17d,rf300_seq303_3b0512284f83fc99,-0.022040816326530623,0.36902761104441784,0.010101010101010102,11.060800170922956,17.568907224584855
418,xgb,mutation_only_ga,1024,xgb_boot5_sklearn_gbm_99794a8d0f9ae763,xgb_boot5_sklearn_gbm_d178f5860e9be17d,rf300_seq303_3b0512284f83fc99,0.26454416680294546,0.22070687668075298,0.0,9.78575403838752,17.49227852585876
418,rf,matched_seed_random_walk,1024,rf300_seq303_3b0512284f83fc99,rf300_seq303_1d4c628422ded16c,xgb_boot5_sklearn_gbm_99794a8d0f9ae763,0.2589257846072757,0.35164465786314525,0.7241379310344828,18.320067333764996,11.337925295299616
418,rf,multi_start_hill_climb,1024,rf300_seq303_3b0512284f83fc99,rf300_seq303_1d4c628422ded16c,xgb_boot5_sklearn_gbm_99794a8d0f9ae763,0.30804321728691475,0.27241296518607444,0.06382978723404255,16.995144707296944,8.950146568930899
418,rf,multi_start_beam,1024,rf300_seq303_3b0512284f83fc99,rf300_seq303_1d4c628422ded16c,xgb_boot5_sklearn_gbm_99794a8d0f9ae763,0.18814829043411446,0.24010756819054935,0.17647058823529413,17.698500174423245,7.702458254815909
418,rf,mutation_only_ga,1024,rf300_seq303_3b0512284f83fc99,rf300_seq303_1d4c628422ded16c,xgb_boot5_sklearn_gbm_99794a8d0f9ae763,0.33159638881772385,0.3976273954180875,0.06382978723404255,16.995144707296944,8.950146568930899
419,xgb,matched_seed_random_walk,1024,xgb_boot5_sklearn_gbm_30da3a608289f3a1,xgb_boot5_sklearn_gbm_856056ebe67e6545,rf300_seq303_61ad414551f11a8f,0.4383778723441803,0.4452554744525547,0.35135135135135137,12.585500770005108,18.339494476924667
419,xgb,multi_start_hill_climb,1024,xgb_boot5_sklearn_gbm_30da3a608289f3a1,xgb_boot5_sklearn_gbm_856056ebe67e6545,rf300_seq303_61ad414551f11a8f,0.35097238895558225,-0.12893466833652364,0.0,11.760405552124036,18.611894772217834
419,xgb,multi_start_beam,1024,xgb_boot5_sklearn_gbm_30da3a608289f3a1,xgb_boot5_sklearn_gbm_856056ebe67e6545,rf300_seq303_61ad414551f11a8f,0.49264087987500765,0.46350364963503643,0.05263157894736842,11.466685033950759,18.72526179237385
419,xgb,mutation_only_ga,1024,xgb_boot5_sklearn_gbm_30da3a608289f3a1,xgb_boot5_sklearn_gbm_856056ebe67e6545,rf300_seq303_61ad414551f11a8f,0.10770708283313324,0.1826170468187275,0.0,11.760405552124036,18.611894772217834
419,rf,matched_seed_random_walk,1024,rf300_seq303_61ad414551f11a8f,rf300_seq303_dcce11481ce38171,xgb_boot5_sklearn_gbm_30da3a608289f3a1,0.6538932509267941,0.5871110257395313,0.4492753623188406,18.618066650718045,8.87779593377444
419,rf,multi_start_hill_climb,1024,rf300_seq303_61ad414551f11a8f,rf300_seq303_dcce11481ce38171,xgb_boot5_sklearn_gbm_30da3a608289f3a1,0.07126392623895507,-0.35467838373689514,0.12359550561797752,17.856261124516585,12.045053803056746
419,rf,multi_start_beam,1024,rf300_seq303_61ad414551f11a8f,rf300_seq303_dcce11481ce38171,xgb_boot5_sklearn_gbm_30da3a608289f3a1,0.5988762972713924,0.4520482159150938,0.13636363636363635,18.26544988625191,11.246768630906711
419,rf,mutation_only_ga,1024,rf300_seq303_61ad414551f11a8f,rf300_seq303_dcce11481ce38171,xgb_boot5_sklearn_gbm_30da3a608289f3a1,0.5743577430972389,-0.17627851140456183,0.010101010101010102,17.388219585255648,11.558706875115977
420,xgb,matched_seed_random_walk,1024,xgb_boot5_sklearn_gbm_5404373c91cfbeba,xgb_boot5_sklearn_gbm_d44ba1dc8085c5bd,rf300_seq303_e0dc98e488aff7b1,0.7236535663599177,0.35529728172125635,0.26582278481012656,9.414913472379311,16.780918835890958
420,xgb,multi_start_hill_climb,1024,xgb_boot5_sklearn_gbm_5404373c91cfbeba,xgb_boot5_sklearn_gbm_d44ba1dc8085c5bd,rf300_seq303_e0dc98e488aff7b1,0.12080391888300115,-0.020939391028719632,0.0,7.712693229957535,17.706745290181196
420,xgb,multi_start_beam,1024,xgb_boot5_sklearn_gbm_5404373c91cfbeba,xgb_boot5_sklearn_gbm_d44ba1dc8085c5bd,rf300_seq303_e0dc98e488aff7b1,0.5225930372148859,0.3909243697478992,0.1111111111111111,7.78958406705363,18.107220965061554
420,xgb,mutation_only_ga,1024,xgb_boot5_sklearn_gbm_5404373c91cfbeba,xgb_boot5_sklearn_gbm_d44ba1dc8085c5bd,rf300_seq303_e0dc98e488aff7b1,0.24858336534767572,0.08960814444871304,0.0,7.761632585709867,18.03503376592399
420,rf,matched_seed_random_walk,1024,rf300_seq303_e0dc98e488aff7b1,rf300_seq303_2b31cf9f9fbaaf40,xgb_boot5_sklearn_gbm_5404373c91cfbeba,0.811641533929978,0.2827433840833774,0.5384615384615384,17.180055242367928,1.3324620947312864
420,rf,multi_start_hill_climb,1024,rf300_seq303_e0dc98e488aff7b1,rf300_seq303_2b31cf9f9fbaaf40,xgb_boot5_sklearn_gbm_5404373c91cfbeba,0.6038705346955142,0.38606348748979497,0.0,17.697842225864395,2.3991091943435343
420,rf,multi_start_beam,1024,rf300_seq303_e0dc98e488aff7b1,rf300_seq303_2b31cf9f9fbaaf40,xgb_boot5_sklearn_gbm_5404373c91cfbeba,0.6093303562466101,0.42575873991548213,0.12359550561797752,17.581556291690777,11.131676889407796
420,rf,mutation_only_ga,1024,rf300_seq303_e0dc98e488aff7b1,rf300_seq303_2b31cf9f9fbaaf40,xgb_boot5_sklearn_gbm_5404373c91cfbeba,0.5161243848288322,0.13956392277398905,0.0,17.464571624810166,5.788166721211392
421,xgb,matched_seed_random_walk,1024,xgb_boot5_sklearn_gbm_df8db04c666b280b,xgb_boot5_sklearn_gbm_b2dbe8cbf64e7673,rf300_seq303_3d5e00849fc84b35,0.39789670831897,0.4523889555822328,0.26582278481012656,10.62708022672198,21.89259692620969
421,xgb,multi_start_hill_climb,1024,xgb_boot5_sklearn_gbm_df8db04c666b280b,xgb_boot5_sklearn_gbm_b2dbe8cbf64e7673,rf300_seq303_3d5e00849fc84b35,0.22760127759125826,0.10959562001728941,0.0,10.109611234684644,19.347722646297406
421,xgb,multi_start_beam,1024,xgb_boot5_sklearn_gbm_df8db04c666b280b,xgb_boot5_sklearn_gbm_b2dbe8cbf64e7673,rf300_seq303_3d5e00849fc84b35,0.011693238570879779,0.2658470995005762,0.030927835051546393,16.088112610113892,22.067316919797435
421,xgb,mutation_only_ga,1024,xgb_boot5_sklearn_gbm_df8db04c666b280b,xgb_boot5_sklearn_gbm_b2dbe8cbf64e7673,rf300_seq303_3d5e00849fc84b35,0.08739705637708495,0.13373349339735896,0.0,13.297300782153837,20.33888169984338
421,rf,matched_seed_random_walk,1024,rf300_seq303_3d5e00849fc84b35,rf300_seq303_0ce92234f468ae0f,xgb_boot5_sklearn_gbm_df8db04c666b280b,0.8309723889555822,0.30717887154861945,0.6129032258064516,18.102314204491112,15.039980895917196
421,rf,multi_start_hill_climb,1024,rf300_seq303_3d5e00849fc84b35,rf300_seq303_0ce92234f468ae0f,xgb_boot5_sklearn_gbm_df8db04c666b280b,0.791828801996888,0.017867435158501456,0.1111111111111111,16.935541261805902,12.208797590760497
421,rf,multi_start_beam,1024,rf300_seq303_3d5e00849fc84b35,rf300_seq303_0ce92234f468ae0f,xgb_boot5_sklearn_gbm_df8db04c666b280b,0.7687394957983192,0.323313325330132,0.16279069767441862,17.790960912028996,14.878638878481604
421,rf,mutation_only_ga,1024,rf300_seq303_3d5e00849fc84b35,rf300_seq303_0ce92234f468ae0f,xgb_boot5_sklearn_gbm_df8db04c666b280b,0.7615617354985617,0.3189588935843257,0.1111111111111111,17.099260897290517,15.66370527646853
422,xgb,matched_seed_random_walk,1024,xgb_boot5_sklearn_gbm_e4d15322b669ce08,xgb_boot5_sklearn_gbm_7706bb5bf31accff,rf300_seq303_ec0015cde6faa23b,0.04936611601997697,0.013926238955051871,0.4492753623188406,13.605192950276408,19.891572068917426
422,xgb,multi_start_hill_climb,1024,xgb_boot5_sklearn_gbm_e4d15322b669ce08,xgb_boot5_sklearn_gbm_7706bb5bf31accff,rf300_seq303_ec0015cde6faa23b,0.02002400960384152,0.22055222088835533,0.0,12.07456402626084,17.898727336513307
422,xgb,multi_start_beam,1024,xgb_boot5_sklearn_gbm_e4d15322b669ce08,xgb_boot5_sklearn_gbm_7706bb5bf31accff,rf300_seq303_ec0015cde6faa23b,0.30252827207452465,-0.004369747899159688,0.05263157894736842,11.664324656527004,19.76374097825727
422,xgb,mutation_only_ga,1024,xgb_boot5_sklearn_gbm_e4d15322b669ce08,xgb_boot5_sklearn_gbm_7706bb5bf31accff,rf300_seq303_ec0015cde6faa23b,-0.1706684596666288,0.3583673469387754,0.0,12.749879562865736,16.630348481983848
422,rf,matched_seed_random_walk,1024,rf300_seq303_ec0015cde6faa23b,rf300_seq303_1c73986c8597d9ce,xgb_boot5_sklearn_gbm_e4d15322b669ce08,0.7829907798693815,0.5086316599703754,0.6666666666666666,16.536777744726404,12.590980213912887
422,rf,multi_start_hill_climb,1024,rf300_seq303_ec0015cde6faa23b,rf300_seq303_1c73986c8597d9ce,xgb_boot5_sklearn_gbm_e4d15322b669ce08,0.464828649572306,0.3796416390450112,0.030927835051546393,16.296972434409547,7.797975174203531
422,rf,multi_start_beam,1024,rf300_seq303_ec0015cde6faa23b,rf300_seq303_1c73986c8597d9ce,xgb_boot5_sklearn_gbm_e4d15322b669ce08,0.40971955436035346,-0.11577708951931416,0.14942528735632185,16.635723153299228,13.504469306916821
422,rf,mutation_only_ga,1024,rf300_seq303_ec0015cde6faa23b,rf300_seq303_1c73986c8597d9ce,xgb_boot5_sklearn_gbm_e4d15322b669ce08,0.32769718664050823,0.05677233429394812,0.02040816326530612,15.841564089000979,10.46766643688441
423,xgb,matched_seed_random_walk,1024,xgb_boot5_sklearn_gbm_f01a503a4103545a,xgb_boot5_sklearn_gbm_7e0a95ea9c4197bb,rf300_seq303_1f036ab042eb7694,0.18530612244897957,0.2076830732292917,0.13636363636363635,12.051849788924631,20.51833887796994
423,xgb,multi_start_hill_climb,1024,xgb_boot5_sklearn_gbm_f01a503a4103545a,xgb_boot5_sklearn_gbm_7e0a95ea9c4197bb,rf300_seq303_1f036ab042eb7694,-0.1500600240096038,-0.40360144057623043,0.0,13.461622297970735,20.479818449190578
423,xgb,multi_start_beam,1024,xgb_boot5_sklearn_gbm_f01a503a4103545a,xgb_boot5_sklearn_gbm_7e0a95ea9c4197bb,rf300_seq303_1f036ab042eb7694,0.33599039615846343,0.36422569027611046,0.0,8.93870718107137,18.077314446414945
423,xgb,mutation_only_ga,1024,xgb_boot5_sklearn_gbm_f01a503a4103545a,xgb_boot5_sklearn_gbm_7e0a95ea9c4197bb,rf300_seq303_1f036ab042eb7694,0.12316926770708285,0.004081632653061214,0.0,11.064373217584304,20.142116097538008
423,rf,matched_seed_random_walk,1024,rf300_seq303_1f036ab042eb7694,rf300_seq303_95054bdd6e8274b0,xgb_boot5_sklearn_gbm_f01a503a4103545a,0.7285954381752701,0.18569027611044417,0.5384615384615384,17.710240395479367,11.143709790740811
423,rf,multi_start_hill_climb,1024,rf300_seq303_1f036ab042eb7694,rf300_seq303_95054bdd6e8274b0,xgb_boot5_sklearn_gbm_f01a503a4103545a,0.15530157510564732,0.38215520553207843,0.1111111111111111,16.808520348962954,9.729673933986877
423,rf,multi_start_beam,1024,rf300_seq303_1f036ab042eb7694,rf300_seq303_95054bdd6e8274b0,xgb_boot5_sklearn_gbm_f01a503a4103545a,0.6377083033184459,0.44023435624069535,0.28205128205128205,17.603511836203584,12.084531768244332
423,rf,mutation_only_ga,1024,rf300_seq303_1f036ab042eb7694,rf300_seq303_95054bdd6e8274b0,xgb_boot5_sklearn_gbm_f01a503a4103545a,0.2891855551286976,0.4288321167883211,0.08695652173913043,17.158839657494717,8.786377672917203
424,xgb,matched_seed_random_walk,1024,xgb_boot5_sklearn_gbm_869e7078a80d1455,xgb_boot5_sklearn_gbm_d332baf6be3f6b87,rf300_seq303_77b337c6526fa32e,0.4215909910692602,0.44301973778994375,0.12359550561797752,14.75777727680033,20.720381265728985
424,xgb,multi_start_hill_climb,1024,xgb_boot5_sklearn_gbm_869e7078a80d1455,xgb_boot5_sklearn_gbm_d332baf6be3f6b87,rf300_seq303_77b337c6526fa32e,0.047504683222056795,0.06527691051443395,0.0,18.277724258245534,19.899919988980916
424,xgb,multi_start_beam,1024,xgb_boot5_sklearn_gbm_869e7078a80d1455,xgb_boot5_sklearn_gbm_d332baf6be3f6b87,rf300_seq303_77b337c6526fa32e,0.16494597839135652,0.29651860744297714,0.010101010101010102,13.96751220735499,21.016984601805582
424,xgb,mutation_only_ga,1024,xgb_boot5_sklearn_gbm_869e7078a80d1455,xgb_boot5_sklearn_gbm_d332baf6be3f6b87,rf300_seq303_77b337c6526fa32e,-0.01186188349421314,-0.0295346491859963,0.0,18.439967672528702,20.46553203216455
424,rf,matched_seed_random_walk,1024,rf300_seq303_77b337c6526fa32e,rf300_seq303_d4f8f2972b5a2e4f,xgb_boot5_sklearn_gbm_869e7078a80d1455,0.8567723987940337,0.008452598213428107,0.6129032258064516,17.585373548718945,20.525395715900018
424,rf,multi_start_hill_climb,1024,rf300_seq303_77b337c6526fa32e,rf300_seq303_d4f8f2972b5a2e4f,xgb_boot5_sklearn_gbm_869e7078a80d1455,0.6346324802097827,0.13449576102060906,0.06382978723404255,17.20933013199703,14.521012815320097
424,rf,multi_start_beam,1024,rf300_seq303_77b337c6526fa32e,rf300_seq303_d4f8f2972b5a2e4f,xgb_boot5_sklearn_gbm_869e7078a80d1455,0.74635036582407,0.4099695057248291,0.13636363636363635,17.29318088784004,11.631760355233725
424,rf,mutation_only_ga,1024,rf300_seq303_77b337c6526fa32e,rf300_seq303_d4f8f2972b5a2e4f,xgb_boot5_sklearn_gbm_869e7078a80d1455,0.5638205922751515,0.29221792694571685,0.13636363636363635,17.289417690132694,12.76024440047514
425,xgb,matched_seed_random_walk,1024,xgb_boot5_sklearn_gbm_309c93bbdf7d475f,xgb_boot5_sklearn_gbm_4bd3428f44835de5,rf300_seq303_1b647330ffd47455,0.28278511404561824,0.31591836734693873,0.07526881720430108,14.239991392550024,22.087888268034714
425,xgb,multi_start_hill_climb,1024,xgb_boot5_sklearn_gbm_309c93bbdf7d475f,xgb_boot5_sklearn_gbm_4bd3428f44835de5,rf300_seq303_1b647330ffd47455,-0.08608762579796364,-0.3702974102724259,0.0,14.081796562172752,21.754113841889676
425,xgb,multi_start_beam,1024,xgb_boot5_sklearn_gbm_309c93bbdf7d475f,xgb_boot5_sklearn_gbm_4bd3428f44835de5,rf300_seq303_1b647330ffd47455,0.06627446273972164,0.2664553467137161,0.010101010101010102,14.081796562172752,21.754113841889676
425,xgb,mutation_only_ga,1024,xgb_boot5_sklearn_gbm_309c93bbdf7d475f,xgb_boot5_sklearn_gbm_4bd3428f44835de5,rf300_seq303_1b647330ffd47455,0.11167683379038805,0.2658659648079572,0.0,12.394191454384238,17.932753394467227
425,rf,matched_seed_random_walk,1024,rf300_seq303_1b647330ffd47455,rf300_seq303_170e8fe88118c325,xgb_boot5_sklearn_gbm_309c93bbdf7d475f,0.9091476590636255,0.5173109243697479,0.7241379310344828,17.50674418616786,8.069070026061535
425,rf,multi_start_hill_climb,1024,rf300_seq303_1b647330ffd47455,rf300_seq303_170e8fe88118c325,xgb_boot5_sklearn_gbm_309c93bbdf7d475f,0.38657924720936687,-0.31081860107609527,0.02040816326530612,17.68618068161523,11.886604215150504
425,rf,multi_start_beam,1024,rf300_seq303_1b647330ffd47455,rf300_seq303_170e8fe88118c325,xgb_boot5_sklearn_gbm_309c93bbdf7d475f,0.1919196780572459,0.2311461235469305,0.20481927710843373,17.418269452806292,8.258600536654919
425,rf,mutation_only_ga,1024,rf300_seq303_1b647330ffd47455,rf300_seq303_170e8fe88118c325,xgb_boot5_sklearn_gbm_309c93bbdf7d475f,0.03482897770945422,0.28650349490646415,0.0,17.41821130355057,9.126960973882367
426,xgb,matched_seed_random_walk,1024,xgb_boot5_sklearn_gbm_208c774142b505ad,xgb_boot5_sklearn_gbm_90476281c311ac02,rf300_seq303_3984e3edad6fb537,0.295078031212485,0.10357743097238897,0.3157894736842105,12.034965019348718,20.875721325552448
426,xgb,multi_start_hill_climb,1024,xgb_boot5_sklearn_gbm_208c774142b505ad,xgb_boot5_sklearn_gbm_90476281c311ac02,rf300_seq303_3984e3edad6fb537,-0.04091334727103096,0.07990588011619192,0.0,16.880525651393143,21.108500317996118
426,xgb,multi_start_beam,1024,xgb_boot5_sklearn_gbm_208c774142b505ad,xgb_boot5_sklearn_gbm_90476281c311ac02,rf300_seq303_3984e3edad6fb537,0.37229291716686674,0.33118847539015606,0.12359550561797752,16.22333059296157,21.08802700147082
426,xgb,mutation_only_ga,1024,xgb_boot5_sklearn_gbm_208c774142b505ad,xgb_boot5_sklearn_gbm_90476281c311ac02,rf300_seq303_3984e3edad6fb537,0.09003601440576231,0.2480192076830732,0.0,16.880525651393143,21.108500317996118
426,rf,matched_seed_random_walk,1024,rf300_seq303_3984e3edad6fb537,rf300_seq303_c7f2860501d6d56e,xgb_boot5_sklearn_gbm_208c774142b505ad,0.7283073229291717,0.3139015606242497,0.639344262295082,19.382809814425496,17.723051345422057
426,rf,multi_start_hill_climb,1024,rf300_seq303_3984e3edad6fb537,rf300_seq303_c7f2860501d6d56e,xgb_boot5_sklearn_gbm_208c774142b505ad,0.3840188240920594,-0.10920092201306184,0.02040816326530612,19.382809814425496,17.723051345422057
426,rf,multi_start_beam,1024,rf300_seq303_3984e3edad6fb537,rf300_seq303_c7f2860501d6d56e,xgb_boot5_sklearn_gbm_208c774142b505ad,0.547143989209069,0.2698809066461775,0.4084507042253521,19.382809814425496,17.723051345422057
426,rf,mutation_only_ga,1024,rf300_seq303_3984e3edad6fb537,rf300_seq303_c7f2860501d6d56e,xgb_boot5_sklearn_gbm_208c774142b505ad,0.5151020408163265,-0.033085234093637415,0.12359550561797752,19.382809814425496,17.723051345422057
427,xgb,matched_seed_random_walk,1024,xgb_boot5_sklearn_gbm_43eb7fa61cee61a7,xgb_boot5_sklearn_gbm_a73fb3a55c6ca23d,rf300_seq303_c81ea0ea73c81665,0.6466746698679472,0.053061224489795916,0.26582278481012656,10.991333808279904,19.33678470877758
427,xgb,multi_start_hill_climb,1024,xgb_boot5_sklearn_gbm_43eb7fa61cee61a7,xgb_boot5_sklearn_gbm_a73fb3a55c6ca23d,rf300_seq303_c81ea0ea73c81665,-0.25115854748572364,-0.27366146458583435,0.0,11.554464934049966,19.886940000392645
427,xgb,multi_start_beam,1024,xgb_boot5_sklearn_gbm_43eb7fa61cee61a7,xgb_boot5_sklearn_gbm_a73fb3a55c6ca23d,rf300_seq303_c81ea0ea73c81665,0.23693245943106422,0.046530612244897976,0.05263157894736842,11.337209433376483,19.99975662359835
427,xgb,mutation_only_ga,1024,xgb_boot5_sklearn_gbm_43eb7fa61cee61a7,xgb_boot5_sklearn_gbm_a73fb3a55c6ca23d,rf300_seq303_c81ea0ea73c81665,0.2201306187709135,0.27721488595438176,0.0,11.554464934049966,19.886940000392645
427,rf,matched_seed_random_walk,1024,rf300_seq303_c81ea0ea73c81665,rf300_seq303_0ae4270a140ac363,xgb_boot5_sklearn_gbm_43eb7fa61cee61a7,0.4793507496883199,0.16139255702280914,0.6666666666666666,17.149826984006566,10.156406332988364
427,rf,multi_start_hill_climb,1024,rf300_seq303_c81ea0ea73c81665,rf300_seq303_0ae4270a140ac363,xgb_boot5_sklearn_gbm_43eb7fa61cee61a7,0.4272404187878206,0.43934300259341086,0.02040816326530612,16.486573445399873,8.621837914680134
427,rf,multi_start_beam,1024,rf300_seq303_c81ea0ea73c81665,rf300_seq303_0ae4270a140ac363,xgb_boot5_sklearn_gbm_43eb7fa61cee61a7,0.5695898575390259,0.3738084376902975,0.0989010989010989,16.448829093422756,8.59460452700893
427,rf,mutation_only_ga,1024,rf300_seq303_c81ea0ea73c81665,rf300_seq303_0ae4270a140ac363,xgb_boot5_sklearn_gbm_43eb7fa61cee61a7,0.4440336134453781,0.15889555822328932,0.041666666666666664,16.486573445399873,8.621837914680134
428,xgb,matched_seed_random_walk,1024,xgb_boot5_sklearn_gbm_4ef2fd3479f32e06,xgb_boot5_sklearn_gbm_307f5802dbdaec6b,rf300_seq303_b5357cea7fac3ffa,0.07702650787552824,0.07241644256626965,0.2345679012345679,14.906432641623194,20.493580223606166
428,xgb,multi_start_hill_climb,1024,xgb_boot5_sklearn_gbm_4ef2fd3479f32e06,xgb_boot5_sklearn_gbm_307f5802dbdaec6b,rf300_seq303_b5357cea7fac3ffa,0.03136256721821045,0.017918047749435576,0.0,11.391554222122645,17.88988219919123
428,xgb,multi_start_beam,1024,xgb_boot5_sklearn_gbm_4ef2fd3479f32e06,xgb_boot5_sklearn_gbm_307f5802dbdaec6b,rf300_seq303_b5357cea7fac3ffa,0.3718361287026278,0.1011095633796052,0.010101010101010102,11.869210530654684,18.719811957619168
428,xgb,mutation_only_ga,1024,xgb_boot5_sklearn_gbm_4ef2fd3479f32e06,xgb_boot5_sklearn_gbm_307f5802dbdaec6b,rf300_seq303_b5357cea7fac3ffa,0.2758885737756512,-0.28458877786318215,0.0,7.42970709650127,20.335087981171778
428,rf,matched_seed_random_walk,1024,rf300_seq303_b5357cea7fac3ffa,rf300_seq303_381f959e3fd6a38c,xgb_boot5_sklearn_gbm_4ef2fd3479f32e06,0.7792585131206593,0.40169051964268565,0.6666666666666666,17.05321077704304,15.385116613992489
428,rf,multi_start_hill_climb,1024,rf300_seq303_b5357cea7fac3ffa,rf300_seq303_381f959e3fd6a38c,xgb_boot5_sklearn_gbm_4ef2fd3479f32e06,0.19731027948866078,0.1293111730233452,0.030927835051546393,17.573415682843745,12.819080859702847
428,rf,multi_start_beam,1024,rf300_seq303_b5357cea7fac3ffa,rf300_seq303_381f959e3fd6a38c,xgb_boot5_sklearn_gbm_4ef2fd3479f32e06,0.310973413877298,0.3435886360000483,0.14942528735632185,17.095553225514642,15.188162061799364
428,rf,mutation_only_ga,1024,rf300_seq303_b5357cea7fac3ffa,rf300_seq303_381f959e3fd6a38c,xgb_boot5_sklearn_gbm_4ef2fd3479f32e06,0.32589640281903465,-0.15714628873408595,0.030927835051546393,17.032548106128342,10.109772644896
429,xgb,matched_seed_random_walk,1024,xgb_boot5_sklearn_gbm_5a63220a621e894f,xgb_boot5_sklearn_gbm_5ffeb040fee06b71,rf300_seq303_f21f0f72fc47ebf9,0.15645409143296196,0.5312139838647714,0.4925373134328358,11.862258475077487,19.690826867760435
429,xgb,multi_start_hill_climb,1024,xgb_boot5_sklearn_gbm_5a63220a621e894f,xgb_boot5_sklearn_gbm_5ffeb040fee06b71,rf300_seq303_f21f0f72fc47ebf9,0.6135043009617077,0.49406962785114045,0.0,9.088909276052561,19.89485342446641
429,xgb,multi_start_beam,1024,xgb_boot5_sklearn_gbm_5a63220a621e894f,xgb_boot5_sklearn_gbm_5ffeb040fee06b71,rf300_seq303_f21f0f72fc47ebf9,0.5571109565320067,0.4402612370341913,0.02040816326530612,10.006090091017706,19.704870745249963
429,xgb,mutation_only_ga,1024,xgb_boot5_sklearn_gbm_5a63220a621e894f,xgb_boot5_sklearn_gbm_5ffeb040fee06b71,rf300_seq303_f21f0f72fc47ebf9,0.3340376488666922,0.06646177487514403,0.0,9.088909276052561,19.89485342446641
429,rf,matched_seed_random_walk,1024,rf300_seq303_f21f0f72fc47ebf9,rf300_seq303_9a02a703413f32e3,xgb_boot5_sklearn_gbm_5a63220a621e894f,0.2409719554360353,0.5360161352285824,0.5151515151515151,19.22185404600682,11.505610870128637
429,rf,multi_start_hill_climb,1024,rf300_seq303_f21f0f72fc47ebf9,rf300_seq303_9a02a703413f32e3,xgb_boot5_sklearn_gbm_5a63220a621e894f,0.5780736288643405,-0.20523042199909422,0.0,17.485639097502027,11.58644610641949
429,rf,multi_start_beam,1024,rf300_seq303_f21f0f72fc47ebf9,rf300_seq303_9a02a703413f32e3,xgb_boot5_sklearn_gbm_5a63220a621e894f,0.3473876300586362,0.05632653061224491,0.030927835051546393,18.61732434538853,10.847867130257976
429,rf,mutation_only_ga,1024,rf300_seq303_f21f0f72fc47ebf9,rf300_seq303_9a02a703413f32e3,xgb_boot5_sklearn_gbm_5a63220a621e894f,0.5848821021968081,0.23328851325393773,0.041666666666666664,17.889142123344886,10.169031749579393
430,xgb,matched_seed_random_walk,1024,xgb_boot5_sklearn_gbm_8e1c88ef123c07a7,xgb_boot5_sklearn_gbm_02cc68748cd8c54d,rf300_seq303_fd3f7d3e061dada2,0.5284513805522209,0.36115246098439374,0.4084507042253521,12.3122823937776,20.50675860962194
430,xgb,multi_start_hill_climb,1024,xgb_boot5_sklearn_gbm_8e1c88ef123c07a7,xgb_boot5_sklearn_gbm_02cc68748cd8c54d,rf300_seq303_fd3f7d3e061dada2,0.3409609344452463,0.2457977139563923,0.0,8.624052929639268,19.241753825551854
430,xgb,multi_start_beam,1024,xgb_boot5_sklearn_gbm_8e1c88ef123c07a7,xgb_boot5_sklearn_gbm_02cc68748cd8c54d,rf300_seq303_fd3f7d3e061dada2,0.1546735816431816,0.17839135654261704,0.030927835051546393,13.82857125692396,21.806158981672112
430,xgb,mutation_only_ga,1024,xgb_boot5_sklearn_gbm_8e1c88ef123c07a7,xgb_boot5_sklearn_gbm_02cc68748cd8c54d,rf300_seq303_fd3f7d3e061dada2,0.4185834333733493,0.17262905162064826,0.0,8.624052929639268,19.241753825551854
430,rf,matched_seed_random_walk,1024,rf300_seq303_fd3f7d3e061dada2,rf300_seq303_1c52fb06611be0c3,xgb_boot5_sklearn_gbm_8e1c88ef123c07a7,0.6679951980792317,0.37373349339735895,0.4925373134328358,20.7277208941009,15.662799664911514
430,rf,multi_start_hill_climb,1024,rf300_seq303_fd3f7d3e061dada2,rf300_seq303_1c52fb06611be0c3,xgb_boot5_sklearn_gbm_8e1c88ef123c07a7,0.49277241739084787,0.2696796503530089,0.0,18.454445942409446,9.942404858819462
430,rf,multi_start_beam,1024,rf300_seq303_fd3f7d3e061dada2,rf300_seq303_1c52fb06611be0c3,xgb_boot5_sklearn_gbm_8e1c88ef123c07a7,0.6355319727392097,0.24195562385937955,0.17647058823529413,19.02061711541917,15.803669300624572
430,rf,mutation_only_ga,1024,rf300_seq303_fd3f7d3e061dada2,rf300_seq303_1c52fb06611be0c3,xgb_boot5_sklearn_gbm_8e1c88ef123c07a7,0.5877353060945049,0.08101618402727756,0.0,18.364335047209863,11.44655271460508
