canonical_index,truth,prediction
1719,32.5387931917794,32.7626605384288
501,26.2123708846448,27.702580550640036
369,22.6464589860079,22.353272256104173
153,15.3428973390146,30.331273037713235
155,15.3639699125815,23.56041778160188
173,16.1184373208926,25.81643792414869
1433,32.7390266224902,21.383763363645343
452,25.0858360967832,26.350604144736113
796,33.1585119462216,29.52142127285761
144,15.1167596844607,27.84109084295035
1052,38.7754402298378,22.971306097237278
1590,31.8301623284933,28.815886000501102
612,28.8456506716393,24.669542580436485
1428,6.28859501111583,23.67174321244929
981,45.8896239717033,29.02987300156594
1711,24.5568130179345,31.537220681124424
1747,19.3753708244731,38.887876922163066
1220,1.06826830975842,28.827493668673895
215,17.4262831822816,20.892635683616078
998,71.7477051336355,22.746915071794284
278,19.7087412574547,24.25182569861269
1129,34.0868177932098,27.419194324801424
1045,31.3533004161836,40.64259924913189
1305,30.6348263984873,25.934679929851207
1418,59.2944326947327,20.96857690872253
857,35.236025064085,25.010591902487054
1676,37.3271060934057,25.56453528172476
1364,13.372883358752,21.3806823939156
954,41.8037981428752,19.463275945642458
430,24.5034905989414,26.265309949050028
641,29.5563648386851,20.63409179014418
1126,35.6384161186179,35.69658104480992
357,22.1464903203523,26.180227467981762
1151,36.2562653477107,27.04188445570937
1425,22.1770859719181,31.25978332986023
1463,6.73450753945872,20.67249519796544
1004,24.2335265788606,19.391526544356115
451,25.07516164142,27.140567181062476
697,30.7820206754186,27.013304529717562
804,33.3866834136534,29.226190628772205
10,3.19723738387984,25.560074117278816
1556,13.3075882585727,25.42067424749648
711,31.1199974636656,28.869134492786195
1263,27.8849943180794,28.181655805153703
1586,11.1514320625101,25.57876812455863
545,27.4849557941816,24.46592845545388
1878,44.5731027966867,28.517178900304657
316,20.7946255468632,27.268115041712342
71,11.3435201755783,25.48558288546955
1868,27.855509418514,27.679311821698224
1732,29.3504368821996,21.99078347709644
1842,24.1657358816301,25.815966156954275
1805,26.4109174560144,32.518992214440416
756,32.1626804015141,37.64452523800919
1130,37.7845022867295,32.549936597845594
1389,29.2950750682139,32.33343943407196
374,22.828090596362,26.746223296007862
270,19.352612672581,19.609049684559544
946,41.0615825223067,26.325226517222266
930,38.9639414816156,22.05373577105198
1690,5.38251813034731,23.682057781864565
633,29.3636288370726,28.906678492002598
1125,24.2403400188523,24.971690147117105
1723,42.0922935350281,23.92357142447432
280,19.7269950821792,28.992348482746916
1108,35.2412399859459,32.96398690974267
1466,28.4256469087959,32.740195733555176
742,31.642439177318,25.70737417016258
1430,8.104833661866,19.579814396081396
990,52.2671708633061,24.511153198071447
1860,33.977628401346,21.195729699503293
774,32.5030524780232,25.5788769421059
1681,31.879891002096,31.35639664986384
970,43.9242556219397,29.243740970024586
1887,17.1327724287839,27.923601732265215
1978,34.9431180804822,28.951687104413182
1107,25.3221000761914,19.15998302255346
507,26.3506080078405,26.501403969215886
1604,16.3759881836377,25.33338520958257
438,24.6831868651316,22.757721643391935
440,24.8671631489888,27.28736967866645
1240,35.1994080686454,24.619473422149184
1328,26.2860720499739,25.088741422667358
1991,30.422895297892,27.4953732953714
794,33.0826228898732,28.95036756995513
1,-0.128988702253992,24.391618278458626
1479,23.8054327482459,24.317677167770317
799,33.2277328546588,23.57298113944761
1173,27.43764989806,33.10533135585347
746,31.8374265910716,27.11337410939505
1225,39.0070201434064,31.788151493229584
508,26.3591414606271,27.06286806726389
1824,109.082339925157,25.203831032752515
1993,43.200763660443,27.897391812747006
1499,31.8753102125011,32.8948100402075
1116,34.7624791595699,33.774755862549476
379,22.9161858247135,19.72348270026855
413,23.9243787681517,20.549890738303432
20,5.28029423850603,20.94290997665226
1283,14.4389422469503,29.357074710589234
1577,15.1624010016894,31.17917227629003
19,4.74393837252501,21.366498909796583
34,7.37935301607286,15.675296403593626
1099,15.5620062652415,22.1836173281079
449,24.9753140811445,29.02596363970048
885,36.2790632078977,25.144018489442214
303,20.2935232909804,25.64516458883388
464,25.346934813806,24.36262220607973
792,33.0758591071026,29.98329514276324
915,38.0161039292652,48.72691205544809
1189,36.3718339011539,28.688132043683822
83,11.9454085997932,16.40674617775291
111,13.7317611616236,26.178871218312004
344,21.7647490355375,24.581607762748202
1149,31.0921683276538,32.01763476474079
673,30.2971041502606,22.841620207320027
613,28.8903135734909,19.11775707144935
1248,32.3935671277177,32.6601616156658
765,32.3268533081609,30.02507298753517
949,41.5326060912012,33.85790683831331
1509,36.6362345872585,28.160627675158686
154,15.3542243807606,23.834859206691583
653,29.8025908465061,21.440244674535958
853,35.0773519300928,29.13680941135979
266,19.2158319378541,26.592463805353923
1164,32.1345084340064,32.56795693031115
73,11.4421042904905,25.037898616285798
1656,43.7814020956539,33.05756874654853
1199,37.4303923086409,36.630559473606525
450,25.0541888699554,29.48006576847061
1864,13.6151345917388,25.518929856335316
294,20.1121567244554,26.35119926329436
1378,33.1916841388011,28.099886871668165
684,30.4943168614445,26.51028783198421
1825,17.0539558304117,21.815931585856422
1635,31.3478128780262,20.765540589279883
1112,36.3116472941038,27.226132545861507
424,24.1728802525176,20.7310576614867
760,32.2526631374822,27.048985842155975
30,6.89403373511232,25.158434708225965
1985,28.5938607123644,31.780364465802073
1186,29.0728671482393,29.240588112201806
180,16.4785033072876,29.29787549472229
726,31.3314767133706,22.94325998553892
220,17.6024517932892,23.433383723461784
989,50.393843757116,22.409285706748143
962,42.9937408993865,25.83201344477552
903,37.3303514770596,26.0828619553517
754,32.1254442946702,27.423926246280313
834,34.2917046945113,26.852158648740208
808,33.4786169228391,27.418524204388717
12,3.43182911266194,25.794638003648224
688,30.5611078710135,25.303289454671404
469,25.3842801192186,19.864406692981362
701,30.9561127008092,27.32199943057059
1260,9.9902428703499,19.68820823647335
1795,26.2253660896713,30.443239274381266
2,1.31582066329793,20.666754613566116
302,20.2873003306777,23.97316865895574
749,31.9783064495241,22.020104712588207
1765,11.584661807985,27.37377264484166
878,35.9949887697003,22.638786206064783
16,4.37453074478617,26.20678683269213
1717,22.2782975099617,29.72888140363132
1999,19.0309524037657,29.483506984211246
326,21.2639685040485,15.982977413697258
1951,31.9188351549747,30.823811532809476
1934,10.3299485317293,16.16080823843693
1708,23.9684774922025,29.62100987131247
1518,14.0325705291543,29.113320253391855
107,13.4098124968441,23.707389014472373
827,34.140714363919,25.307876530559138
7,2.78908783021689,22.063215091440767
1783,19.2653491320307,25.815064009421743
1065,23.40121111193,20.582440634370407
1827,30.212112882713,27.497107424454708
714,31.1390451271727,21.353324936229722
1370,44.146294261951,25.428904855005904
642,29.5951588647804,30.512165093562306
1612,18.378114283405,29.704743930007805
587,28.4505023033089,21.394068795511537
93,12.4931939351663,24.944427617924745
607,28.7952495748323,23.872774790976816
377,22.8980276419497,24.904357831958905
1458,24.8962385404484,26.95405981712098
275,19.442622023962,23.28144094168597
103,13.1838526989486,19.677669444022012
667,30.1820292426273,25.94298407032915
230,18.0315481654143,18.524087979840505
1314,24.6687143217023,25.60798479815451
1427,24.0910623509335,27.569587331273144
1456,34.3556346237092,31.641305291235366
1543,28.0165108141664,35.10929689001881
908,37.642999117008,31.417646653734874
127,14.4866901824898,22.260476325785454
279,19.7113784357607,27.64116526365451
35,7.51139606782453,26.962926450969434
221,17.7289942939096,26.42857659035939
1748,17.1006809454084,28.55247320573665
922,38.3856537676584,23.284445828450597
