seed,proxy,budget,policy,baseline,common_n,policy_best,baseline_best,delta
9901,xgb,128,multi_start_hill_climb,matched_seed_random_walk,128,6.886517606300234,8.92316662532665,-2.0366490190264157
9901,xgb,128,multi_start_beam,matched_seed_random_walk,128,7.772858286137101,8.92316662532665,-1.1503083391895483
9901,xgb,128,mutation_only_ga,matched_seed_random_walk,128,8.92316662532665,8.92316662532665,0.0
9901,xgb,128,iterated_local_search,matched_seed_random_walk,128,11.371304008391865,8.92316662532665,2.448137383065216
9901,xgb,128,simulated_annealing,matched_seed_random_walk,128,8.24202773006158,8.92316662532665,-0.6811388952650699
9901,xgb,128,mutation_only_adalead,matched_seed_random_walk,128,6.886517606300234,8.92316662532665,-2.0366490190264157
9901,xgb,128,mutation_only_ga,multi_start_hill_climb,128,8.92316662532665,6.886517606300234,2.0366490190264157
9901,xgb,128,iterated_local_search,multi_start_hill_climb,128,11.371304008391865,6.886517606300234,4.484786402091632
9901,xgb,128,simulated_annealing,multi_start_hill_climb,128,8.24202773006158,6.886517606300234,1.3555101237613458
9901,xgb,128,mutation_only_adalead,multi_start_hill_climb,128,6.886517606300234,6.886517606300234,0.0
9901,xgb,128,mutation_only_ga,multi_start_beam,128,8.92316662532665,7.772858286137101,1.1503083391895483
9901,rf,128,multi_start_hill_climb,matched_seed_random_walk,128,18.701208158455668,18.337457691704373,0.36375046675129497
9901,rf,128,multi_start_beam,matched_seed_random_walk,128,18.312704289842355,18.337457691704373,-0.02475340186201791
9901,rf,128,mutation_only_ga,matched_seed_random_walk,128,18.206042095548643,18.337457691704373,-0.13141559615572973
9901,rf,128,iterated_local_search,matched_seed_random_walk,128,18.312704289842355,18.337457691704373,-0.02475340186201791
9901,rf,128,simulated_annealing,matched_seed_random_walk,128,18.861574113979454,18.337457691704373,0.5241164222750818
9901,rf,128,mutation_only_adalead,matched_seed_random_walk,128,18.15428059804597,18.337457691704373,-0.1831770936584043
9901,rf,128,mutation_only_ga,multi_start_hill_climb,128,18.206042095548643,18.701208158455668,-0.4951660629070247
9901,rf,128,iterated_local_search,multi_start_hill_climb,128,18.312704289842355,18.701208158455668,-0.3885038686133129
9901,rf,128,simulated_annealing,multi_start_hill_climb,128,18.861574113979454,18.701208158455668,0.16036595552378685
9901,rf,128,mutation_only_adalead,multi_start_hill_climb,128,18.15428059804597,18.701208158455668,-0.5469275604096993
9901,rf,128,mutation_only_ga,multi_start_beam,128,18.206042095548643,18.312704289842355,-0.10666219429371182
9902,xgb,128,multi_start_hill_climb,matched_seed_random_walk,128,10.67846846446125,11.671481553775035,-0.9930130893137843
9902,xgb,128,multi_start_beam,matched_seed_random_walk,128,11.942313736401275,11.671481553775035,0.27083218262623987
9902,xgb,128,mutation_only_ga,matched_seed_random_walk,128,11.872246872264672,11.671481553775035,0.20076531848963697
9902,xgb,128,iterated_local_search,matched_seed_random_walk,128,12.252435854460765,11.671481553775035,0.5809543006857307
9902,xgb,128,simulated_annealing,matched_seed_random_walk,128,10.644191228046662,11.671481553775035,-1.027290325728373
9902,xgb,128,mutation_only_adalead,matched_seed_random_walk,128,6.984425575759937,11.671481553775035,-4.687055978015097
9902,xgb,128,mutation_only_ga,multi_start_hill_climb,128,11.872246872264672,10.67846846446125,1.1937784078034213
9902,xgb,128,iterated_local_search,multi_start_hill_climb,128,12.252435854460765,10.67846846446125,1.573967389999515
9902,xgb,128,simulated_annealing,multi_start_hill_climb,128,10.644191228046662,10.67846846446125,-0.034277236414588685
9902,xgb,128,mutation_only_adalead,multi_start_hill_climb,128,6.984425575759937,10.67846846446125,-3.694042888701313
9902,xgb,128,mutation_only_ga,multi_start_beam,128,11.872246872264672,11.942313736401275,-0.0700668641366029
9902,rf,128,multi_start_hill_climb,matched_seed_random_walk,128,17.163896360792805,16.814446351663598,0.34945000912920676
9902,rf,128,multi_start_beam,matched_seed_random_walk,128,17.744154408469402,16.814446351663598,0.9297080568058043
9902,rf,128,mutation_only_ga,matched_seed_random_walk,128,16.382485636910285,16.814446351663598,-0.43196071475331266
9902,rf,128,iterated_local_search,matched_seed_random_walk,128,16.806163303746725,16.814446351663598,-0.008283047916872732
9902,rf,128,simulated_annealing,matched_seed_random_walk,128,16.89905154542673,16.814446351663598,0.08460519376313158
9902,rf,128,mutation_only_adalead,matched_seed_random_walk,128,16.077123181098653,16.814446351663598,-0.7373231705649452
9902,rf,128,mutation_only_ga,multi_start_hill_climb,128,16.382485636910285,17.163896360792805,-0.7814107238825194
9902,rf,128,iterated_local_search,multi_start_hill_climb,128,16.806163303746725,17.163896360792805,-0.3577330570460795
9902,rf,128,simulated_annealing,multi_start_hill_climb,128,16.89905154542673,17.163896360792805,-0.2648448153660752
9902,rf,128,mutation_only_adalead,multi_start_hill_climb,128,16.077123181098653,17.163896360792805,-1.086773179694152
9902,rf,128,mutation_only_ga,multi_start_beam,128,16.382485636910285,17.744154408469402,-1.361668771559117
