seed,proxy,budget,policy,arm,actual_predictions,stop_reason,model_id,seconds,prediction_seconds,prediction_calls,proposed,scored_children,feasibility,n_groups,archive,best_pred_gbsa,best_candidate_id,diversity_top50,ood_fraction_top50,min_train_hamming_top50,n_exportable
9901,xgb,128,matched_seed_random_walk,main,128,budget_exhausted,xgb_boot5_sklearn_gbm_e890f2993e6a41e4,0.18174959998577833,0.08793809998314828,2,112,112,1.0,2,subruns\s9901_xgb_128_matched_seed_random_walk_main,8.92316662532665,3a8e7b8ead95b093,8.694693877551021,0.0,2.12,120
9901,xgb,128,multi_start_hill_climb,main,128,budget_exhausted,xgb_boot5_sklearn_gbm_e890f2993e6a41e4,0.15253760002087802,0.06985539995366707,5,156,112,0.717948717948718,2,subruns\s9901_xgb_128_multi_start_hill_climb_main,6.886517606300234,0c70e7661067281f,2.5093877551020407,0.0,2.1,120
9901,xgb,128,multi_start_beam,main,128,budget_exhausted,xgb_boot5_sklearn_gbm_e890f2993e6a41e4,0.2120913999970071,0.06026170001132414,2,112,112,1.0,2,subruns\s9901_xgb_128_multi_start_beam_main,7.772858286137101,b8d872c64ebfc59a,8.81469387755102,0.0,2.22,120
9901,xgb,128,mutation_only_ga,main,128,budget_exhausted,xgb_boot5_sklearn_gbm_e890f2993e6a41e4,0.3075647000223398,0.0773222999414429,3,119,112,0.9411764705882353,2,subruns\s9901_xgb_128_mutation_only_ga_main,8.92316662532665,3a8e7b8ead95b093,8.409795918367347,0.0,1.8,120
9901,xgb,128,iterated_local_search,main,128,budget_exhausted,xgb_boot5_sklearn_gbm_e890f2993e6a41e4,0.15389979997416958,0.07509940001182258,2,620,112,0.18064516129032257,2,subruns\s9901_xgb_128_iterated_local_search_main,11.371304008391865,0666a1b5aef202ca,8.346938775510203,0.0,1.84,120
9901,xgb,128,simulated_annealing,main,128,budget_exhausted,xgb_boot5_sklearn_gbm_e890f2993e6a41e4,0.18889330001547933,0.0734807999106124,8,112,112,1.0,2,subruns\s9901_xgb_128_simulated_annealing_main,8.24202773006158,cd898f46e5631a40,8.704489795918366,0.0,2.94,120
9901,xgb,128,mutation_only_adalead,main,128,budget_exhausted,xgb_boot5_sklearn_gbm_e890f2993e6a41e4,0.18781119998311624,0.07741319987690076,10,126,112,0.8888888888888888,2,subruns\s9901_xgb_128_mutation_only_adalead_main,6.886517606300234,0c70e7661067281f,2.740408163265306,0.0,2.5,120
9901,xgb,128,matched_seed_random_walk,refit,128,budget_exhausted,xgb_boot5_sklearn_gbm_df0147858789016f,0.16749180003535002,0.07816390000516549,2,112,112,1.0,2,subruns\s9901_xgb_128_matched_seed_random_walk_refit,7.266116603282019,e91bd00da988bd6c,8.600816326530612,0.02,2.02,120
9901,xgb,128,multi_start_hill_climb,refit,128,budget_exhausted,xgb_boot5_sklearn_gbm_df0147858789016f,0.14787569997133687,0.06776180013548583,5,156,112,0.717948717948718,2,subruns\s9901_xgb_128_multi_start_hill_climb_refit,12.969687448049418,e8b5f6259c8ced0f,2.5681632653061226,0.0,2.18,120
9901,xgb,128,multi_start_beam,refit,128,budget_exhausted,xgb_boot5_sklearn_gbm_df0147858789016f,0.20592300000134856,0.06422040000325069,2,112,112,1.0,2,subruns\s9901_xgb_128_multi_start_beam_refit,12.716541331578483,0085120fe840d1b9,8.987755102040817,0.0,2.02,120
9901,xgb,128,mutation_only_ga,refit,128,budget_exhausted,xgb_boot5_sklearn_gbm_df0147858789016f,0.26612839999143034,0.061832499923184514,3,118,112,0.9491525423728814,2,subruns\s9901_xgb_128_mutation_only_ga_refit,9.79629897000154,5fcb12db4f1ff17f,8.001632653061224,0.0,1.4,120
9901,xgb,128,iterated_local_search,refit,128,budget_exhausted,xgb_boot5_sklearn_gbm_df0147858789016f,0.13387660001171753,0.05830209999112412,2,620,112,0.18064516129032257,2,subruns\s9901_xgb_128_iterated_local_search_refit,9.79629897000154,5fcb12db4f1ff17f,8.730612244897959,0.0,1.62,120
9901,xgb,128,simulated_annealing,refit,128,budget_exhausted,xgb_boot5_sklearn_gbm_df0147858789016f,0.22291160002350807,0.0882717000786215,8,112,112,1.0,2,subruns\s9901_xgb_128_simulated_annealing_refit,7.266116603282019,e91bd00da988bd6c,8.718367346938775,0.0,3.02,120
9901,xgb,128,mutation_only_adalead,refit,128,budget_exhausted,xgb_boot5_sklearn_gbm_df0147858789016f,0.17848579998826608,0.07045880006626248,10,126,112,0.8888888888888888,2,subruns\s9901_xgb_128_mutation_only_adalead_refit,7.457794414475748,9889c019845cdd0f,3.222857142857143,0.0,2.94,120
9901,rf,128,matched_seed_random_walk,main,128,budget_exhausted,rf300_seq303_2b2857a670d85846,0.2093176000053063,0.12841100001242012,2,112,112,1.0,2,subruns\s9901_rf_128_matched_seed_random_walk_main,18.337457691704373,c178d02f8206f3f3,8.66938775510204,0.0,1.9,120
9901,rf,128,multi_start_hill_climb,main,128,budget_exhausted,rf300_seq303_2b2857a670d85846,0.3128918999573216,0.2382334999856539,5,156,112,0.717948717948718,2,subruns\s9901_rf_128_multi_start_hill_climb_main,18.701208158455668,e5f223cbcd4fcd28,2.303673469387755,0.0,2.58,120
9901,rf,128,multi_start_beam,main,128,budget_exhausted,rf300_seq303_2b2857a670d85846,0.27618420001817867,0.12318770005367696,2,112,112,1.0,2,subruns\s9901_rf_128_multi_start_beam_main,18.312704289842355,214e6f5f23881152,8.728163265306122,0.0,1.92,120
9901,rf,128,mutation_only_ga,main,128,budget_exhausted,rf300_seq303_2b2857a670d85846,0.3723162999958731,0.15860129991779104,3,118,112,0.9491525423728814,2,subruns\s9901_rf_128_mutation_only_ga_main,18.206042095548643,d6945d3b301eef43,8.109387755102041,0.0,1.32,120
9901,rf,128,iterated_local_search,main,128,budget_exhausted,rf300_seq303_2b2857a670d85846,0.2030586000182666,0.12800110003445297,2,620,112,0.18064516129032257,2,subruns\s9901_rf_128_iterated_local_search_main,18.312704289842355,214e6f5f23881152,8.608163265306123,0.0,1.54,120
9901,rf,128,simulated_annealing,main,128,budget_exhausted,rf300_seq303_2b2857a670d85846,0.4213063000352122,0.2959609999670647,8,112,112,1.0,2,subruns\s9901_rf_128_simulated_annealing_main,18.861574113979454,0d361314d642c123,8.65795918367347,0.0,3.4,120
9901,rf,128,mutation_only_adalead,main,128,budget_exhausted,rf300_seq303_2b2857a670d85846,0.4685816999990493,0.32820960006210953,9,116,112,0.9655172413793104,2,subruns\s9901_rf_128_mutation_only_adalead_main,18.15428059804597,2afcf211390f077c,3.562448979591837,0.0,2.22,120
9901,rf,128,matched_seed_random_walk,refit,128,budget_exhausted,rf300_seq303_e27f867ba1da5e3e,0.2269588999915868,0.14420930005144328,2,112,112,1.0,2,subruns\s9901_rf_128_matched_seed_random_walk_refit,18.042652806074692,b71433387844162f,8.67673469387755,0.0,1.98,120
9901,rf,128,multi_start_hill_climb,refit,128,budget_exhausted,rf300_seq303_e27f867ba1da5e3e,0.2868805000325665,0.20405320002464578,5,156,112,0.717948717948718,2,subruns\s9901_rf_128_multi_start_hill_climb_refit,18.803729498036205,508f443045a287ed,2.443265306122449,0.0,2.44,120
9901,rf,128,multi_start_beam,refit,128,budget_exhausted,rf300_seq303_e27f867ba1da5e3e,0.2796718000317924,0.12493439996615052,2,112,112,1.0,2,subruns\s9901_rf_128_multi_start_beam_refit,18.681578956729798,d3d724206c7c1901,8.946938775510205,0.04,2.34,120
9901,rf,128,mutation_only_ga,refit,128,budget_exhausted,rf300_seq303_e27f867ba1da5e3e,0.38618039997527376,0.15954920003423467,4,120,112,0.9333333333333333,2,subruns\s9901_rf_128_mutation_only_ga_refit,18.385261240443285,e844dc395b19d790,8.315918367346939,0.0,1.46,120
9901,rf,128,iterated_local_search,refit,128,budget_exhausted,rf300_seq303_e27f867ba1da5e3e,0.22170530003495514,0.13820420001866296,2,620,112,0.18064516129032257,2,subruns\s9901_rf_128_iterated_local_search_refit,18.681578956729798,d3d724206c7c1901,8.543673469387755,0.0,1.62,120
9901,rf,128,simulated_annealing,refit,128,budget_exhausted,rf300_seq303_e27f867ba1da5e3e,0.431704799993895,0.3102844998938963,8,112,112,1.0,2,subruns\s9901_rf_128_simulated_annealing_refit,18.96455827181466,0c53fddb4822f0ac,9.062040816326531,0.0,3.2,120
9901,rf,128,mutation_only_adalead,refit,128,budget_exhausted,rf300_seq303_e27f867ba1da5e3e,0.4456425000098534,0.3231799998902716,9,115,112,0.9739130434782609,2,subruns\s9901_rf_128_mutation_only_adalead_refit,17.504026320607895,dd23c68f6d357b54,5.22530612244898,0.0,2.8,120
9902,xgb,128,matched_seed_random_walk,main,128,budget_exhausted,xgb_boot5_sklearn_gbm_b342d9e6fd97757a,0.16304799995850772,0.06167880003340542,2,112,112,1.0,2,subruns\s9902_xgb_128_matched_seed_random_walk_main,11.671481553775035,875f3f7705575515,8.204081632653061,0.0,1.68,120
9902,xgb,128,multi_start_hill_climb,main,128,budget_exhausted,xgb_boot5_sklearn_gbm_b342d9e6fd97757a,0.13823779998347163,0.06319339998299256,5,156,112,0.717948717948718,2,subruns\s9902_xgb_128_multi_start_hill_climb_main,10.67846846446125,a4613636c31b35f4,2.630204081632653,0.0,1.98,120
9902,xgb,128,multi_start_beam,main,128,budget_exhausted,xgb_boot5_sklearn_gbm_b342d9e6fd97757a,0.2202147000352852,0.06376760004786775,2,112,112,1.0,2,subruns\s9902_xgb_128_multi_start_beam_main,11.942313736401275,468e8ca9826a84b8,8.664489795918367,0.0,2.3,120
9902,xgb,128,mutation_only_ga,main,128,budget_exhausted,xgb_boot5_sklearn_gbm_b342d9e6fd97757a,0.27261629997519776,0.06483060010941699,3,115,112,0.9739130434782609,2,subruns\s9902_xgb_128_mutation_only_ga_main,11.872246872264672,5c3b6628332a75bc,7.8710204081632655,0.0,1.62,120
9902,xgb,128,iterated_local_search,main,128,budget_exhausted,xgb_boot5_sklearn_gbm_b342d9e6fd97757a,0.13966610003262758,0.058928299928084016,2,620,112,0.18064516129032257,2,subruns\s9902_xgb_128_iterated_local_search_main,12.252435854460765,b59033b483a00a62,8.022857142857143,0.0,1.9,120
9902,xgb,128,simulated_annealing,main,128,budget_exhausted,xgb_boot5_sklearn_gbm_b342d9e6fd97757a,0.19580349995521829,0.07524360000388697,8,112,112,1.0,2,subruns\s9902_xgb_128_simulated_annealing_main,10.644191228046662,b2e7fe61ea078a6c,8.546122448979592,0.0,2.86,120
9902,xgb,128,mutation_only_adalead,main,128,budget_exhausted,xgb_boot5_sklearn_gbm_b342d9e6fd97757a,0.17644249997101724,0.06815459998324513,9,123,112,0.9105691056910569,2,subruns\s9902_xgb_128_mutation_only_adalead_main,6.984425575759937,705335050685ea2e,3.2489795918367346,0.0,3.52,120
9902,xgb,128,matched_seed_random_walk,refit,128,budget_exhausted,xgb_boot5_sklearn_gbm_f4b1a0f662d700cf,0.14847999997437,0.05708210001466796,2,112,112,1.0,2,subruns\s9902_xgb_128_matched_seed_random_walk_refit,8.914363864270253,c7a5eb476f705898,8.54204081632653,0.0,1.22,120
9902,xgb,128,multi_start_hill_climb,refit,128,budget_exhausted,xgb_boot5_sklearn_gbm_f4b1a0f662d700cf,0.15385060000699013,0.07029669993789867,5,156,112,0.717948717948718,2,subruns\s9902_xgb_128_multi_start_hill_climb_refit,6.139019221104258,6d8c21e5243290ef,2.5616326530612246,0.0,2.1,120
9902,xgb,128,multi_start_beam,refit,128,budget_exhausted,xgb_boot5_sklearn_gbm_f4b1a0f662d700cf,0.23133929999312386,0.06254830001853406,2,112,112,1.0,2,subruns\s9902_xgb_128_multi_start_beam_refit,9.902136352258086,fb317007b1b26394,8.65795918367347,0.0,1.66,120
9902,xgb,128,mutation_only_ga,refit,128,budget_exhausted,xgb_boot5_sklearn_gbm_f4b1a0f662d700cf,0.2600118000409566,0.06310670002130792,3,119,112,0.9411764705882353,2,subruns\s9902_xgb_128_mutation_only_ga_refit,9.134247107529177,d2b01e528a9fe190,8.36,0.02,1.52,120
9902,xgb,128,iterated_local_search,refit,128,budget_exhausted,xgb_boot5_sklearn_gbm_f4b1a0f662d700cf,0.16910520003875718,0.0825007000239566,2,620,112,0.18064516129032257,2,subruns\s9902_xgb_128_iterated_local_search_refit,8.450081590068015,361d6f5ec2ff9ee4,8.510204081632653,0.0,1.52,120
9902,xgb,128,simulated_annealing,refit,128,budget_exhausted,xgb_boot5_sklearn_gbm_f4b1a0f662d700cf,0.19276589999208227,0.06850099988514557,8,112,112,1.0,2,subruns\s9902_xgb_128_simulated_annealing_refit,9.902136352258086,fb317007b1b26394,8.492244897959184,0.0,2.5,120
9902,xgb,128,mutation_only_adalead,refit,128,budget_exhausted,xgb_boot5_sklearn_gbm_f4b1a0f662d700cf,0.17581070004962385,0.0739100999198854,9,126,112,0.8888888888888888,2,subruns\s9902_xgb_128_mutation_only_adalead_refit,8.450081590068015,361d6f5ec2ff9ee4,2.740408163265306,0.0,1.72,120
9902,rf,128,matched_seed_random_walk,main,128,budget_exhausted,rf300_seq303_ed7f2fe5a0ce0de1,0.24582780001219362,0.15711929992539808,2,112,112,1.0,2,subruns\s9902_rf_128_matched_seed_random_walk_main,16.814446351663598,cc618ea47f910937,8.369795918367346,0.0,1.5,120
9902,rf,128,multi_start_hill_climb,main,128,budget_exhausted,rf300_seq303_ed7f2fe5a0ce0de1,0.3029736999887973,0.22091519995592535,5,156,112,0.717948717948718,2,subruns\s9902_rf_128_multi_start_hill_climb_main,17.163896360792805,717eba22468abda7,2.3877551020408165,0.0,2.5,120
9902,rf,128,multi_start_beam,main,128,budget_exhausted,rf300_seq303_ed7f2fe5a0ce0de1,0.27538770000683144,0.1123107000021264,2,112,112,1.0,2,subruns\s9902_rf_128_multi_start_beam_main,17.744154408469402,503c04e2a0f5651a,8.53795918367347,0.0,2.08,120
9902,rf,128,mutation_only_ga,main,128,budget_exhausted,rf300_seq303_ed7f2fe5a0ce0de1,0.3801260000327602,0.15169300005072728,3,117,112,0.9572649572649573,2,subruns\s9902_rf_128_mutation_only_ga_main,16.382485636910285,2a571e65f5ec75f8,8.052244897959184,0.0,1.52,120
9902,rf,128,iterated_local_search,main,128,budget_exhausted,rf300_seq303_ed7f2fe5a0ce0de1,0.20445909997215495,0.12764249998144805,2,620,112,0.18064516129032257,2,subruns\s9902_rf_128_iterated_local_search_main,16.806163303746725,361d6f5ec2ff9ee4,8.270204081632652,0.0,1.88,120
9902,rf,128,simulated_annealing,main,128,budget_exhausted,rf300_seq303_ed7f2fe5a0ce0de1,0.4114842999842949,0.2855914000538178,8,112,112,1.0,2,subruns\s9902_rf_128_simulated_annealing_main,16.89905154542673,2d3736e63bba8b88,8.400816326530613,0.0,2.92,120
9902,rf,128,mutation_only_adalead,main,128,budget_exhausted,rf300_seq303_ed7f2fe5a0ce0de1,0.6638438000227325,0.4457992000388913,10,121,112,0.9256198347107438,2,subruns\s9902_rf_128_mutation_only_adalead_main,16.077123181098653,7ef4d9ee856ae412,3.1575510204081634,0.0,2.18,120
9902,rf,128,matched_seed_random_walk,refit,128,budget_exhausted,rf300_seq303_cfef573d56a20198,0.23736859997734427,0.13054490002105013,2,112,112,1.0,2,subruns\s9902_rf_128_matched_seed_random_walk_refit,17.49813963140974,c7a5eb476f705898,8.223673469387755,0.0,1.5,120
9902,rf,128,multi_start_hill_climb,refit,128,budget_exhausted,rf300_seq303_cfef573d56a20198,0.3008808000013232,0.220208199985791,5,156,112,0.717948717948718,2,subruns\s9902_rf_128_multi_start_hill_climb_refit,17.030509949421447,352cb475e8ff0b6d,2.4383673469387754,0.0,2.4,120
9902,rf,128,multi_start_beam,refit,128,budget_exhausted,rf300_seq303_cfef573d56a20198,0.27296120004029945,0.1302066999487579,2,112,112,1.0,2,subruns\s9902_rf_128_multi_start_beam_refit,17.574794967666044,0f8ab648950bc5d6,8.452244897959183,0.0,1.92,120
9902,rf,128,mutation_only_ga,refit,128,budget_exhausted,rf300_seq303_cfef573d56a20198,0.35046039998997003,0.15518599998904392,3,117,112,0.9572649572649573,2,subruns\s9902_rf_128_mutation_only_ga_refit,17.574794967666044,0f8ab648950bc5d6,7.915918367346939,0.0,1.88,120
9902,rf,128,iterated_local_search,refit,128,budget_exhausted,rf300_seq303_cfef573d56a20198,0.21893270005239174,0.14110260002780706,2,620,112,0.18064516129032257,2,subruns\s9902_rf_128_iterated_local_search_refit,16.894611956755142,1b3f9f579cf5e936,8.225306122448979,0.0,1.84,120
9902,rf,128,simulated_annealing,refit,128,budget_exhausted,rf300_seq303_cfef573d56a20198,0.4239786000107415,0.2956002000137232,8,112,112,1.0,2,subruns\s9902_rf_128_simulated_annealing_refit,16.894611956755142,1b3f9f579cf5e936,8.46938775510204,0.0,2.96,120
9902,rf,128,mutation_only_adalead,refit,128,budget_exhausted,rf300_seq303_cfef573d56a20198,0.4404355000006035,0.30773330002557486,9,116,112,0.9655172413793104,2,subruns\s9902_rf_128_mutation_only_adalead_refit,17.22774540922076,6402e1bc123c5fb8,3.5338775510204083,0.0,2.34,120
