seed,policy,arm,model_seed,n_unique_predicted,stop_reason,best_pred_gbsa,best_candidate_id,n_candidates,n_groups,seconds_total,model_id,feas_rate,rejection_rate,diversity_top50,ood_fraction_top50,mean_min_train_hamming_top50,top50_ids,spearman_model_a_vs_1,spearman_model_a_vs_2
201,stratified_random,A,201,256,budget_exhausted,14.204356729966179,d8fa0fa882a188e1,256,2,1.377,xgb_boot5_sklearn_gbm,1.0,0.0,9.454693877551021,0.0,4.86,"('0465d0009b7c2a77', '05a98a52dc12c545', '13c5e0996338db04', '19d78864d649d0f6', '1ddb27f9cb8bb7e0', '1ea867b061f05d3a', '27fe2c1faa1d34c0', '28bf7008a01bcf6c', '28e73c6004d37d93', '2b74253fdbdb5663', '343dfab155c82e3d', '3760600be3a99cc4', '3b73e7801e189f9b', '3e9ec8ca949d6373', '3fc70ca26fb56556', '4635bf6ae544f80f', '52973d7f771f0f28', '56f45be54d15e35c', '5db345d3f4ee8b3f', '5f789ff4801fe2eb', '608bb65d5190bf32', '621d032bf04b73a7', '6319115624a055c3', '63ee53b2ff116d48', '69cf9fd48db96d52', '6d0cf3d854dacd31', '756f3c301849c0be', '764c969251343ebe', '7a135439461d69ae', '7d2bc5dbb0124a31', '7ec9df6ba6812b14', '9b3675b950cf6a71', '9beb6214dec84746', 'a37595da1d99b403', 'b796f921af24b5d6', 'b7e7614c55dd8252', 'b846fb3234ed6265', 'c18347bdaee612a1', 'ce4fa289f60c0414', 'd124c547dba27a14', 'd4f60f0bb7aee294', 'd7f28e567257c2f1', 'd86b4e7faf5319ed', 'd8fa0fa882a188e1', 'e929e9adab22ecbb', 'ea43f1a5adc7c738', 'ec61b28aa0eaf338', 'f1d9bb58d37cdf98', 'f8c471d27e6577e9', 'fde07e748e29178f')",0.35346938775510206,0.4274189675870348
201,multi_start_hill_climb,A,201,256,budget_exhausted,12.38450489094907,f181ce39a4d5fd1a,248,2,1.396,xgb_boot5_sklearn_gbm,1.003921568627451,0.058823529411764705,5.693061224489796,0.0,3.14,"('003c6efe044f9f4f', '0384d4965f3cb7df', '0525d48d6a95551c', '06b3b85813689526', '09c6b0ad265f26a8', '104ce0599047a5c5', '13518d4f19e6ec41', '13baf987f347215f', '15d93d8ea5d8f47a', '192c2b6a303efba9', '1af727027aece9d7', '1f55ecb1b9b6aa3a', '2272ff47540a5dc4', '234b421be909d002', '2b40f3bc3906ffda', '2c249294f51b8d2a', '38c1b7e53b5189d8', '422a33eecf9617fc', '447afa66fa8851e6', '5a18c340a78031ed', '7141dba348707843', '7403e59b0d675e8a', '7493fa5bf4e24474', '7ccf33190698e796', '7f312f97611f12c5', '820c3dd125852980', '84c7013acbcd246a', '89f38b3aa214a4e5', '9a4c3e3ef5130539', '9aba042d7376091d', 'a0139bcafba7ac5e', 'a91d580365f314db', 'a92cf3a03d7fa9b9', 'adcf0be3eb3a6642', 'b3be670299d45fca', 'c1dfa83d1a3b4291', 'c481c4ab369d5c42', 'c591aeb5ff319cb1', 'c5b01bb9dffb03d0', 'cc5ec732af14d8be', 'da04d1e323c457aa', 'e09ea7e615a1c70b', 'e1ac072351c8d44d', 'e40022454852ea8b', 'e6f2bbf9d883b967', 'e824459bea33e730', 'ea98973b52a11d1e', 'f181ce39a4d5fd1a', 'f219d90abd3af4bb', 'f57d5554037db9a3')",0.3411764705882353,0.2194957983193277
201,multi_start_beam,A,201,256,budget_exhausted,11.979889761578963,1785af2c30d021f9,248,2,1.38,xgb_boot5_sklearn_gbm,1.0666666666666667,0.0,8.257142857142858,0.0,1.28,"('033b19c70eb0bb4b', '0384dca209c7356b', '07fcd293c3f40079', '0867a1461edd0732', '0a74bee1c25c76cc', '0aae206a8fe85b02', '0e950c49ae596cfd', '10f71db6da75e322', '11eba88ef4b8e1ec', '1309994c49fb0098', '15f835dbf522dc0d', '1687e63b77430c1c', '1785af2c30d021f9', '1b8ee76f6ef4fb3d', '1ebb964d8d660f9a', '2dace6b510512aea', '3cf0c37e172e4571', '4a2986d92ae2a349', '4ba821844d1cff4c', '4da39b7513978f62', '550e8b2d54f74042', '5f80a5d7c52450d1', '5fabf5fdf162ed29', '61058b7886a37ea0', '69c450885f7c2bcb', '6b9348aa1b7580f0', '6c2e847f3da1f7b5', '7dfe697ef4652bfd', '84361185dadf4ce4', '9fd4ffebba72cea5', 'a494efc71051128a', 'a6d3422a6b601324', 'a8d95b06dadfc9f9', 'af2a78fe95e37dec', 'af32fa5251728974', 'b76d181c0fb3a52b', 'c37c90ec41e040e0', 'c5be23d18605015c', 'd795bc297ea5cff7', 'd7c1ee38b5f01da5', 'd8bf53e106593e8c', 'dbf092fb35a8ea25', 'df5e71eecb77d8c9', 'e02867cf6751040b', 'e25fdc132433480a', 'e562d45945f3d9f6', 'e7a8763c5e6f3936', 'e80b4719895e0974', 'ecf047f192f6aeca', 'fbf44d6472a77805')",0.48696278511404567,0.4008163265306122
202,stratified_random,A,202,256,budget_exhausted,13.252316032853901,6e94a5246adb9933,256,2,1.333,xgb_boot5_sklearn_gbm,1.0,0.0,9.564897959183673,0.08,4.74,"('00b32ebbde2ed1d4', '030a3634dc8d0f10', '051997a6f1311f05', '0b5f5ba3e96e0491', '0edbc0c5995e8c5c', '13268f299cbd7cb9', '1d08b98b7c1794ef', '204d586912f0b123', '2322e3a9a50405b4', '2dc2d8635dd7d8cd', '359958c5b548142c', '37777e1970bcb9c6', '3901ad42d1baac9b', '3a273bbf7cb56019', '3eed2e49e9acabf3', '3fa4def2d100fc5a', '4c034261e0408af5', '5670a0586b79a0dd', '57ed1c8db47060a5', '58ad6a4cbf90ad8c', '6016c97a92212452', '646ff81724c34c00', '667fb1bfc1e3a037', '6b8f43b9cb06ef0d', '6d33bc6652d55b2b', '6e94a5246adb9933', '70541ac6f792777c', '745d848f5166faa5', '7ae497ca5c697213', '89e931c3b53509cf', '8d67175abf7ee888', '90d926d67550f245', '91ba3e45c58bfaf2', '965356c598cee807', '9d74158321732436', '9e05f3838000e209', 'a2a3996ed4f9177e', 'a8d397e670fadd46', 'ba0c46a41225c9a9', 'c7623a955159e6dc', 'd3132ddc32c70a02', 'da22c395f0e64586', 'dd0969a7ba76530f', 'e28c3ffc07302f74', 'e5747c06f5d0fcf0', 'e5c692fc38f9256d', 'ecf1725ce68171c3', 'ed1e0213a193530d', 'eff7776db72b8c4e', 'fbed5057b29196ce')",0.5355582232893157,0.6729891956782712
202,multi_start_hill_climb,A,202,256,budget_exhausted,4.747454709497118,f9657c06896cce25,248,2,1.383,xgb_boot5_sklearn_gbm,0.9884169884169884,0.07335907335907337,2.5338775510204083,0.0,3.56,"('00fee963af3d1439', '010f2e1eab205465', '021649d323d769a7', '02575066de5a2f4b', '02634b4557002cb8', '118057b72c37ec0c', '11abadb715712690', '13686093d64420e4', '19f20f55aacc37e0', '1d4050cd3d2c24e0', '1f05ab63aca8ccf7', '274fb6c2c0974e23', '294eb4c072c81af9', '2b3ad7c590f5f72b', '2cc06883fb80c8f2', '2f2b9e3d0921683e', '42eeead800daaf94', '4a67125a21fe1f77', '4b152ac4308dc134', '4fa0601e2c954f9a', '5a8a9e92873ddd7a', '5c08b18ccf265bca', '5f2523ef2e0f99a6', '6005a6f8c2e5a85b', '615e9d76fcc40f0d', '6e15dc9bf89d644c', '6fd80017e694c572', '7036fe6f39563b53', '715c417bb5c05c4b', '82735b4abf4ac444', '84a229e35e1f18ae', '862e0ec7f70ff783', '88a809301bb19f3b', 'a0b788d8faa7719f', 'a45ffe6f4b40f784', 'aa5f1150ac8a2414', 'b07bf80ed6d1cb14', 'b2b7163037cf5213', 'bc0c1d04090f0a49', 'bf9e8b747201b421', 'c46b8e72feff0c37', 'cb2ebd4d88fc0c25', 'cb8d67b4751fef55', 'ce15eb6fd7f1ca83', 'df27120376f663a1', 'e70da3e74c68c0cb', 'f4690090c900b388', 'f9657c06896cce25', 'ff08c672048ac6ad', 'ff40ed97425e0cb8')",0.27231692677070835,0.5441056422569027
202,multi_start_beam,A,202,256,budget_exhausted,7.613145576640771,e24893c4786ca34b,248,2,1.411,xgb_boot5_sklearn_gbm,1.0666666666666667,0.0,8.136326530612244,0.0,1.18,"('07487b1fb3fb2f83', '079c0326dc517314', '07bc04beb980e151', '088c71a2701d7231', '0b45b66ea466b3aa', '0b4fe9393f7ab3dc', '0d43e52f767e5bdf', '112d669334a5021e', '14f9bae289df1185', '29065a4ea43e6314', '2f8ecebe16e8e021', '41565de8c21f7357', '467e5c9f1ab1004f', '468e8ca9826a84b8', '4ea902911c40c108', '4f46febdac1bac84', '5972fb520a237301', '5d1971b1275aeb0f', '624a4af98eef47bf', '6385f9e257c80e7c', '6b55be97447b8098', '714d1e7d374c5005', '74f22c1067f305f7', '7da88a9761a435d1', '7ec554eb787d2231', '8384b242df02ed13', '8643f98d18236b54', '89124e8dbbcd2765', 'a4b55916c46c8970', 'a73b53120d34dcb8', 'a73d0c61949f9cb3', 'aa59ff98c78360b3', 'acc00aabc29d987e', 'af65e37a91a75c54', 'b49178c5b0f501ce', 'bf4c75fa30cf615f', 'bf748c17d2b1e11c', 'c171dff8df66b88b', 'c4b1246c7668b2e3', 'c7a5eb476f705898', 'd6fcdcc31334c6c2', 'd772632aa18aa4a7', 'e24893c4786ca34b', 'e3bbb2909d069c97', 'e79ccb588a24a2f8', 'ea783496f988ae30', 'ed8023627e5b47de', 'f9bdc20eb043f77e', 'fce89e3c32aaa3d3', 'fe24cbaeebd737ac')",-0.09224489795918368,0.6184393757503001
201,stratified_random,B,1201,256,budget_exhausted,15.311754031041378,764c969251343ebe,256,2,1.314,xgb_boot5_sklearn_gbm,1.0,0.0,9.49795918367347,0.0,4.88,"('05a98a52dc12c545', '09d04031a6f61c41', '13c5e0996338db04', '1ddb27f9cb8bb7e0', '204fb7a154a3a298', '24e47399b1c50174', '27fe2c1faa1d34c0', '2b74253fdbdb5663', '36615571ce6a0b5b', '3666299f0cf029f7', '3760600be3a99cc4', '3b73e7801e189f9b', '4635bf6ae544f80f', '52973d7f771f0f28', '56f45be54d15e35c', '5a461eed4ab37d54', '608bb65d5190bf32', '621d032bf04b73a7', '69cf9fd48db96d52', '6d0cf3d854dacd31', '753f596e45f72e42', '764c969251343ebe', '7a135439461d69ae', '7caf90d56bfc39f3', '7d2bc5dbb0124a31', '7ec9df6ba6812b14', '8b328a7d732d9fe5', '91212de018edabae', '9b3675b950cf6a71', '9beb6214dec84746', 'a0addfe7c7613042', 'aa4c58295871d3db', 'aa8297226ec7662a', 'b0dfb95e8616f522', 'b7e7614c55dd8252', 'b846fb3234ed6265', 'b86c8bee0ff0090c', 'c18347bdaee612a1', 'ce4fa289f60c0414', 'd124c547dba27a14', 'd144b97db6776882', 'd772fa5d9676ed24', 'd86b4e7faf5319ed', 'd8fa0fa882a188e1', 'e929e9adab22ecbb', 'ea43f1a5adc7c738', 'eb5554c53d538d30', 'f34115f307bafcb7', 'f8f88bf3035afc1e', 'fde07e748e29178f')",,
201,multi_start_hill_climb,B,1201,256,budget_exhausted,6.679173419423362,acc63071f88163f7,248,2,1.5,xgb_boot5_sklearn_gbm,0.9884169884169884,0.07335907335907337,2.5893877551020408,0.0,4.44,"('0b52a510e342b6ef', '105962ea32161f24', '191ed752c100fcc8', '2592b19cba1c46d2', '312193024be6826b', '3a5d0e935a3e8690', '3fe112a4e3be48d0', '412e34073f365e36', '43b0fec630bb85b4', '4554160a9442f1c2', '4bb0aa966ce674ff', '4c11ab28f8df2a72', '4c60109eef142aba', '57bfc61cf4884d4e', '5c1b7b9f49a71354', '6919837bf2fdfd74', '6a9723872de75438', '6c5d3faa5916ee70', '6df6facbff849f36', '75a1cc087e8d3920', '7616d1f48dee8fa5', '78d0399522a0a97b', '7c80c24f95230fe1', '7d6f1ba0beefe2e2', '7fd5e760dae93943', '8d575ddcde44182c', '8f241787c059fea5', '918454fa0ceac30f', '929b04a990b46920', '9d5457aef322d219', 'a8b68e5440a413ad', 'a9cb7eab94d406bb', 'aa9bea066c23c007', 'acc63071f88163f7', 'aff7c7be37c15943', 'b8133690acdb70ea', 'b882ca0890abd4e5', 'c17f739565f57884', 'c54698205e59181b', 'ca13ce169175adaa', 'ca4c288f8fbd5403', 'cbd7dbb7988e3fd4', 'cc0b01c175b2d8bb', 'cc441fa37ae261b0', 'd053a39cea37ef43', 'd3551095fae0e715', 'd52ed93eabde7463', 'd6e8ef3bc66e5818', 'e2c34830458aabb4', 'fdf4d439826378b1')",,
201,multi_start_beam,B,1201,256,budget_exhausted,9.987104234968104,7b9aceeab180df20,248,2,1.417,xgb_boot5_sklearn_gbm,1.0666666666666667,0.0,8.493061224489797,0.0,1.22,"('033b19c70eb0bb4b', '06bad7fcd0866e57', '09c6b0ad265f26a8', '0aae206a8fe85b02', '156f7a208cc93b3e', '1785af2c30d021f9', '190c15f45928b86c', '1b8ee76f6ef4fb3d', '207a1a3e28d10c67', '2344cc7e207f068c', '2dace6b510512aea', '2f2d6985bfd3c409', '3c04c914d2eb73db', '3d570f9c6a8bc2d8', '42f860f2ae9bfb6c', '44877f6f4a02c99a', '4671993c77092835', '48e9e8784c8d53d5', '4a2986d92ae2a349', '4ec5fbd7305eb00b', '4fa769884fe4ecdb', '550e8b2d54f74042', '588a949907f8ce9b', '5ab2c06e1b7fbf9e', '60e827b23808ffac', '69c450885f7c2bcb', '6a81617610c1e5e4', '74724af658682dbd', '7b9aceeab180df20', '84361185dadf4ce4', '8a6a8caca0556d69', '8b51fc9a58fa6b9a', '8dc8e09f8f0fd455', '91edea746d06090e', 'a8d95b06dadfc9f9', 'bac50007aa12e01b', 'c0fd8d0bd632a4c5', 'c37c90ec41e040e0', 'c4b2dcbf74da6906', 'd163375b3308f9fb', 'd795bc297ea5cff7', 'd8bf53e106593e8c', 'e3ef480a6f4c283b', 'e562d45945f3d9f6', 'e80b4719895e0974', 'f45c144a01dc1154', 'f56a8602212fec1d', 'f5fefc72669734da', 'f92e8b7a884c7ac6', 'fbf44d6472a77805')",,
