seed,policy,round,n_train,spearman,mae,rmse,query_best,regret,top10_recall,seconds
12041,random,0,400,0.24408321302008132,7.86490656372732,10.260114669098533,,,0.0,5.979506969451904
12041,random,1,500,0.20296026850167811,7.817567502375815,10.241707901127132,2.63410041427414,8.5804004170277,0.08333333333333333,6.079999685287476
12041,random,2,600,0.26543265895411844,7.634631267655031,10.038444581961182,1.75952003577549,7.70582003852905,0.19166666666666668,6.07442569732666
12041,random,3,700,0.25527028293926834,7.7050548641819345,10.117562301748878,1.75952003577549,7.70582003852905,0.325,6.080853462219238
12041,random,4,800,0.27793861211632576,7.602378813586995,10.056169743347809,1.75952003577549,7.70582003852905,0.4,6.240564346313477
12041,random,5,900,0.3487998049987812,7.475688696804997,9.842641949032457,1.75952003577549,7.70582003852905,0.475,6.655002117156982
12041,greedy,0,400,0.24408321302008132,7.86490656372732,10.260114669098533,,,0.0,6.117512464523315
12041,greedy,1,500,0.2207029418933868,7.755733700392514,10.178906956144933,-5.94630000275356,0.0,0.16666666666666666,6.256715536117554
12041,greedy,2,600,0.26266551665947907,7.711092397436865,10.098993479181843,-5.94630000275356,0.0,0.38333333333333336,7.133507490158081
12041,greedy,3,700,0.19161513509459432,7.873523426151985,10.388584216149239,-5.94630000275356,0.0,0.5,7.904032468795776
12041,greedy,4,800,0.2977777361108506,7.576352153030964,10.025032567641894,-5.94630000275356,0.0,0.575,7.13959527015686
12041,greedy,5,900,0.32867886674291713,7.505023004202328,9.8644006652487,-5.94630000275356,0.0,0.6916666666666667,7.220059394836426
12041,uncertainty,0,400,0.24408321302008132,7.86490656372732,10.260114669098533,,,0.0,6.691305637359619
12041,uncertainty,1,500,0.23224420152625952,7.8092239646562485,10.223844746231107,1.82530723417949,7.7716072369330504,0.125,6.200197219848633
12041,uncertainty,2,600,0.2521110756942231,7.740768103312122,10.175301868657689,-5.94630000275356,0.0,0.21666666666666667,6.21004581451416
12041,uncertainty,3,700,0.23563478521740758,7.739639076281257,10.279477822830446,-5.94630000275356,0.0,0.35833333333333334,6.282069683074951
12041,uncertainty,4,800,0.22645172782329887,7.729782495396473,10.266766645856425,-5.94630000275356,0.0,0.4666666666666667,6.199810981750488
12041,uncertainty,5,900,0.28132282076762977,7.690830730306232,10.093381022040173,-5.94630000275356,0.0,0.5333333333333333,6.596032381057739
12041,mixed,0,400,0.24408321302008132,7.86490656372732,10.260114669098533,,,0.0,6.185143709182739
12041,mixed,1,500,0.23081731760823498,7.797930911768458,10.16835423243945,1.82530723417949,7.7716072369330504,0.15833333333333333,6.372737646102905
12041,mixed,2,600,0.26557253482834264,7.719930471907812,10.143770639759284,-5.94630000275356,0.0,0.24166666666666667,6.114983081817627
12041,mixed,3,700,0.2715744473402958,7.541454474755679,9.990271861502352,-5.94630000275356,0.0,0.3333333333333333,6.267459869384766
12041,mixed,4,800,0.33002793767461047,7.429941368824404,9.84676341291639,-5.94630000275356,0.0,0.4583333333333333,6.775245904922485
12041,mixed,5,900,0.3287231170194813,7.47002667470967,9.91872881154961,-5.94630000275356,0.0,0.5916666666666667,6.140317678451538
