canonical_index,truth_revealed,mu_before_reveal,sigma_before_reveal
1829,18.995258875224,20.31339346555821,1.863274734804387
602,28.7137888384204,20.648999972425337,2.6536428121364244
1209,27.6223585935331,20.79191804177716,2.616471377850111
1402,29.881283560193,20.957528650461562,1.145153125388944
777,32.5654427033624,21.179160606846278,2.391145962038609
592,28.5385921023226,21.308139226425045,2.2144417783391788
113,13.8420632001835,21.31459929545506,1.0813024975187209
1556,13.3075882585727,21.36887226596767,2.3255169370966784
1521,31.8194327154561,21.41100855718259,1.9131089717337946
752,32.1028702815893,21.42221868951633,2.972685394409786
1288,21.0819091044286,21.448484837536512,1.9412163619484621
1568,24.514772532737,21.451601168559183,2.0593622547074544
327,21.3080887054675,21.5516057959521,2.5813775780723267
150,15.2672482639209,21.647224656282226,2.8141328914599937
1310,26.9011507118448,21.75457218493224,2.0137249782131312
280,19.7269950821792,21.75483023736535,1.1678474117041755
1356,26.1147768174596,21.78084611420917,2.1133280122189793
3,1.54152123986569,21.870049283438536,1.6889974065318702
1715,21.5283655439162,21.87394302499631,2.58864856667556
199,17.0217273096277,21.968728797993045,2.068673250946956
157,15.3842667650861,21.969130221199737,1.0287357869055571
1117,12.5499264314349,22.035026839942965,1.6781466318460079
1789,27.5134646290026,22.038404899400295,2.260643406849596
236,18.2968497689799,22.104211146771384,0.879494752928926
938,39.8530758183078,22.134232700406972,0.5849398396735005
723,31.2689631458525,22.155435389699186,2.0670420085843633
1750,25.3246507680706,22.229438189962497,1.3294566083072392
493,25.7612910898606,22.30135164957837,1.7204821306842142
12,3.43182911266194,22.359404898025353,3.6433953211050136
1753,20.5980662425536,22.424986159506478,3.190587791942511
541,27.4002446504455,22.492068918494855,3.176102433590151
228,17.9456271989802,22.517596657343518,1.0417921399595966
1792,30.1883488079911,22.54322698945247,1.5237686646115038
121,14.2710365191197,22.613398500817123,1.5401684625636225
200,17.0687631758847,22.621072885556828,4.153243738738203
1233,16.5601941594468,22.660750443820042,1.334509467261781
1033,45.8434054326426,22.690451074273984,0.7422895521601617
1567,31.5767223928669,22.704406784776857,2.173891035569227
319,20.9050896525296,22.709868691016965,3.44072208336335
1361,34.1290087028065,22.734308621124374,1.998877079287438
409,23.7681432649442,22.735791628763458,1.8895843537187773
489,25.6748316167905,22.74614115578941,1.1549689406152104
428,24.3654568336206,22.7461668060728,3.3533482423543974
694,30.7155740640264,22.79482194193561,1.109032660666342
1493,30.4633091239957,22.81582634604603,1.0498559153669618
332,21.4303306256588,22.82331117084941,1.9187941315390522
36,7.5509529834635,22.828366505306768,2.4976315866569827
770,32.368855434328,22.84651778187657,2.753085602788806
1528,20.1152458280958,22.86576070586411,1.9556814980262374
528,26.9425541816781,22.881637854807167,2.6518475285198
1527,28.1985511517814,22.884399651343454,2.5142428821439333
242,18.5344885852246,22.896808081950002,2.6776537360852855
952,41.5839218345391,22.89848116191728,1.9620015951703151
1867,26.4258295031796,22.920339280007408,2.2691328002780815
1739,17.75788008175,22.931406172982346,1.6100323525957796
1134,28.0978259195108,22.939095415462866,1.2889291024752751
1577,15.1624010016894,22.967710128742798,3.3095462617825837
1723,42.0922935350281,22.983583511030755,2.405895501830875
625,29.2727930006331,22.98461384579794,2.4281237907569064
797,33.1601168623056,23.04822109857924,3.6107645771196424
650,29.7681951493723,23.059817304178825,1.7137397280098214
504,26.267239326633,23.112397067791267,3.846813027907186
287,19.9241362718312,23.14671195795658,3.5733207654455743
1259,27.4059926820046,23.152987409655765,1.8371184528789641
15,4.07733535693114,23.159331720399717,2.1635997630147217
1037,31.4564857730365,23.18038326012536,2.3485635039846326
1250,31.1454174375503,23.20325251664707,1.651778095767187
460,25.2787917213427,23.208971877785423,1.9756141025729552
1465,35.2723928999731,23.221907329680416,2.669756115159449
479,25.5138232184036,23.237969069020046,1.356565077463306
522,26.7874530707741,23.2612030841784,1.870658247384198
1213,33.7703851682672,23.277525746932042,1.100195376231789
210,17.2485692953996,23.278070025396953,0.5652360005373824
1782,21.2043016665193,23.279358282767372,2.1167986586676437
1007,32.9282585595865,23.29208762070647,2.7593976798852426
1785,28.791410875343,23.30719640551397,1.1259223565446206
1034,23.6810485063106,23.317680987073942,2.9206635802537795
1551,23.861728313077,23.325640894769293,2.988862064916501
1954,32.0006451311128,23.359180793624763,2.201580304697538
1531,21.7157246830393,23.3845999040336,1.2203444627695894
149,15.2545647905863,23.399674551178833,2.304611753965741
1058,34.7740058085692,23.430508235237454,1.6380932870496976
275,19.442622023962,23.4525201992952,2.143637510840977
1278,21.4353312819658,23.46383382374051,1.2289598509965274
1682,25.4680406220141,23.466542382635755,2.7051266913027017
1967,20.5913169846644,23.47370527871738,0.7549550330564805
105,13.3040372006762,23.505106050999338,2.8875063573677644
1974,21.153559241593,23.506149953022945,1.5580821481217744
1317,30.2790823143841,23.50690434529544,1.8047497889974415
161,15.472247141799,23.54984026847149,4.173003128284444
714,31.1390451271727,23.57452988729075,2.346037437882049
22,5.43463994693957,23.583339061767987,2.5951179739306736
472,25.413758906172,23.587925785547835,1.1763139950313228
1681,31.879891002096,23.633867329104294,2.8933930722987578
623,29.2608860194814,23.656249002587458,1.5766104987987373
1831,25.434848254321,23.66701332732923,1.5343481016714189
910,37.7147539374419,23.69842144063361,2.1210269084042483
160,15.45094831202,23.70321687844817,0.9412657104183142
1773,8.08814456644541,23.723610309697797,2.435572672021923
763,32.2825578413467,23.726730106932628,4.317530619305093
