seed,policy,jaccard_top50
201,stratified_random,0.35135135135135137
201,multi_start_hill_climb,0.0989010989010989
201,multi_start_beam,0.030927835051546393
202,stratified_random,0.28205128205128205
202,multi_start_hill_climb,0.0
202,multi_start_beam,0.0
203,stratified_random,0.041666666666666664
203,multi_start_hill_climb,0.0
203,multi_start_beam,0.0
204,stratified_random,0.17647058823529413
204,multi_start_hill_climb,0.0
204,multi_start_beam,0.0
205,stratified_random,0.25
205,multi_start_hill_climb,0.0
205,multi_start_beam,0.0
206,stratified_random,0.25
206,multi_start_hill_climb,0.030927835051546393
206,multi_start_beam,0.06382978723404255
207,stratified_random,0.25
207,multi_start_hill_climb,0.0
207,multi_start_beam,0.0
208,stratified_random,0.26582278481012656
208,multi_start_hill_climb,0.0
208,multi_start_beam,0.0
209,stratified_random,0.2345679012345679
209,multi_start_hill_climb,0.05263157894736842
209,multi_start_beam,0.12359550561797752
210,stratified_random,0.3157894736842105
210,multi_start_hill_climb,0.1111111111111111
210,multi_start_beam,0.14942528735632185
