seed,block,model,gbsa_Sp,dims
1,baseline_seq_only,XGB,0.320778,303
1,pos_pair_prob,XGB,0.328829,32
1,pos_entropy,XGB,0.319808,13
1,win_stats,XGB,0.328098,78
1,cluster_pair,XGB,0.320797,7
1,pair_dist,XGB,0.334414,13
1,seg_entropy,XGB,0.305494,21
1,ensemble,XGB,0.327287,4
1,contact_pca,XGB,0.339689,15
1,expected_acc,XGB,0.305234,8
1,mfe_basic,XGB,0.333785,24
1,squarna,XGB,0.327375,122
1,mfe_detailed,XGB,0.329295,18
1,ufold_blocks,XGB,0.331396,23
1,dist_moments,XGB,0.327688,20
1,gradient,XGB,0.295343,78
1,energy_land,XGB,0.311268,5
1,motif_positional,XGB,0.351526,78
1,motif_global,XGB,0.329306,42
2,baseline_seq_only,XGB,0.355331,303
2,pos_pair_prob,XGB,0.339598,32
2,pos_entropy,XGB,0.348686,13
2,win_stats,XGB,0.339065,78
2,cluster_pair,XGB,0.337599,7
2,pair_dist,XGB,0.310029,13
2,seg_entropy,XGB,0.333306,21
2,ensemble,XGB,0.341106,4
2,contact_pca,XGB,0.352569,15
2,expected_acc,XGB,0.3516,8
2,mfe_basic,XGB,0.324517,24
2,squarna,XGB,0.340851,122
2,mfe_detailed,XGB,0.323673,18
2,ufold_blocks,XGB,0.345776,23
2,dist_moments,XGB,0.331038,20
2,gradient,XGB,0.297996,78
2,energy_land,XGB,0.348122,5
2,motif_positional,XGB,0.341869,78
2,motif_global,XGB,0.341659,42
3,baseline_seq_only,XGB,0.369771,303
3,pos_pair_prob,XGB,0.375084,32
3,pos_entropy,XGB,0.368254,13
3,win_stats,XGB,0.364541,78
3,cluster_pair,XGB,0.373842,7
3,pair_dist,XGB,0.30767,13
3,seg_entropy,XGB,0.374309,21
3,ensemble,XGB,0.338266,4
3,contact_pca,XGB,0.355782,15
3,expected_acc,XGB,0.365319,8
3,mfe_basic,XGB,0.340031,24
3,squarna,XGB,0.346758,122
3,mfe_detailed,XGB,0.368729,18
3,ufold_blocks,XGB,0.362981,23
3,dist_moments,XGB,0.379145,20
3,gradient,XGB,0.306403,78
3,energy_land,XGB,0.352646,5
3,motif_positional,XGB,0.382571,78
3,motif_global,XGB,0.353096,42
4,baseline_seq_only,XGB,0.370824,303
4,pos_pair_prob,XGB,0.380097,32
4,pos_entropy,XGB,0.377887,13
4,win_stats,XGB,0.384958,78
4,cluster_pair,XGB,0.38957,7
4,pair_dist,XGB,0.389724,13
4,seg_entropy,XGB,0.392071,21
4,ensemble,XGB,0.341378,4
4,contact_pca,XGB,0.386735,15
4,expected_acc,XGB,0.365881,8
4,mfe_basic,XGB,0.414053,24
4,squarna,XGB,0.433308,122
4,mfe_detailed,XGB,0.393012,18
4,ufold_blocks,XGB,0.379836,23
4,dist_moments,XGB,0.354427,20
4,gradient,XGB,0.386395,78
4,energy_land,XGB,0.373531,5
4,motif_positional,XGB,0.380191,78
4,motif_global,XGB,0.376408,42
5,baseline_seq_only,XGB,0.374674,303
5,pos_pair_prob,XGB,0.377132,32
5,pos_entropy,XGB,0.374031,13
5,win_stats,XGB,0.373999,78
5,cluster_pair,XGB,0.384067,7
5,pair_dist,XGB,0.373689,13
5,seg_entropy,XGB,0.378805,21
5,ensemble,XGB,0.37249,4
5,contact_pca,XGB,0.366018,15
5,expected_acc,XGB,0.374321,8
5,mfe_basic,XGB,0.376633,24
5,squarna,XGB,0.334959,122
5,mfe_detailed,XGB,0.388696,18
5,ufold_blocks,XGB,0.357065,23
5,dist_moments,XGB,0.40529,20
5,gradient,XGB,0.332375,78
5,energy_land,XGB,0.379264,5
5,motif_positional,XGB,0.370296,78
5,motif_global,XGB,0.364059,42
6,baseline_seq_only,XGB,0.366956,303
6,pos_pair_prob,XGB,0.374005,32
6,pos_entropy,XGB,0.39081,13
6,win_stats,XGB,0.372357,78
6,cluster_pair,XGB,0.383671,7
6,pair_dist,XGB,0.321661,13
6,seg_entropy,XGB,0.378098,21
6,ensemble,XGB,0.396136,4
6,contact_pca,XGB,0.385194,15
6,expected_acc,XGB,0.366423,8
6,mfe_basic,XGB,0.347943,24
6,squarna,XGB,0.391766,122
6,mfe_detailed,XGB,0.359492,18
6,ufold_blocks,XGB,0.355559,23
6,dist_moments,XGB,0.35911,20
6,gradient,XGB,0.328157,78
6,energy_land,XGB,0.381773,5
6,motif_positional,XGB,0.368135,78
6,motif_global,XGB,0.402011,42
7,baseline_seq_only,XGB,0.367286,303
7,pos_pair_prob,XGB,0.398363,32
7,pos_entropy,XGB,0.388897,13
7,win_stats,XGB,0.379313,78
7,cluster_pair,XGB,0.379044,7
7,pair_dist,XGB,0.37234,13
7,seg_entropy,XGB,0.373416,21
7,ensemble,XGB,0.344317,4
7,contact_pca,XGB,0.381747,15
7,expected_acc,XGB,0.390478,8
7,mfe_basic,XGB,0.400213,24
7,squarna,XGB,0.416113,122
7,mfe_detailed,XGB,0.399441,18
7,ufold_blocks,XGB,0.370848,23
7,dist_moments,XGB,0.396164,20
7,gradient,XGB,0.381702,78
7,energy_land,XGB,0.397938,5
7,motif_positional,XGB,0.415447,78
7,motif_global,XGB,0.393132,42
8,baseline_seq_only,XGB,0.335553,303
8,pos_pair_prob,XGB,0.342587,32
8,pos_entropy,XGB,0.33087,13
8,win_stats,XGB,0.330279,78
8,cluster_pair,XGB,0.333233,7
8,pair_dist,XGB,0.299213,13
8,seg_entropy,XGB,0.323638,21
8,ensemble,XGB,0.34025,4
8,contact_pca,XGB,0.354721,15
8,expected_acc,XGB,0.337151,8
8,mfe_basic,XGB,0.320922,24
8,squarna,XGB,0.294338,122
8,mfe_detailed,XGB,0.315872,18
8,ufold_blocks,XGB,0.337972,23
8,dist_moments,XGB,0.313618,20
8,gradient,XGB,0.293405,78
8,energy_land,XGB,0.334835,5
8,motif_positional,XGB,0.34665,78
8,motif_global,XGB,0.342743,42
9,baseline_seq_only,XGB,0.341184,303
9,pos_pair_prob,XGB,0.370452,32
9,pos_entropy,XGB,0.384214,13
9,win_stats,XGB,0.357406,78
9,cluster_pair,XGB,0.372057,7
9,pair_dist,XGB,0.3526,13
9,seg_entropy,XGB,0.378893,21
9,ensemble,XGB,0.382238,4
9,contact_pca,XGB,0.360383,15
9,expected_acc,XGB,0.384172,8
9,mfe_basic,XGB,0.375174,24
9,squarna,XGB,0.348524,122
9,mfe_detailed,XGB,0.367085,18
9,ufold_blocks,XGB,0.325747,23
9,dist_moments,XGB,0.369136,20
9,gradient,XGB,0.339049,78
9,energy_land,XGB,0.386859,5
9,motif_positional,XGB,0.374138,78
9,motif_global,XGB,0.379718,42
10,baseline_seq_only,XGB,0.450694,303
10,pos_pair_prob,XGB,0.435734,32
10,pos_entropy,XGB,0.453387,13
10,win_stats,XGB,0.45057,78
10,cluster_pair,XGB,0.457631,7
10,pair_dist,XGB,0.408392,13
10,seg_entropy,XGB,0.441048,21
10,ensemble,XGB,0.441776,4
10,contact_pca,XGB,0.452612,15
10,expected_acc,XGB,0.424882,8
10,mfe_basic,XGB,0.422086,24
10,squarna,XGB,0.465903,122
10,mfe_detailed,XGB,0.437096,18
10,ufold_blocks,XGB,0.435499,23
10,dist_moments,XGB,0.412189,20
10,gradient,XGB,0.413448,78
10,energy_land,XGB,0.441861,5
10,motif_positional,XGB,0.426176,78
10,motif_global,XGB,0.429,42
11,baseline_seq_only,XGB,0.353895,303
11,pos_pair_prob,XGB,0.314273,32
11,pos_entropy,XGB,0.329208,13
11,win_stats,XGB,0.331292,78
11,cluster_pair,XGB,0.32178,7
11,pair_dist,XGB,0.264218,13
11,seg_entropy,XGB,0.31802,21
11,ensemble,XGB,0.307997,4
11,contact_pca,XGB,0.324812,15
11,expected_acc,XGB,0.340562,8
11,mfe_basic,XGB,0.345338,24
11,squarna,XGB,0.349645,122
11,mfe_detailed,XGB,0.334709,18
11,ufold_blocks,XGB,0.339944,23
11,dist_moments,XGB,0.350744,20
11,gradient,XGB,0.274319,78
11,energy_land,XGB,0.321808,5
11,motif_positional,XGB,0.340546,78
11,motif_global,XGB,0.35934,42
12,baseline_seq_only,XGB,0.414523,303
12,pos_pair_prob,XGB,0.440426,32
12,pos_entropy,XGB,0.421855,13
12,win_stats,XGB,0.431072,78
12,cluster_pair,XGB,0.430309,7
12,pair_dist,XGB,0.392512,13
12,seg_entropy,XGB,0.428768,21
12,ensemble,XGB,0.436579,4
12,contact_pca,XGB,0.433008,15
12,expected_acc,XGB,0.419903,8
12,mfe_basic,XGB,0.441136,24
12,squarna,XGB,0.401737,122
12,mfe_detailed,XGB,0.427065,18
12,ufold_blocks,XGB,0.405245,23
12,dist_moments,XGB,0.400111,20
12,gradient,XGB,0.381643,78
12,energy_land,XGB,0.434545,5
12,motif_positional,XGB,0.418934,78
12,motif_global,XGB,0.415695,42
13,baseline_seq_only,XGB,0.420935,303
13,pos_pair_prob,XGB,0.426185,32
13,pos_entropy,XGB,0.412097,13
13,win_stats,XGB,0.407025,78
13,cluster_pair,XGB,0.411048,7
13,pair_dist,XGB,0.381824,13
13,seg_entropy,XGB,0.420542,21
13,ensemble,XGB,0.432086,4
13,contact_pca,XGB,0.432967,15
13,expected_acc,XGB,0.378629,8
13,mfe_basic,XGB,0.405058,24
13,squarna,XGB,0.384295,122
13,mfe_detailed,XGB,0.415067,18
13,ufold_blocks,XGB,0.404209,23
13,dist_moments,XGB,0.433639,20
13,gradient,XGB,0.375225,78
13,energy_land,XGB,0.420964,5
13,motif_positional,XGB,0.435949,78
13,motif_global,XGB,0.418984,42
14,baseline_seq_only,XGB,0.38468,303
14,pos_pair_prob,XGB,0.420859,32
14,pos_entropy,XGB,0.400818,13
14,win_stats,XGB,0.399701,78
14,cluster_pair,XGB,0.396943,7
14,pair_dist,XGB,0.392609,13
14,seg_entropy,XGB,0.407343,21
14,ensemble,XGB,0.428927,4
14,contact_pca,XGB,0.432237,15
14,expected_acc,XGB,0.359548,8
14,mfe_basic,XGB,0.389436,24
14,squarna,XGB,0.363521,122
14,mfe_detailed,XGB,0.410964,18
14,ufold_blocks,XGB,0.342511,23
14,dist_moments,XGB,0.395768,20
14,gradient,XGB,0.417759,78
14,energy_land,XGB,0.4117,5
14,motif_positional,XGB,0.418249,78
14,motif_global,XGB,0.411482,42
15,baseline_seq_only,XGB,0.366521,303
15,pos_pair_prob,XGB,0.373115,32
15,pos_entropy,XGB,0.408028,13
15,win_stats,XGB,0.376903,78
15,cluster_pair,XGB,0.367695,7
15,pair_dist,XGB,0.296138,13
15,seg_entropy,XGB,0.384713,21
15,ensemble,XGB,0.395419,4
15,contact_pca,XGB,0.405962,15
15,expected_acc,XGB,0.362954,8
15,mfe_basic,XGB,0.388582,24
15,squarna,XGB,0.340165,122
15,mfe_detailed,XGB,0.374698,18
15,ufold_blocks,XGB,0.343029,23
15,dist_moments,XGB,0.37593,20
15,gradient,XGB,0.387878,78
15,energy_land,XGB,0.390367,5
15,motif_positional,XGB,0.389785,78
15,motif_global,XGB,0.389578,42
16,baseline_seq_only,XGB,0.266213,303
16,pos_pair_prob,XGB,0.292183,32
16,pos_entropy,XGB,0.307773,13
16,win_stats,XGB,0.304001,78
16,cluster_pair,XGB,0.303052,7
16,pair_dist,XGB,0.298938,13
16,seg_entropy,XGB,0.301859,21
16,ensemble,XGB,0.303025,4
16,contact_pca,XGB,0.344497,15
16,expected_acc,XGB,0.303511,8
16,mfe_basic,XGB,0.285705,24
16,squarna,XGB,0.279107,122
16,mfe_detailed,XGB,0.30914,18
16,ufold_blocks,XGB,0.286745,23
16,dist_moments,XGB,0.322362,20
16,gradient,XGB,0.280468,78
16,energy_land,XGB,0.3184,5
16,motif_positional,XGB,0.281763,78
16,motif_global,XGB,0.319354,42
17,baseline_seq_only,XGB,0.438639,303
17,pos_pair_prob,XGB,0.429707,32
17,pos_entropy,XGB,0.420257,13
17,win_stats,XGB,0.414572,78
17,cluster_pair,XGB,0.444741,7
17,pair_dist,XGB,0.354954,13
17,seg_entropy,XGB,0.40582,21
17,ensemble,XGB,0.425076,4
17,contact_pca,XGB,0.424114,15
17,expected_acc,XGB,0.438759,8
17,mfe_basic,XGB,0.413257,24
17,squarna,XGB,0.451107,122
17,mfe_detailed,XGB,0.437276,18
17,ufold_blocks,XGB,0.418437,23
17,dist_moments,XGB,0.391026,20
17,gradient,XGB,0.401385,78
17,energy_land,XGB,0.425246,5
17,motif_positional,XGB,0.413561,78
17,motif_global,XGB,0.436386,42
18,baseline_seq_only,XGB,0.387634,303
18,pos_pair_prob,XGB,0.390738,32
18,pos_entropy,XGB,0.397909,13
18,win_stats,XGB,0.388944,78
18,cluster_pair,XGB,0.386873,7
18,pair_dist,XGB,0.355458,13
18,seg_entropy,XGB,0.383087,21
18,ensemble,XGB,0.382865,4
18,contact_pca,XGB,0.399803,15
18,expected_acc,XGB,0.380238,8
18,mfe_basic,XGB,0.381074,24
18,squarna,XGB,0.366159,122
18,mfe_detailed,XGB,0.387063,18
18,ufold_blocks,XGB,0.389672,23
18,dist_moments,XGB,0.384349,20
18,gradient,XGB,0.37717,78
18,energy_land,XGB,0.385296,5
18,motif_positional,XGB,0.387797,78
18,motif_global,XGB,0.405375,42
19,baseline_seq_only,XGB,0.412862,303
19,pos_pair_prob,XGB,0.398083,32
19,pos_entropy,XGB,0.412901,13
19,win_stats,XGB,0.404151,78
19,cluster_pair,XGB,0.405343,7
19,pair_dist,XGB,0.380447,13
19,seg_entropy,XGB,0.368583,21
19,ensemble,XGB,0.418067,4
19,contact_pca,XGB,0.401986,15
19,expected_acc,XGB,0.384502,8
19,mfe_basic,XGB,0.38145,24
19,squarna,XGB,0.374234,122
19,mfe_detailed,XGB,0.374296,18
19,ufold_blocks,XGB,0.402303,23
19,dist_moments,XGB,0.397492,20
19,gradient,XGB,0.370982,78
19,energy_land,XGB,0.422333,5
19,motif_positional,XGB,0.400942,78
19,motif_global,XGB,0.394766,42
20,baseline_seq_only,XGB,0.354105,303
20,pos_pair_prob,XGB,0.355923,32
20,pos_entropy,XGB,0.358858,13
20,win_stats,XGB,0.358702,78
20,cluster_pair,XGB,0.327596,7
20,pair_dist,XGB,0.378575,13
20,seg_entropy,XGB,0.331055,21
20,ensemble,XGB,0.376462,4
20,contact_pca,XGB,0.33651,15
20,expected_acc,XGB,0.301751,8
20,mfe_basic,XGB,0.362767,24
20,squarna,XGB,0.374986,122
20,mfe_detailed,XGB,0.347715,18
20,ufold_blocks,XGB,0.327181,23
20,dist_moments,XGB,0.356877,20
20,gradient,XGB,0.347759,78
20,energy_land,XGB,0.368206,5
20,motif_positional,XGB,0.360605,78
20,motif_global,XGB,0.364472,42
21,baseline_seq_only,XGB,0.409343,303
21,pos_pair_prob,XGB,0.402409,32
21,pos_entropy,XGB,0.397896,13
21,win_stats,XGB,0.411553,78
21,cluster_pair,XGB,0.414019,7
21,pair_dist,XGB,0.387136,13
21,seg_entropy,XGB,0.398381,21
21,ensemble,XGB,0.399945,4
21,contact_pca,XGB,0.419604,15
21,expected_acc,XGB,0.425546,8
21,mfe_basic,XGB,0.390227,24
21,squarna,XGB,0.431506,122
21,mfe_detailed,XGB,0.37047,18
21,ufold_blocks,XGB,0.412062,23
21,dist_moments,XGB,0.411775,20
21,gradient,XGB,0.343362,78
21,energy_land,XGB,0.401442,5
21,motif_positional,XGB,0.414147,78
21,motif_global,XGB,0.419576,42
22,baseline_seq_only,XGB,0.347106,303
22,pos_pair_prob,XGB,0.363155,32
22,pos_entropy,XGB,0.346244,13
22,win_stats,XGB,0.35398,78
22,cluster_pair,XGB,0.36074,7
22,pair_dist,XGB,0.34029,13
22,seg_entropy,XGB,0.3338,21
22,ensemble,XGB,0.365138,4
22,contact_pca,XGB,0.377568,15
22,expected_acc,XGB,0.344508,8
22,mfe_basic,XGB,0.31524,24
22,squarna,XGB,0.354153,122
22,mfe_detailed,XGB,0.342414,18
22,ufold_blocks,XGB,0.354621,23
22,dist_moments,XGB,0.36185,20
22,gradient,XGB,0.337842,78
22,energy_land,XGB,0.365629,5
22,motif_positional,XGB,0.346674,78
22,motif_global,XGB,0.401305,42
23,baseline_seq_only,XGB,0.446797,303
23,pos_pair_prob,XGB,0.42371,32
23,pos_entropy,XGB,0.423687,13
23,win_stats,XGB,0.425127,78
23,cluster_pair,XGB,0.423246,7
23,pair_dist,XGB,0.409138,13
23,seg_entropy,XGB,0.422947,21
23,ensemble,XGB,0.418759,4
23,contact_pca,XGB,0.465233,15
23,expected_acc,XGB,0.432118,8
23,mfe_basic,XGB,0.41274,24
23,squarna,XGB,0.416882,122
23,mfe_detailed,XGB,0.439426,18
23,ufold_blocks,XGB,0.416624,23
23,dist_moments,XGB,0.420735,20
23,gradient,XGB,0.3947,78
23,energy_land,XGB,0.414764,5
23,motif_positional,XGB,0.414033,78
23,motif_global,XGB,0.411683,42
24,baseline_seq_only,XGB,0.414035,303
24,pos_pair_prob,XGB,0.410257,32
24,pos_entropy,XGB,0.407228,13
24,win_stats,XGB,0.416624,78
24,cluster_pair,XGB,0.431482,7
24,pair_dist,XGB,0.387871,13
24,seg_entropy,XGB,0.398326,21
24,ensemble,XGB,0.409421,4
24,contact_pca,XGB,0.412615,15
24,expected_acc,XGB,0.381635,8
24,mfe_basic,XGB,0.389861,24
24,squarna,XGB,0.408961,122
24,mfe_detailed,XGB,0.416228,18
24,ufold_blocks,XGB,0.392415,23
24,dist_moments,XGB,0.412128,20
24,gradient,XGB,0.394742,78
24,energy_land,XGB,0.414205,5
24,motif_positional,XGB,0.400935,78
24,motif_global,XGB,0.417013,42
25,baseline_seq_only,XGB,0.344354,303
25,pos_pair_prob,XGB,0.322827,32
25,pos_entropy,XGB,0.321514,13
25,win_stats,XGB,0.303415,78
25,cluster_pair,XGB,0.319731,7
25,pair_dist,XGB,0.3125,13
25,seg_entropy,XGB,0.329967,21
25,ensemble,XGB,0.319451,4
25,contact_pca,XGB,0.319455,15
25,expected_acc,XGB,0.318677,8
25,mfe_basic,XGB,0.318731,24
25,squarna,XGB,0.322325,122
25,mfe_detailed,XGB,0.333304,18
25,ufold_blocks,XGB,0.300427,23
25,dist_moments,XGB,0.322413,20
25,gradient,XGB,0.298306,78
25,energy_land,XGB,0.316836,5
25,motif_positional,XGB,0.323951,78
25,motif_global,XGB,0.312095,42
26,baseline_seq_only,XGB,0.43002,303
26,pos_pair_prob,XGB,0.446856,32
26,pos_entropy,XGB,0.418516,13
26,win_stats,XGB,0.432498,78
26,cluster_pair,XGB,0.431453,7
26,pair_dist,XGB,0.428636,13
26,seg_entropy,XGB,0.399507,21
26,ensemble,XGB,0.410381,4
26,contact_pca,XGB,0.433171,15
26,expected_acc,XGB,0.421277,8
26,mfe_basic,XGB,0.416924,24
26,squarna,XGB,0.417144,122
26,mfe_detailed,XGB,0.42411,18
26,ufold_blocks,XGB,0.419939,23
26,dist_moments,XGB,0.431311,20
26,gradient,XGB,0.399627,78
26,energy_land,XGB,0.42755,5
26,motif_positional,XGB,0.434454,78
26,motif_global,XGB,0.417151,42
27,baseline_seq_only,XGB,0.42347,303
27,pos_pair_prob,XGB,0.472721,32
27,pos_entropy,XGB,0.466102,13
27,win_stats,XGB,0.422397,78
27,cluster_pair,XGB,0.464403,7
27,pair_dist,XGB,0.39118,13
27,seg_entropy,XGB,0.385861,21
27,ensemble,XGB,0.435505,4
27,contact_pca,XGB,0.434154,15
27,expected_acc,XGB,0.413053,8
27,mfe_basic,XGB,0.412729,24
27,squarna,XGB,0.380747,122
27,mfe_detailed,XGB,0.457318,18
27,ufold_blocks,XGB,0.455927,23
27,dist_moments,XGB,0.438115,20
27,gradient,XGB,0.405886,78
27,energy_land,XGB,0.440031,5
27,motif_positional,XGB,0.407062,78
27,motif_global,XGB,0.428434,42
28,baseline_seq_only,XGB,0.427524,303
28,pos_pair_prob,XGB,0.413087,32
28,pos_entropy,XGB,0.414228,13
28,win_stats,XGB,0.417363,78
28,cluster_pair,XGB,0.44123,7
28,pair_dist,XGB,0.403796,13
28,seg_entropy,XGB,0.40694,21
28,ensemble,XGB,0.432108,4
28,contact_pca,XGB,0.448279,15
28,expected_acc,XGB,0.416383,8
28,mfe_basic,XGB,0.425536,24
28,squarna,XGB,0.408086,122
28,mfe_detailed,XGB,0.421048,18
28,ufold_blocks,XGB,0.436935,23
28,dist_moments,XGB,0.398139,20
28,gradient,XGB,0.418626,78
28,energy_land,XGB,0.430985,5
28,motif_positional,XGB,0.407243,78
28,motif_global,XGB,0.441928,42
29,baseline_seq_only,XGB,0.38173,303
29,pos_pair_prob,XGB,0.384278,32
29,pos_entropy,XGB,0.397385,13
29,win_stats,XGB,0.373316,78
29,cluster_pair,XGB,0.414047,7
29,pair_dist,XGB,0.415045,13
29,seg_entropy,XGB,0.391015,21
29,ensemble,XGB,0.37762,4
29,contact_pca,XGB,0.416981,15
29,expected_acc,XGB,0.359594,8
29,mfe_basic,XGB,0.382906,24
29,squarna,XGB,0.389848,122
29,mfe_detailed,XGB,0.38671,18
29,ufold_blocks,XGB,0.386988,23
29,dist_moments,XGB,0.374621,20
29,gradient,XGB,0.377008,78
29,energy_land,XGB,0.407726,5
29,motif_positional,XGB,0.414998,78
29,motif_global,XGB,0.344067,42
30,baseline_seq_only,XGB,0.336044,303
30,pos_pair_prob,XGB,0.350752,32
30,pos_entropy,XGB,0.374101,13
30,win_stats,XGB,0.343741,78
30,cluster_pair,XGB,0.370868,7
30,pair_dist,XGB,0.295583,13
30,seg_entropy,XGB,0.385781,21
30,ensemble,XGB,0.353397,4
30,contact_pca,XGB,0.362942,15
30,expected_acc,XGB,0.34158,8
30,mfe_basic,XGB,0.357868,24
30,squarna,XGB,0.373024,122
30,mfe_detailed,XGB,0.371596,18
30,ufold_blocks,XGB,0.3377,23
30,dist_moments,XGB,0.354206,20
30,gradient,XGB,0.302684,78
30,energy_land,XGB,0.367039,5
30,motif_positional,XGB,0.383207,78
30,motif_global,XGB,0.345985,42
