seed,variant,spearman,mae,rmse,n_train,n_test,seconds
11001,no_pretrain,0.0954055204779871,7.811418687048509,10.307285294797724,1600,400,39.79465842247009
11001,foreign_pretrain,0.1316291101020528,7.6275160374198,10.348609123004438,1600,400,39.38331651687622
11001,in_domain_pretrain,0.1577332983331145,8.560797744275378,11.072470108337251,1600,400,38.28533554077149
11001,sequence303_GBR_control,0.358999306245664,7.179180399387851,9.72922427682797,1600,400,19.491411924362183
11002,no_pretrain,0.0694606789270027,8.176327790493062,10.870180171492668,1600,400,35.214094400405884
11002,foreign_pretrain,0.1481369883561772,7.860000758435335,10.695602520665783,1600,400,36.71627736091614
11002,in_domain_pretrain,0.108414490090563,9.067532715293428,11.80961590515175,1600,400,35.70270013809204
11002,sequence303_GBR_control,0.3400783754898467,7.63672520526546,10.296338406909086,1600,400,19.766284942626957
11003,no_pretrain,0.1563784954982793,7.468018252692745,9.48656270948426,1600,400,35.442458629608154
11003,foreign_pretrain,0.1128239551497197,7.39190544382134,9.63451648002653,1600,400,36.29473352432251
11003,in_domain_pretrain,0.1493962462265389,8.407672751629615,10.649136397950912,1600,400,37.46247506141663
11003,sequence303_GBR_control,0.3688028050175313,6.90754310445038,8.954836487478481,1600,400,20.02571201324463
11004,no_pretrain,0.1989489989915671,8.573215836381697,11.5176445000525,1600,400,35.982197999954224
11004,foreign_pretrain,0.2398723117019481,8.208338653494213,11.316528050190156,1600,400,35.70378851890564
11004,in_domain_pretrain,0.0932023325145782,9.51791016596908,12.553582455352991,1600,400,36.41674208641052
11004,sequence303_GBR_control,0.3821969512309452,7.9483333623230354,10.755521299134305,1600,400,17.560888051986694
11005,no_pretrain,0.1164658450049089,7.735001156419649,9.99703573222678,1600,400,36.21521615982056
11005,foreign_pretrain,0.1745484034275214,8.002806903372703,10.11079094051768,1600,400,39.16299915313721
11005,in_domain_pretrain,0.1167226670166688,8.92351968966298,11.324428175184655,1600,400,35.348610639572144
11005,sequence303_GBR_control,0.4340205876286725,7.054403457201229,9.034751109329234,1600,400,17.630486488342285
11006,no_pretrain,0.1893070300132434,8.14582018958281,10.472850303405238,1600,400,38.53142738342285
11006,foreign_pretrain,0.1912270076687979,7.936201310494617,10.395999700753668,1600,400,34.49591517448425
11006,in_domain_pretrain,0.1758714116963231,8.984381203827107,11.503106500715935,1600,400,35.887850761413574
11006,sequence303_GBR_control,0.4370738567116045,7.2536469713629295,9.457742270062557,1600,400,17.265634536743164
11007,no_pretrain,0.0718311734827926,8.033370191775294,10.410423134125075,1600,400,37.20777940750122
11007,foreign_pretrain,0.2291196819980125,7.757570363645602,10.153720694552057,1600,400,36.86874055862427
11007,in_domain_pretrain,0.0764882905518159,9.341149360314184,11.811105907380917,1600,400,35.59815216064453
11007,sequence303_GBR_control,0.3611345695910599,7.657886682908705,9.71351375200294,1600,400,19.06617760658264
11008,no_pretrain,0.0316945477836519,8.266161727723077,10.473031934566672,1600,400,42.07849383354187
11008,foreign_pretrain,0.2071089194307464,8.373910758639406,10.77974939559497,1600,400,37.54166603088379
11008,in_domain_pretrain,0.0702679391746198,9.440564903866608,12.025395941234294,1600,400,40.28393149375916
11008,sequence303_GBR_control,0.3582641141507133,7.75672402667647,9.830890438679448,1600,400,18.096354246139526
11009,no_pretrain,0.1050333454631235,8.11067234701831,11.172577804268077,1600,400,40.257442474365234
11009,foreign_pretrain,0.1235780848630304,8.0400799289039,11.268087046327905,1600,400,38.715749740600586
11009,in_domain_pretrain,0.1078662366639791,9.190983429325108,12.322785127103067,1600,400,38.26691365242005
11009,sequence303_GBR_control,0.3052669079181745,7.6468147889587,10.74681996747272,1600,400,19.03054642677307
11010,no_pretrain,0.1497854234980066,8.093001144698384,10.649190794756926,1600,400,35.69665265083313
11010,foreign_pretrain,0.2028228301426884,8.017923253305009,10.586063082396224,1600,400,37.33065891265869
11010,in_domain_pretrain,0.1372420452627829,9.05567311365366,12.084802672192168,1600,400,34.800544023513794
11010,sequence303_GBR_control,0.3467847299045619,7.512220943166927,10.11495033616811,1600,400,22.43171525001526
11011,no_pretrain,0.0916319508116805,8.387201963330135,10.627801594322918,1600,400,36.71534156799317
11011,foreign_pretrain,0.1270847317795736,8.05061904301827,10.549787896374571,1600,400,35.91912245750427
11011,in_domain_pretrain,0.1701025631410196,8.906662173304921,11.375853329520083,1600,400,38.70405507087708
11011,sequence303_GBR_control,0.3171797948737179,7.778664212483129,10.041817444737683,1600,400,21.88933563232422
11012,no_pretrain,0.1279971027300183,7.755385645206551,9.599166922415089,1600,400,35.372145652771
11012,foreign_pretrain,0.1431157069731685,7.643764805247226,9.611424445521354,1600,400,36.913196086883545
11012,in_domain_pretrain,0.1559134119588248,8.542429665714517,10.782917252034428,1600,400,35.39552044868469
11012,sequence303_GBR_control,0.3135844599028744,7.347281291175734,9.261684252008122,1600,400,17.92753028869629
11013,no_pretrain,0.1214070770857318,7.820584711796685,10.463128031105429,1600,400,37.41182518005371
11013,foreign_pretrain,0.1738284070757509,7.56774298460906,10.278363827371576,1600,400,37.429765462875366
11013,in_domain_pretrain,0.1731957699735623,8.636282250062571,11.558423766927724,1600,400,34.57771110534668
11013,sequence303_GBR_control,0.3980865505409408,7.124895241515792,9.848144877133622,1600,400,15.999461650848389
11014,no_pretrain,0.1093387858725715,7.915425334738339,10.3144805810785,1600,400,38.02998661994934
11014,foreign_pretrain,0.058277426733917,8.166849231999132,10.594584978155984,1600,400,34.184027671813965
11014,in_domain_pretrain,0.1069532934580841,8.937886815006696,11.60434738452414,1600,400,35.54824900627136
11014,sequence303_GBR_control,0.2992166201038756,7.641151855658759,10.007833331854044,1600,400,15.79672360420227
11015,no_pretrain,0.0421002243077847,8.048287602536249,10.277623702972528,1600,400,37.28630614280701
11015,foreign_pretrain,0.0748984681154256,8.178997269207004,10.468065146190922,1600,400,36.26753497123718
11015,in_domain_pretrain,0.0340237751485946,9.394218692348632,12.05685052812769,1600,400,36.00489544868469
11015,sequence303_GBR_control,0.3222929518309488,7.582048304118515,9.787282719145065,1600,400,18.780190467834476
11016,no_pretrain,0.0722719889651849,7.826752396346019,10.009587284914836,1600,400,39.92224788665772
11016,foreign_pretrain,0.1742607766298539,7.65565243115987,9.76047579114518,1600,400,38.995500326156616
11016,in_domain_pretrain,0.0836682729267058,8.893994022421012,11.358039323067109,1600,400,39.374072790145874
11016,sequence303_GBR_control,0.3710357564734779,7.236144061497405,9.1377318189212,1600,400,18.161688804626465
11017,no_pretrain,0.1444392313893267,7.542823064439253,9.59535905306928,1600,400,41.99228620529175
11017,foreign_pretrain,0.0774355464721654,7.631745629947036,9.897912882488164,1600,400,38.439411878585815
11017,in_domain_pretrain,0.1126012037575234,8.295956451170477,10.625914947132744,1600,400,38.3635733127594
11017,sequence303_GBR_control,0.344983968649804,7.067243041131248,9.076825756821693,1600,400,18.37876844406128
11018,no_pretrain,0.0989272676920267,8.779811785119856,11.50933276625757,1600,400,37.691807985305786
11018,foreign_pretrain,0.1838102113138207,8.508522930093516,11.308422526009045,1600,400,34.82596063613892
11018,in_domain_pretrain,0.1131847074044213,9.74518124824099,12.569553597875156,1600,400,38.20385336875916
11018,sequence303_GBR_control,0.3304805655035344,8.296798973795497,10.829583179293088,1600,400,20.009061574935917
11019,no_pretrain,0.1453141530142953,7.736804993015867,9.758758606877892,1600,400,38.36484408378601
11019,foreign_pretrain,0.1996321320585818,7.54559307365511,9.639965381424334,1600,400,35.847065925598145
11019,in_domain_pretrain,0.1419027618922618,8.512613105022886,10.84768102365402,1600,400,39.42091488838196
11019,sequence303_GBR_control,0.4110989443684023,6.999633749048773,8.991689898751067,1600,400,20.54475712776184
11020,no_pretrain,0.2341517826590563,7.934485725548393,10.398276466125182,1600,400,36.35912370681763
11020,foreign_pretrain,0.1107177544859655,7.825543684907541,10.432785774451869,1600,400,35.616817235946655
11020,in_domain_pretrain,0.1924410777567359,8.494531636776946,11.073340416934771,1600,400,35.83997440338135
11020,sequence303_GBR_control,0.3931106444415277,7.299394760150501,9.609020431198145,1600,400,17.492329120635986
11021,no_pretrain,0.1827128782961834,7.816094397522782,10.493287918319515,1600,400,40.496906042099
11021,foreign_pretrain,0.0808276301726885,7.796694246814159,10.636861024027471,1600,400,35.30906820297241
11021,in_domain_pretrain,0.2003570022312639,8.571230843742244,11.21572502456167,1600,400,34.50243806838989
11021,sequence303_GBR_control,0.400877880486753,7.159484187443732,9.749679882361082,1600,400,15.806864023208618
11022,no_pretrain,0.1867044144274023,7.749847163883787,10.341174369767227,1600,400,36.69056797027588
11022,foreign_pretrain,0.1382930895642984,7.628368792765723,10.301832577077535,1600,400,36.06269717216492
11022,in_domain_pretrain,0.1762241014006337,8.201700389652762,10.760746849774486,1600,400,34.36592888832092
11022,sequence303_GBR_control,0.382621078881743,7.167208681863781,9.62953062222126,1600,400,19.949302911758423
11023,no_pretrain,0.1399241407332308,7.999417677784095,10.012318998852562,1600,400,36.50548696517944
11023,foreign_pretrain,0.1128644554028462,7.95762371138293,10.05766029843582,1600,400,36.14914894104004
11023,in_domain_pretrain,0.011644197776236,9.246992330159646,11.59138511965003,1600,400,39.230743408203125
11023,sequence303_GBR_control,0.3524272026700166,7.333216775229114,9.355525605658425,1600,400,17.1055588722229
11024,no_pretrain,0.0794379087234579,7.896112081259252,10.537161424557718,1600,400,40.10173964500427
11024,foreign_pretrain,0.0957013481334258,7.856789723436089,10.577789203191172,1600,400,37.07328200340271
11024,in_domain_pretrain,0.1253919711998199,8.718428789815714,11.583346557919011,1600,400,37.9644148349762
11024,sequence303_GBR_control,0.3810185063656647,7.258357036534996,9.891304104845206,1600,400,17.701905250549316
11025,no_pretrain,0.0612329283072711,8.363516889567045,11.01877175260852,1600,400,36.72594213485718
11025,foreign_pretrain,0.0578523615772598,7.967643645218714,10.950841443544675,1600,400,34.769097089767456
11025,in_domain_pretrain,0.0658631616447602,8.828480890789606,12.018473942021524,1600,400,38.12857604026794
11025,sequence303_GBR_control,0.3497324358277239,7.48625278009086,10.279713536187586,1600,400,22.99414658546448
11026,no_pretrain,0.0548325036869903,8.072492959727187,10.24809473060247,1600,400,37.32117772102356
11026,foreign_pretrain,0.1160244126525791,8.165982288022187,10.660594988563846,1600,400,37.79013085365296
11026,in_domain_pretrain,0.0722177638610241,9.167008151614136,12.065985031351762,1600,400,39.92364239692688
11026,sequence303_GBR_control,0.2965175407346295,7.622935564574504,9.940301027220489,1600,400,18.81084012985229
11027,no_pretrain,0.0245453200133091,7.995081520434776,10.387457605399309,1600,400,35.7785918712616
11027,foreign_pretrain,0.0936347102169388,8.320387454792508,10.547235903956873,1600,400,35.44577527046204
11027,in_domain_pretrain,0.1054260964131025,8.90818094893184,11.616656717778328,1600,400,35.26196217536926
11027,sequence303_GBR_control,0.3398571241070256,7.578732056377535,9.899764614631469,1600,400,18.66946840286255
11028,no_pretrain,0.1138472290940429,7.8825405356717075,10.387088518812792,1600,400,38.08627939224243
11028,foreign_pretrain,0.1194696641356823,7.717846423944832,10.43289636190749,1600,400,34.5272262096405
11028,in_domain_pretrain,0.1092261826636416,9.085257984165128,11.993762637197552,1600,400,34.12488031387329
11028,sequence303_GBR_control,0.3624440777754861,7.390702423658342,9.870131877233268,1600,400,15.749704599380491
11029,no_pretrain,0.1235449840237475,8.68571374000303,11.041637624320456,1600,400,36.1020884513855
11029,foreign_pretrain,0.1814325089531809,8.447891876971498,10.842277800668915,1600,400,36.60320901870728
11029,in_domain_pretrain,0.0959614122588266,9.174846702824707,11.85309812467942,1600,400,34.45853853225708
11029,sequence303_GBR_control,0.3917231357695986,7.893077200996207,10.224407473106565,1600,400,18.98366641998291
11030,no_pretrain,0.146582994831005,7.875474575687894,10.509421250950403,1600,400,37.46253108978272
11030,foreign_pretrain,0.1061252882830517,8.117502236200382,11.173981447481111,1600,400,36.20532965660095
11030,in_domain_pretrain,0.1385491159319745,8.972109270468117,11.789922485964622,1600,400,38.634355306625366
11030,sequence303_GBR_control,0.3391086194288714,7.337727551066776,10.161819546015389,1600,400,18.403990745544437
