canonical_index,truth,prediction
915,38.0161039292652,35.44801210347828
972,44.3467992724654,24.658983079056743
1813,33.6111393044666,30.600683117629863
317,20.8016968363481,22.54422033491253
150,15.2672482639209,21.7729322734891
1641,33.4995919801222,27.27188452296634
394,23.2540378515587,19.687539848587612
1922,19.0859720537701,23.47742858493099
1705,24.6137117152211,26.494948745857815
205,17.1257135997694,19.361446513019597
112,13.7753004221231,22.84057469109505
1532,29.6215419412547,24.497714104638327
118,14.0627634781813,22.315917066487746
1632,39.0141649247598,31.51170083339558
430,24.5034905989414,21.16815952247508
1938,31.2653867605586,25.75087938691483
221,17.7289942939096,27.712882603874565
1207,10.2848231951102,30.166588479506714
1242,6.09064042745013,31.46769626796709
0,-5.94630000275356,17.61498673951818
582,28.3357280214113,23.040448708155452
545,27.4849557941816,24.602179597733613
609,28.8202921797492,24.21654081030348
480,25.5175171102128,30.27222165242089
511,26.4530341083555,28.41021918660334
1199,37.4303923086409,35.50072236742616
686,30.5084509046574,28.279256663825063
1832,16.890604816861,18.5508487527752
437,24.6506403016283,24.559396423230357
1595,4.51400760590695,26.952092867889966
1135,8.92183906879654,21.523422013567313
644,29.61874018655,30.211668942128302
671,30.2571780307517,29.415790572957565
900,37.1213711790806,30.191121390817855
928,38.8129173224515,25.93460386479052
833,34.2542792409513,35.74595742184365
1178,34.5088927029356,29.006747145971524
1470,18.5645011022643,22.27499335591772
1302,21.8971638054209,23.78497045053412
398,23.3979275219208,34.413251971038214
1192,32.5930959094912,23.823215037979192
1245,22.0080490242617,31.516862403366595
1707,43.9422916823823,24.663728363423704
759,32.2113381762065,33.128527245403134
879,36.1152526417682,34.26093099408214
1684,16.7428763585631,19.218067303690972
662,29.9769288520947,33.26924680890125
232,18.0987716453674,23.04532410224593
156,15.379659852395,23.788216510977133
1656,43.7814020956539,31.942217126620285
643,29.6100982547723,28.091874147018096
1880,-2.72422035229465,20.107501066098614
1190,30.5308251565002,27.131660328037146
837,34.4281495436699,26.982233703243818
1655,29.7704224435583,21.861195815532845
1353,36.760765483039,30.778728455786222
994,56.7382303084996,29.51554362280237
1101,18.1067527180821,28.542021892465577
1104,35.7746023077052,26.81925026419864
555,27.7828696555262,24.455673868103478
1992,16.5816863982582,28.48192322508915
1849,33.4164698433997,32.82059057180656
334,21.53431652359,21.963361015461885
1433,32.7390266224902,22.26007330132628
1049,29.1551413425914,31.356755217720025
1945,2.86005131311322,22.445299625403845
1170,35.0535103806833,28.633250860668692
133,14.7336450750008,27.54906995761429
11,3.41173968594012,20.851633816431768
1942,17.1767075089047,30.310888924099004
1863,-1.79640898725484,17.18347093061849
1758,25.1956042097408,29.026743761277626
683,30.4466132631096,22.013070441336474
764,32.3115863419407,34.18948321315706
948,41.4149319518074,24.571650793520305
83,11.9454085997932,17.820058967510906
396,23.3791232709191,28.83183435385495
909,37.6494263483146,24.104303064319907
471,25.413613090459,26.86068478319279
175,16.371086764153,25.1262668610644
1278,21.4353312819658,24.333592305405187
16,4.37453074478617,28.28986006379628
1685,39.1877061644118,23.6567772323614
1436,13.0001397679916,28.39599188258381
1744,27.7927466653164,27.619664255090967
442,24.8693445153622,25.763747461423108
790,32.816875757082,31.308582270406156
29,6.88661601201238,21.923221660651
719,31.1711943420451,27.439128328468946
1548,32.2593007075411,25.059770346703736
1968,21.7007381139338,33.30303624007625
1024,18.4039767755057,29.858369743283557
1596,45.0159462290103,24.208573876954734
252,18.8960658574433,28.50711040898062
1010,26.3164541054939,22.530898507510233
1870,15.0896201043033,18.812200657134955
202,17.0777906447802,26.89539301063956
873,35.8314345656654,29.001154976911184
96,12.6122937434666,21.203181710625266
1295,37.0390332291972,24.155350377616102
1717,22.2782975099617,29.27003404255854
1834,38.7245186733126,33.24411896871946
1750,25.3246507680706,23.33558797180688
995,59.3505886134699,32.35850792440746
367,22.5413447126666,20.090646584286972
534,27.2430521394381,25.44514713196402
20,5.28029423850603,24.163863762180124
1993,43.200763660443,28.67221908449756
1224,37.9936828964128,25.804911831318737
496,25.93540147163,27.86212887442563
461,25.3010444375723,21.22254060415023
872,35.7641735933394,29.625422560971597
1265,28.5110533529805,26.397571604610615
1089,27.2806186292619,30.97012127445572
614,28.9057684088984,22.023275438299443
1874,30.043040068831,37.46848218593362
1466,28.4256469087959,33.51998506273852
1634,15.9227359191282,30.010682610354213
1099,15.5620062652415,27.58316838491519
1550,24.9320576069695,31.655461975931914
35,7.51139606782453,27.99525615323378
1585,12.7027778954507,24.855497996813728
1669,28.4915577446118,27.39466046208684
316,20.7946255468632,20.209848732481053
257,19.0569921245697,22.328151515855996
1766,23.3350302645958,30.82513210459821
1944,31.5107622531978,27.287788476273654
1879,34.1976745041575,27.732601198504202
597,28.5986479085586,29.309011924667576
483,25.5796108021823,25.434126934796616
104,13.2451774019974,30.784485133004566
229,17.9485556720101,31.152605173735317
867,35.5190828952218,27.966431139566822
456,25.186969530183,27.19566315564268
673,30.2971041502606,27.01891814449259
935,39.7446573596426,20.33167926781248
548,27.5300105304887,21.97842413590217
520,26.7180075700526,32.49058188280806
37,7.705154024683,19.93767846176608
1350,23.0093072929049,26.671120858068697
1088,17.4804788157235,31.482059195624565
1907,17.9743910007928,26.841464996894242
976,45.2210339858539,28.371288824495295
889,36.4385374609046,32.62767640746283
312,20.449899568408,23.069924642947
1697,24.2167412058952,29.673210842420083
1788,12.5029461246631,18.587800955907475
890,36.4785373826235,26.869424980837778
2,1.31582066329793,20.802632036752602
345,21.7739279399029,31.83264371774686
40,7.9021792755957,25.900986058063495
1208,30.3846904681486,27.207386473985366
1756,13.0526309984052,20.24787792236424
525,26.8700269356486,29.22880943629193
1516,30.6990303773928,31.89515600683704
1619,36.6284243675691,27.682578350841403
1753,20.5980662425536,24.63008843635141
1547,14.3102882241474,22.978963482536862
512,26.4536962426573,26.872633989727603
410,23.7684142871149,25.932551588481086
738,31.5953212513232,24.651290940137116
1052,38.7754402298378,25.217682427945174
1647,18.3896963302286,19.663069699920563
238,18.363387596437,24.95489856263369
1495,20.1095531795363,19.5371705902013
1463,6.73450753945872,18.284416198583365
1776,41.292033120666,31.64818033228438
486,25.6052110279888,29.60682505149219
488,25.6556561155339,25.675827045600535
905,37.3738959459552,38.79614571370285
1007,32.9282585595865,29.768360674621817
1965,35.8664516853823,23.52340357776924
973,44.3566922297869,28.236037731051272
491,25.6908650462537,20.605096745733142
444,24.8869207434764,26.335599659456452
820,33.8692146691174,27.55621692284836
1487,41.0633005331802,29.746542560281462
1465,35.2723928999731,27.58904719992986
460,25.2787917213427,20.39434867719169
1285,30.6810588590342,29.882709429264636
103,13.1838526989486,20.724117284132223
1281,42.3419560345646,35.55887509747098
242,18.5344885852246,23.093770668208442
1629,36.6790676823912,32.37061251823201
164,15.5658036325622,24.165360858608437
651,29.7911181662021,22.541736438034267
473,25.414765014244,20.85506664837907
125,14.4067867161357,13.086024747108008
625,29.2727930006331,26.872811953595583
369,22.6464589860079,20.85414715326904
1279,34.5955897110871,26.291327757919564
1046,18.2195415092538,33.225684479218685
1959,21.890406757946,26.67847249668297
1355,33.0446410885452,24.896414641081016
441,24.8682486023645,24.43644767776199
1337,29.3847259889844,20.682425433521917
729,31.4208916602074,31.229717968380882
1058,34.7740058085692,23.96191084265242
249,18.8684468059946,26.70350395637492
951,41.5566027410423,35.573725995173234
1836,23.1751053894695,29.309308588669143
1306,9.67493018120149,23.49498582966574
1790,32.5465277346193,25.511948854349757
1858,19.6911229874167,28.641984100917238
897,36.7365992777741,18.71411943694757
355,22.0902517803042,24.859190305295698
266,19.2158319378541,24.219410707183894
1033,45.8434054326426,26.432330939584656
1402,29.881283560193,26.175729644052037
358,22.1546954439254,30.790573130299606
88,12.1256362159293,21.907038104083878
1933,9.65451290446799,25.091485205478904
853,35.0773519300928,26.89789046922723
1287,36.8638728030055,25.883475839886035
739,31.6046034849569,33.26994671741241
1768,20.9497485120701,21.855388728992047
1943,13.9770795077784,21.87150451969316
1440,23.698272777172,24.482916134318607
101,13.0470328369047,23.206722383960763
1851,28.7290050448937,33.6883449734523
630,29.3348694032575,24.01953429876663
1714,17.9662513734002,26.56634422040379
1064,17.4484067561825,19.71890553297469
22,5.43463994693957,18.10014129528303
733,31.5203559337679,27.08020231658501
452,25.0858360967832,30.63739579268823
247,18.7882230603063,18.861491942355233
1939,36.521726337025,28.43673480229555
1468,20.2176216951775,27.506392100880873
542,27.4141124450616,27.25116320793664
1085,21.1626917152244,26.993051688307375
993,56.3630894849994,23.606399384867746
945,40.9792577763474,27.468713614795085
1420,19.0863461858899,26.319300727059648
825,34.1049460377908,25.587854680398397
1240,35.1994080686454,25.32963752944819
904,37.3410030778832,24.837273283349663
742,31.642439177318,29.305522187810165
776,32.5579316549847,27.082673508628496
708,31.084985826179,30.08261653549975
75,11.452396249897,22.736491999819243
1602,19.2685884080965,27.21767120223113
689,30.5649440639754,28.492382940025564
1755,40.5333556317164,29.8518591603037
244,18.5646612976998,17.88469090711535
122,14.3044538565773,25.485277338859223
1681,31.879891002096,25.396963611321556
405,23.5938049820652,20.3689376883661
1853,35.2704302875864,30.178624745220272
1462,34.7249259679556,26.62356356521336
409,23.7681432649442,26.24574029290566
1179,13.1106836627696,25.79198623258969
1288,21.0819091044286,24.40221756184672
219,17.5143402270733,24.779803651481235
1801,25.4202901084755,24.656124722376312
678,30.3827554625605,30.195907652690877
690,30.5773395714605,27.35464162884708
760,32.2526631374822,20.884626305872047
1015,31.7137671895434,27.765944834604984
781,32.6435357965129,23.478705139289904
1117,12.5499264314349,24.610863636008897
1735,35.3996719375355,26.487634562156444
1424,26.8608578224521,28.52097881107279
158,15.4274253394651,18.052637080209394
998,71.7477051336355,28.83238231589129
626,29.2746354696465,21.90387065723151
222,17.7571646136603,31.69725588320268
1340,26.1694335787943,26.819025509314546
1785,28.791410875343,26.69707285427809
1221,29.5369869597198,28.264082742131176
223,17.7841494452769,24.34171095966941
1127,28.7309956024401,27.26563945081242
1000,45.2494811071228,32.29047769577726
24,6.3541374537017,19.529451653175464
829,34.1928087397209,31.121130229720652
1209,27.6223585935331,27.73196089543614
1282,33.102141258878,29.63512903355267
1529,21.633784846239,20.15714321973109
758,32.1809716459829,25.85410292897637
631,29.3398180497534,24.062428114266087
507,26.3506080078405,30.16395892703903
1566,32.3703388200374,29.660631806728855
1431,36.1277339802436,29.0856423479739
1100,2.63410041427414,24.63543240529577
259,19.0636138694863,26.842161922912183
388,23.161486291152,26.775596278778398
685,30.5066270410935,28.873740207251345
1805,26.4109174560144,28.3333004425525
1645,30.0440527032006,25.868584346125182
57,9.69330898475891,22.038931698286202
1962,47.567246913386,31.09823011190501
1228,24.7272656021123,23.775078558430806
705,31.0437420410381,25.03758066265389
1508,24.3984908432722,26.812033247655062
420,24.1208721793664,27.38260675587219
360,22.3261563049491,24.838545472789836
1456,34.3556346237092,33.81977823922425
1620,19.7612866448253,27.672132657719555
68,10.8606211895967,25.82738376185581
1908,36.3261526608658,26.449560223605225
454,25.1413759940806,28.775314638991045
1606,26.5227470943864,32.27553700691154
956,41.9958285451394,28.102820404490295
1176,34.963589343075,30.628904513657076
1576,31.7824626772999,24.617935842775598
1262,10.2510267705802,27.16499493041655
17,4.54615422639108,25.214035038891588
31,6.93040418734381,26.999739424518097
1635,31.3478128780262,21.207545647020034
550,27.5973540223895,29.242284068515318
646,29.7332138962774,26.58895140099308
1586,11.1514320625101,23.564510846689426
1147,28.6912846972227,23.91308105287284
1915,17.4647207944145,27.977596690369538
1364,13.372883358752,23.33230931364498
1296,24.0856526689859,26.0287397221157
1322,38.664946170742,37.44720076442895
1577,15.1624010016894,28.645900406521307
1926,35.533341127626,28.962542250450593
7,2.78908783021689,23.158197012614902
79,11.4915332264682,25.449085527527348
952,41.5839218345391,23.546987592327977
1912,25.4298937768071,35.92583013771829
665,30.0920782663779,24.695461528097404
1039,46.6524016058793,26.464794459362952
510,26.4163086494264,25.674081197117253
1925,19.9632662780787,28.29560074679028
1157,10.6189708816855,24.017878207580214
802,33.3562190956909,19.623859211827284
965,43.4950017532792,40.30135933066162
902,37.2268348062098,31.60862222938532
1444,30.3000009343377,35.24319851147433
1111,39.5720566866912,28.559024215912668
1757,57.0773090844305,28.75160896700702
1063,22.8486884908489,23.891114351041796
1011,20.3595818479844,17.40164722661845
605,28.7343161469325,18.089727284787166
1066,34.8962196003631,29.604809699124996
1108,35.2412399859459,30.077947998167996
1376,4.76361946380712,19.51366270403283
1687,30.7997589530351,28.13581994301289
285,19.9097865972544,21.784871264853866
767,32.355423518522,26.715473690077808
1573,30.9678126194958,27.52514167057513
1549,13.7934355102043,22.218082251463514
1736,32.3029073339458,28.488837549428414
1837,19.4395707853437,20.44194754131162
1184,14.780741105089,25.59303320334268
1699,5.33881959069549,21.43448321865979
76,11.468516591558,17.65459045733072
1243,28.1975833830911,21.5533157936658
323,21.1805434457674,23.793986129569493
443,24.881606423678,22.344863646573327
474,25.4253674374995,25.559613745828894
459,25.2504018474065,28.512705884658715
1385,28.7394518719375,26.210761470435433
300,20.2506725005624,24.67127972347822
852,35.0593470802887,19.9712080709255
1787,10.0903641931764,22.7196159180487
967,43.7356853259735,30.53723862144408
1848,52.6755893632944,29.913898694723375
1709,32.2820682823913,31.01347042428044
374,22.828090596362,23.99048132889035
1580,10.9706499875429,24.583327044135114
748,31.9593395588308,26.349817844389865
1062,9.40356191404135,18.296224614510876
1510,17.9371845314963,30.769838041661156
294,20.1121567244554,27.90136642339902
1177,33.059234576951,21.0062676135676
560,27.8929767943082,25.437739562405312
762,32.2726547591483,33.456661220748515
1029,22.4462055280492,29.27109333995141
478,25.5130722117028,30.310849301014777
436,24.6364900988774,34.4302608020667
1418,59.2944326947327,24.39375313306812
855,35.1299610935457,28.919696150864574
149,15.2545647905863,23.799391100761046
589,28.5090374865031,26.55397701318472
1971,37.0838418922649,23.303660554329163
939,39.9623514921441,25.850088322983233
278,19.7087412574547,19.10794679169452
1616,37.1611886882492,21.59023755947634
271,19.3529748126057,21.32085654629799
846,34.6673523533755,28.91610271440953
711,31.1199974636656,27.544466032116528
770,32.368855434328,21.652572865356277
1726,29.6861771118529,27.595382512856546
1464,29.5179403110124,29.88446017878958
422,24.1318881093648,26.361738879870973
1149,31.0921683276538,34.590962004000794
145,15.1308459054235,27.76507415003854
73,11.4421042904905,24.85469720736552
92,12.4573735448321,22.50130741717416
1872,15.7359192214099,23.41798069592858
1571,53.0122229389344,30.71593818350372
1187,49.5754269656027,26.599833489036378
385,23.0368253589186,26.20232988102749
296,20.1274340000891,24.5582556333191
931,39.046923760543,27.318976717405082
920,38.2368920943336,30.733982399499755
