strategy,n_from_wt,n_rounds,mean_pool_ood_rate,mean_min_train_hamming,mean_min_train_hamming_selected,total_revealed,mean_mae,selected_best_rate
greedy,0,5,1.0,4.6,4.0,1,7.209758,0.2
greedy,4,3,1.0,3.0,3.0,1,5.673002,0.3333333333333333
greedy,5,15,0.3333333333333333,5.1166599999999995,5.333333333333333,3,6.298502333333334,0.2
greedy,6,15,0.01111111111111111,4.6521,4.65,14,7.4325959,0.6666666666666666
greedy,7,15,0.03703703703703704,4.9297200000000005,4.875,16,9.413954,0.6666666666666666
greedy,8,15,0.011904761904761906,4.812740000000001,4.681326666666666,86,7.742906466666667,1.0
greedy,9,15,0.01572782043459772,4.823886666666667,4.7790799999999996,117,8.4562096,1.0
greedy,10,15,0.008542635658914728,4.64032,4.47684,173,9.153272933333334,1.0
greedy,11,15,0.008143939393939394,4.62196,4.404073333333333,201,8.494159266666667,1.0
greedy,12,15,0.009009009009009009,4.5732,4.575993333333333,103,8.1715088,1.0
greedy,13,15,0.0,4.4913066666666674,4.389285714285714,35,7.852233357142857,0.9333333333333333
greedy_diverse,0,4,1.0,5.0,5.0,1,8.622799,0.25
greedy_diverse,4,5,0.8,3.0,,0,,0.0
greedy_diverse,5,12,0.4166666666666667,4.965275,5.3,7,11.150930200000001,0.3333333333333333
greedy_diverse,6,15,0.0,4.496706666666666,5.1875,14,7.554826375,0.2
greedy_diverse,7,15,0.0,4.733246666666667,5.479158333333333,29,6.83004975,0.4
greedy_diverse,8,15,0.0,4.695153333333334,5.27352,108,7.122611000000001,0.26666666666666666
greedy_diverse,9,15,0.0011710323574730356,4.702866666666667,5.267766666666666,160,8.245772066666667,0.2
greedy_diverse,10,15,0.0,4.50614,5.151473333333333,161,7.790916066666667,0.3333333333333333
greedy_diverse,11,15,0.0,4.44678,5.1754533333333335,157,8.754698933333334,0.3333333333333333
greedy_diverse,12,15,0.0,4.4359,5.125813333333334,82,8.604031466666667,0.26666666666666666
greedy_diverse,13,15,0.0,4.250486666666666,5.138886666666666,31,10.076093666666667,0.2
maxmin_coverage,0,5,1.0,5.0,5.0,1,4.749078,0.2
maxmin_coverage,4,5,1.0,3.0,,0,,0.0
maxmin_coverage,5,14,0.35714285714285715,5.041664285714285,5.285714285714286,7,9.050076142857142,0.5
maxmin_coverage,6,15,0.0,4.458806666666666,5.111111111111111,15,9.284394555555556,0.26666666666666666
maxmin_coverage,7,15,0.0,4.6064533333333335,5.424245454545455,28,7.055050818181818,0.4
maxmin_coverage,8,15,0.0,4.670186666666667,5.361113333333334,103,6.7725512666666665,0.26666666666666666
maxmin_coverage,9,15,0.0005649717514124294,4.62066,5.372646666666666,169,8.238112733333333,0.2
maxmin_coverage,10,15,0.0,4.46576,5.300553333333334,161,8.165357666666667,0.2
maxmin_coverage,11,15,0.0,4.4113533333333335,5.288033333333333,158,7.868984333333333,0.06666666666666667
maxmin_coverage,12,15,0.0,4.41806,5.2266666666666675,80,9.207400533333333,0.2
maxmin_coverage,13,15,0.0,4.296626666666667,5.361108333333333,28,10.777536083333333,0.13333333333333333
random,0,5,1.0,5.0,,0,,0.0
random,4,5,1.0,3.0,,0,,0.0
random,5,15,0.26666666666666666,4.916666666666667,4.666666666666667,3,23.552834,0.0
random,6,15,0.0,4.6593,4.428571428571429,10,9.19922242857143,0.0
random,7,15,0.010256410256410256,4.777526666666666,4.929484615384615,31,7.8178350000000005,0.2
random,8,15,0.0026666666666666666,4.834486666666667,4.806513333333333,100,7.368628533333333,0.3333333333333333
random,9,15,0.004639796009722926,4.755933333333333,4.832273333333333,158,8.2178668,0.2
random,10,15,0.003367003367003367,4.60222,4.6778,164,8.348622933333333,0.06666666666666667
random,11,15,0.0014336917562724016,4.56224,4.508626666666667,177,7.568637466666667,0.4
random,12,15,0.0031007751937984496,4.5487,4.667353333333334,87,7.953333333333333,0.06666666666666667
random,13,15,0.0,4.4219,4.13333,20,7.9988462,0.13333333333333333
