seed,strategy,round,n_labeled_after,n_new_unique,best_labeled,best_selected,pool_best,regret,best_pred_in_batch,top5_median_new_cumulative,top10_recall_cumulative,holdout_spearman_pre,holdout_spearman_post,ood_fraction,status
1,random,1,350,50,2.63410041427414,3.031954188893,-0.128988702253992,3.160942891146992,16.962629033295485,7.50053111732268,0.11666666666666667,0.311499,0.300356,0.0017,retrained
1,random,2,400,50,2.63410041427414,2.86005131311322,-0.128988702253992,2.989040015367212,14.035650025605792,3.43182911266194,0.2,0.300356,0.302016,0.0018,retrained
1,random,3,450,50,2.63410041427414,2.86005131311322,-0.128988702253992,2.989040015367212,18.549177022264605,3.43182911266194,0.25,0.302016,0.352485,0.0,retrained
1,random,4,500,50,2.18454132435727,2.18454132435727,-0.128988702253992,2.313530026611262,16.892642086132764,3.031954188893,0.3,0.352485,0.28306,0.0,retrained
1,random,5,550,50,1.31582066329793,1.31582066329793,-0.128988702253992,1.4448093655519219,13.483877105481266,2.86005131311322,0.35,0.28306,0.326435,0.0,retrained
1,greedy,1,350,50,1.96463543386199,1.96463543386199,-0.128988702253992,2.093624136115982,10.838019522996358,3.47687136075183,0.15,0.311499,0.321409,0.0017,retrained
1,greedy,2,400,50,1.31582066329793,1.31582066329793,-0.128988702253992,1.4448093655519219,16.851277372996112,2.18454132435727,0.35,0.321409,0.324605,0.0,retrained
1,greedy,3,450,50,1.31582066329793,1.31582066329793,-0.128988702253992,1.4448093655519219,15.864464237181249,2.18454132435727,0.43333333333333335,0.324605,0.321154,0.0,retrained
1,greedy,4,500,50,1.31582066329793,1.31582066329793,-0.128988702253992,1.4448093655519219,19.318649181329757,2.17004855394771,0.5666666666666667,0.321154,0.344578,0.0,retrained
1,greedy,5,550,50,1.31582066329793,1.31582066329793,-0.128988702253992,1.4448093655519219,18.51345756876736,2.17004855394771,0.6,0.344578,0.430589,0.0925,retrained
1,greedy_diverse,1,350,50,1.96463543386199,1.96463543386199,-0.128988702253992,2.093624136115982,10.838019522996358,2.86005131311322,0.13333333333333333,0.311499,0.368033,0.0017,retrained
1,greedy_diverse,2,400,50,-0.128988702253992,-0.128988702253992,-0.128988702253992,0.0,12.329570178184538,2.18454132435727,0.2833333333333333,0.368033,0.315597,0.0018,retrained
1,greedy_diverse,3,450,50,-0.128988702253992,-0.128988702253992,-0.128988702253992,0.0,13.462442246494447,2.18454132435727,0.31666666666666665,0.315597,0.278134,0.0,retrained
1,greedy_diverse,4,500,50,-0.128988702253992,-0.128988702253992,-0.128988702253992,0.0,13.40012046943923,2.16613746399526,0.43333333333333335,0.278134,0.334612,0.0,retrained
1,greedy_diverse,5,550,50,-0.128988702253992,-0.128988702253992,-0.128988702253992,0.0,16.10868604083753,2.16613746399526,0.5333333333333333,0.334612,0.403323,0.0,retrained
1,maxmin_coverage,1,350,50,2.63410041427414,2.86005131311322,-0.128988702253992,2.989040015367212,10.838019522996358,6.4420467025011,0.08333333333333333,0.311499,0.37721,0.0017,retrained
1,maxmin_coverage,2,400,50,1.96463543386199,1.96463543386199,-0.128988702253992,2.093624136115982,13.458439477461932,2.86005131311322,0.2,0.37721,0.391436,0.0,retrained
1,maxmin_coverage,3,450,50,1.96463543386199,1.96463543386199,-0.128988702253992,2.093624136115982,15.93659091932299,2.86005131311322,0.3333333333333333,0.391436,0.316371,0.0,retrained
1,maxmin_coverage,4,500,50,-0.128988702253992,-0.128988702253992,-0.128988702253992,0.0,16.675405735472783,2.16613746399526,0.43333333333333335,0.316371,0.391373,0.0,retrained
1,maxmin_coverage,5,550,50,-0.128988702253992,-0.128988702253992,-0.128988702253992,0.0,21.030148845387124,2.16613746399526,0.5,0.391373,0.397285,0.0,retrained
2,random,1,350,50,1.31582066329793,5.36710108139232,-5.94630000275356,11.31340108414588,12.157475377923465,9.7363388310041,0.08333333333333333,0.122405,0.175254,0.0033,retrained
2,random,2,400,50,-0.128988702253992,-0.128988702253992,-5.94630000275356,5.817311300499568,16.3036015233811,4.54615422639108,0.15,0.175254,0.169149,0.0036,retrained
2,random,3,450,50,-1.79640898725484,-1.79640898725484,-5.94630000275356,4.14989101549872,14.690155511185202,4.07733535693114,0.25,0.169149,0.201736,0.004,retrained
2,random,4,500,50,-1.79640898725484,-1.79640898725484,-5.94630000275356,4.14989101549872,18.21967400243139,2.18454132435727,0.38333333333333336,0.201736,0.208072,0.0044,retrained
2,random,5,550,50,-1.79640898725484,-1.79640898725484,-5.94630000275356,4.14989101549872,13.29453519377696,2.18454132435727,0.45,0.208072,0.201389,0.0475,retrained
2,greedy,1,350,50,1.31582066329793,4.69478829079162,-5.94630000275356,10.641088293545181,12.157475377923465,6.63529152522096,0.13333333333333333,0.122405,0.155095,0.0033,retrained
2,greedy,2,400,50,-5.94630000275356,-5.94630000275356,-5.94630000275356,0.0,16.394768968527224,3.41173968594012,0.25,0.155095,0.192036,0.0036,retrained
2,greedy,3,450,50,-5.94630000275356,-5.94630000275356,-5.94630000275356,0.0,17.40949025529499,3.41173968594012,0.45,0.192036,0.212683,0.004,retrained
2,greedy,4,500,50,-5.94630000275356,-5.94630000275356,-5.94630000275356,0.0,18.41680018913865,3.41173968594012,0.55,0.212683,0.195713,0.0022,retrained
2,greedy,5,550,50,-5.94630000275356,-5.94630000275356,-5.94630000275356,0.0,20.62281284999473,3.41173968594012,0.5666666666666667,0.195713,0.231852,0.08,retrained
2,greedy_diverse,1,350,50,-1.79640898725484,-1.79640898725484,-5.94630000275356,4.14989101549872,12.157475377923465,5.36710108139232,0.13333333333333333,0.122405,0.199704,0.0033,retrained
2,greedy_diverse,2,400,50,-5.94630000275356,-5.94630000275356,-5.94630000275356,0.0,14.091266116784448,4.69478829079162,0.25,0.199704,0.188147,0.0036,retrained
2,greedy_diverse,3,450,50,-5.94630000275356,-5.94630000275356,-5.94630000275356,0.0,13.255344738737682,-0.128988702253992,0.43333333333333335,0.188147,0.199287,0.004,retrained
2,greedy_diverse,4,500,50,-5.94630000275356,-5.94630000275356,-5.94630000275356,0.0,12.243356339325258,-0.128988702253992,0.5166666666666667,0.199287,0.236743,0.0044,retrained
2,greedy_diverse,5,550,50,-5.94630000275356,-5.94630000275356,-5.94630000275356,0.0,15.50091826678226,-0.128988702253992,0.5833333333333334,0.236743,0.22516,0.0,retrained
2,maxmin_coverage,1,350,50,-1.79640898725484,-1.79640898725484,-5.94630000275356,4.14989101549872,15.303293092428287,8.86157183987598,0.1,0.122405,0.0985,0.0033,retrained
2,maxmin_coverage,2,400,50,-5.94630000275356,-5.94630000275356,-5.94630000275356,0.0,14.524968820239453,5.36710108139232,0.2,0.0985,0.224937,0.0036,retrained
2,maxmin_coverage,3,450,50,-5.94630000275356,-5.94630000275356,-5.94630000275356,0.0,17.288283387188724,2.18454132435727,0.3333333333333333,0.224937,0.143437,0.004,retrained
2,maxmin_coverage,4,500,50,-5.94630000275356,-5.94630000275356,-5.94630000275356,0.0,20.221537542010545,2.18454132435727,0.45,0.143437,0.19788,0.0044,retrained
2,maxmin_coverage,5,550,50,-5.94630000275356,-5.94630000275356,-5.94630000275356,0.0,23.21708989992417,2.18454132435727,0.5,0.19788,0.222066,0.005,retrained
3,random,1,350,50,-1.79640898725484,4.04922987856844,-0.128988702253992,4.178218580822432,15.205345385297615,10.6689926140753,0.1,0.296619,0.324974,0.0033,retrained
3,random,2,400,50,-1.79640898725484,4.04922987856844,-0.128988702253992,4.178218580822432,16.87763374830568,7.78029772913942,0.16666666666666666,0.324974,0.339109,0.0036,retrained
3,random,3,450,50,-1.79640898725484,4.04922987856844,-0.128988702253992,4.178218580822432,12.740887883789949,7.23220821277573,0.2833333333333333,0.339109,0.29896,0.004,retrained
3,random,4,500,50,-1.79640898725484,-0.128988702253992,-0.128988702253992,0.0,19.171616541899112,2.91626778182399,0.4,0.29896,0.373952,0.0044,retrained
3,random,5,550,50,-1.79640898725484,-0.128988702253992,-0.128988702253992,0.0,17.248825831250848,2.91626778182399,0.43333333333333335,0.373952,0.274598,0.0,retrained
3,greedy,1,350,50,-1.79640898725484,4.74393837252501,-0.128988702253992,4.872927074779002,12.31104375969499,9.17078142799073,0.13333333333333333,0.296619,0.273046,0.0033,retrained
3,greedy,2,400,50,-1.79640898725484,1.82530723417949,-0.128988702253992,1.954295936433482,14.906184624797254,5.43463994693957,0.35,0.273046,0.290629,0.0036,retrained
3,greedy,3,450,50,-1.79640898725484,1.82530723417949,-0.128988702253992,1.954295936433482,16.105186794057396,3.19723738387984,0.55,0.290629,0.3227,0.004,retrained
3,greedy,4,500,50,-1.79640898725484,1.82530723417949,-0.128988702253992,1.954295936433482,18.951828440006874,3.19723738387984,0.6166666666666667,0.3227,0.250716,0.0044,retrained
3,greedy,5,550,50,-1.79640898725484,1.82530723417949,-0.128988702253992,1.954295936433482,17.719839741888954,3.19723738387984,0.7166666666666667,0.250716,0.312315,0.005,retrained
3,greedy_diverse,1,350,50,-1.79640898725484,1.82530723417949,-0.128988702253992,1.954295936433482,12.31104375969499,4.74393837252501,0.16666666666666666,0.296619,0.244611,0.0033,retrained
3,greedy_diverse,2,400,50,-1.79640898725484,1.82530723417949,-0.128988702253992,1.954295936433482,13.865398631013198,4.60837494907901,0.3,0.244611,0.300491,0.0036,retrained
3,greedy_diverse,3,450,50,-1.79640898725484,1.82530723417949,-0.128988702253992,1.954295936433482,13.21056593385662,3.19723738387984,0.4166666666666667,0.300491,0.285459,0.004,retrained
3,greedy_diverse,4,500,50,-1.79640898725484,1.82530723417949,-0.128988702253992,1.954295936433482,14.801204018968562,3.19723738387984,0.4166666666666667,0.285459,0.280324,0.0044,retrained
3,greedy_diverse,5,550,50,-1.79640898725484,1.82530723417949,-0.128988702253992,1.954295936433482,15.005676651316382,2.91626778182399,0.5333333333333333,0.280324,0.246257,0.005,retrained
3,maxmin_coverage,1,350,50,-1.79640898725484,4.60837494907901,-0.128988702253992,4.737363651333002,14.135906545572292,6.28859501111583,0.1,0.296619,0.25433,0.0033,retrained
3,maxmin_coverage,2,400,50,-1.79640898725484,1.82530723417949,-0.128988702253992,1.954295936433482,13.102368797128452,5.89735427590858,0.2,0.25433,0.250686,0.0036,retrained
3,maxmin_coverage,3,450,50,-1.79640898725484,1.82530723417949,-0.128988702253992,1.954295936433482,16.32672817433786,3.19723738387984,0.3333333333333333,0.250686,0.313322,0.004,retrained
3,maxmin_coverage,4,500,50,-1.79640898725484,1.82530723417949,-0.128988702253992,1.954295936433482,19.960732836462547,3.19723738387984,0.4,0.313322,0.318036,0.0044,retrained
3,maxmin_coverage,5,550,50,-1.79640898725484,1.82530723417949,-0.128988702253992,1.954295936433482,21.936331766754915,3.19723738387984,0.4166666666666667,0.318036,0.273983,0.005,retrained
