source_run,model,baseline,candidate,paired_seeds,baseline_mean,candidate_mean,mean_delta,delta_std,bootstrap_ci95_low,bootstrap_ci95_high,wins,ties
v10b,XGB,baseline_seq_only,contact_pca,30,0.3804493666666666,0.3920449333333333,0.011595566666666663,0.022527901571596506,0.0038593149999999886,0.019837130833333327,21,0
v10b,XGB,baseline_seq_only,cluster_pair,30,0.3804493666666666,0.3866036666666667,0.0061543,0.019063002347298377,-0.0005452608333333335,0.012816247499999978,21,0
v10b,XGB,baseline_seq_only,energy_land,30,0.3804493666666666,0.38643896666666666,0.0059896,0.020972404102402826,-0.0014307091666666731,0.013448005833333325,18,0
v10b,XGB,baseline_seq_only,pos_entropy,30,0.3804493666666666,0.38578163333333326,0.005332266666666665,0.020454556202559822,-0.0016502866666666693,0.012696474999999992,15,0
v10b,XGB,baseline_seq_only,motif_global,30,0.3804493666666666,0.38552670000000006,0.005077333333333336,0.023426758945971245,-0.003106842499999996,0.013375148333333316,19,0
v10b,XGB,baseline_seq_only,pos_pair_prob,30,0.3804493666666666,0.38511416666666676,0.004664799999999995,0.01946550444778908,-0.002075116666666672,0.011416788333333327,20,0
v10b,XGB,baseline_seq_only,motif_positional,30,0.3804493666666666,0.3850611333333333,0.0046117666666666635,0.021776812902375257,-0.0028597533333333336,0.012310661666666655,18,0
v10b,XGB,baseline_seq_only,mfe_detailed,30,0.3804493666666666,0.3821002666666668,0.0016508999999999903,0.021117140316046258,-0.005767725833333343,0.009175134999999989,13,0
v10b,XGB,baseline_seq_only,ensemble,30,0.3804493666666666,0.3817823999999999,0.001333033333333335,0.02314241997521425,-0.006643149166666665,0.00953003999999999,15,0
v10b,XGB,baseline_seq_only,win_stats,30,0.3804493666666666,0.3798987666666667,-0.0005505999999999993,0.015384734358537329,-0.006040941666666668,0.0047398308333333194,16,0
v10b,XGB,baseline_seq_only,dist_moments,30,0.3804493666666666,0.3793798666666666,-0.001069500000000001,0.022476621257546077,-0.008831307500000002,0.006925929999999987,15,0
v10b,XGB,baseline_seq_only,squarna,30,0.3804493666666666,0.3762509,-0.004198466666666667,0.027446168792035798,-0.013649139999999999,0.005706274166666663,13,0
v10b,XGB,baseline_seq_only,seg_entropy,30,0.3804493666666666,0.3760464333333333,-0.004402933333333333,0.02369989248620068,-0.012599882500000001,0.004168571666666667,12,0
v10b,XGB,baseline_seq_only,mfe_basic,30,0.3804493666666666,0.37573073333333334,-0.004718633333333333,0.022790831650988042,-0.012483040833333335,0.0034687266666666625,12,0
v10b,XGB,baseline_seq_only,expected_acc,30,0.3804493666666666,0.37300629999999996,-0.007443066666666668,0.020635058742483562,-0.014691676666666669,-3.603833333334834e-05,8,0
v10b,XGB,baseline_seq_only,ufold_blocks,30,0.3804493666666666,0.37251976666666664,-0.007929599999999993,0.01719946309025673,-0.013913193333333329,-0.001783580833333329,12,0
v10b,XGB,baseline_seq_only,pair_dist,30,0.3804493666666666,0.35788600000000004,-0.022563366666666675,0.03234543532415657,-0.03398608583333334,-0.011025226666666684,8,0
v10b,XGB,baseline_seq_only,gradient,30,0.3804493666666666,0.3553881333333333,-0.025061233333333342,0.02795451555860148,-0.03498475833333334,-0.014915122500000004,5,0
v11,XGB,seq_303d,seq_303d+useful_192d,30,0.38413663333333326,0.3849199666666668,0.0007833333333333322,0.019784418036866067,-0.006122455833333332,0.007711416666666649,14,0
v11,GBR,seq_303d,seq_303d+useful_192d,30,0.37402786666666665,0.36829553333333337,-0.0057323333333333375,0.015758137804241693,-0.011537684999999999,-0.00034486083333333853,14,0
v12,GBR,baseline_seq,rna_properties,30,0.37402786666666665,0.3809373666666666,0.0069095,0.021311594135668223,-0.0005292791666666668,0.014465313333333323,18,0
v12,GBR,baseline_seq,block_features,30,0.37402786666666665,0.3720345666666668,-0.001993300000000005,0.01718126030291584,-0.007998341666666669,0.0039811366666666625,17,0
v12,GBR,baseline_seq,local_window,30,0.37402786666666665,0.3699697333333333,-0.0040581333333333395,0.016547083499107537,-0.010062001666666672,0.0016925449999999947,14,0
v12,XGB,baseline_seq,local_window,30,0.38413663333333326,0.3789055,-0.0052311333333333355,0.017237956860957446,-0.011355952500000007,0.0007072924999999891,13,0
v12,XGB,baseline_seq,block_features,30,0.38413663333333326,0.37864409999999993,-0.005492533333333335,0.016687317973659608,-0.01123059583333333,0.0004967508333333055,8,0
v12,GBR,baseline_seq,delta_kmer,30,0.37402786666666665,0.3680685,-0.005959366666666668,0.02060738568217771,-0.013127866666666665,0.0012545174999999938,12,0
v12,XGB,baseline_seq,rna_properties,30,0.38413663333333326,0.3780254,-0.006111233333333338,0.02230593354442952,-0.014275754166666672,0.0013195624999999902,13,0
v12,GBR,baseline_seq,pairwise_mut,30,0.37402786666666665,0.36294229999999994,-0.011085566666666668,0.03134665197618547,-0.02229030416666667,-0.0002413691666666684,14,0
v12,XGB,baseline_seq,delta_kmer,30,0.38413663333333326,0.369877,-0.014259633333333336,0.018258469193081675,-0.020639113333333348,-0.007854010833333341,8,0
v12,XGB,baseline_seq,pairwise_mut,30,0.38413663333333326,0.3647128666666666,-0.01942376666666667,0.02916152486160528,-0.029681004166666667,-0.009061232500000002,8,0
v13,GBR,seq_303d,seq+nupack+rna_270d,30,0.37402786666666665,0.38305863333333345,0.009030766666666665,0.023141535276287917,0.0008377441666666682,0.017091828333333333,18,0
v13,XGB,seq_303d,seq_303d+nupack_192d,30,0.38413663333333326,0.3849199666666668,0.0007833333333333322,0.019784418036866067,-0.00621908916666667,0.007718737499999995,14,0
v13,GBR,seq_303d,seq_303d+nupack_192d,30,0.37402786666666665,0.36829553333333337,-0.0057323333333333375,0.015758137804241693,-0.011456204166666678,-0.00041739666666667765,14,0
v13,XGB,seq_303d,seq+nupack+rna_270d,30,0.38413663333333326,0.3752216666666667,-0.008914966666666664,0.02582599209228127,-0.018287961666666668,-0.0003565208333333342,14,0
