seed,proxy,model_id,train_seconds,n_train,n_holdout,holdout_spearman
6001,xgb,xgb_boot5_sklearn_gbm_298ed22c5ccf665c,1.9353151000104845,300,1700,0.2804515401521714
6001,rf,rf300_seq303_99a193d817e646f3,0.5673715999582782,300,1700,0.27045039767263906
6002,xgb,xgb_boot5_sklearn_gbm_8b38e051d2f5bf76,1.9837967000203207,300,1700,0.24605958687182936
6002,rf,rf300_seq303_1253b54e21f8ec1d,0.5594413999933749,300,1700,0.25255930009175864
6003,xgb,xgb_boot5_sklearn_gbm_a712f8739056af4c,1.6788902999833226,300,1700,0.24128343134171243
6003,rf,rf300_seq303_2b4079061fe3f624,0.5090075999614783,300,1700,0.2718405418540446
6004,xgb,xgb_boot5_sklearn_gbm_aba0a5d6804b9729,1.638389800034929,300,1700,0.2368135007721131
6004,rf,rf300_seq303_78880a23a181b4a0,0.5246283000451513,300,1700,0.23411709031170458
6005,xgb,xgb_boot5_sklearn_gbm_2d2b80d1755afc2d,1.8038997999974526,300,1700,0.2626889976306458
6005,rf,rf300_seq303_b82d02fbd30aa3b1,0.5429958000313491,300,1700,0.23530576241109574
6006,xgb,xgb_boot5_sklearn_gbm_86b54a7b89e92068,1.6627354000229388,300,1700,0.22666439758385423
6006,rf,rf300_seq303_c518252a0201a38c,0.5278520000283606,300,1700,0.2730089387574182
6007,xgb,xgb_boot5_sklearn_gbm_bc536a2974c55bcc,1.6166332000284456,300,1700,0.2939626093499767
6007,rf,rf300_seq303_acef78bb27bdcdd9,0.5339306000387296,300,1700,0.2570962127139348
6008,xgb,xgb_boot5_sklearn_gbm_46c061e9df8aed2a,1.61792200000491,300,1700,0.27320945582252687
6008,rf,rf300_seq303_ef97082c81dd6aaf,0.5608315999852493,300,1700,0.24755590165785316
6009,xgb,xgb_boot5_sklearn_gbm_cf9e8b32bd0ffd65,1.6169642999884672,300,1700,0.27232350965804325
6009,rf,rf300_seq303_21b6dacacb4ed334,0.5267613000469282,300,1700,0.24730891113884568
6010,xgb,xgb_boot5_sklearn_gbm_80a1272de1152683,1.6274989999947138,300,1700,0.25969357383638436
6010,rf,rf300_seq303_9c981f0484f8d975,0.5167618000414222,300,1700,0.2621749880895593
6011,xgb,xgb_boot5_sklearn_gbm_76beb92e00f94744,1.660896200046409,300,1700,0.21955827639074793
6011,rf,rf300_seq303_dccf8ce892e4d85a,0.5301196000073105,300,1700,0.23544978200101332
6012,xgb,xgb_boot5_sklearn_gbm_161c712930832354,1.578365000023041,300,1700,0.253758220921835
6012,rf,rf300_seq303_7ac74b055978437b,0.5331811000360176,300,1700,0.2180710414656565
6013,xgb,xgb_boot5_sklearn_gbm_a7a10916d1d5c110,1.6876698999549262,300,1700,0.23850891460719614
6013,rf,rf300_seq303_28f0ea4e8cffabd4,0.5384194999933243,300,1700,0.2457848006989947
6014,xgb,xgb_boot5_sklearn_gbm_c2ddac617bff52ae,1.9366936999722384,300,1700,0.2873875523221736
6014,rf,rf300_seq303_9975b9ed077eb2e2,0.5289564999984577,300,1700,0.2659534223734618
6015,xgb,xgb_boot5_sklearn_gbm_db0a70abe389fc7b,1.6124407000024803,300,1700,0.20850477640100137
6015,rf,rf300_seq303_9fb0a2a899b7b5a4,0.5134306999971159,300,1700,0.2808333298222391
6016,xgb,xgb_boot5_sklearn_gbm_44edd3c35172a54f,1.7515847000177018,300,1700,0.266820815305391
6016,rf,rf300_seq303_90349de63e265717,0.5509485999937169,300,1700,0.25304445637605855
6017,xgb,xgb_boot5_sklearn_gbm_6249edc534f8c3ea,1.6753116000327282,300,1700,0.26267619754722893
6017,rf,rf300_seq303_1ac3828c38aaeabc,0.5257228999980725,300,1700,0.2771519884303644
6018,xgb,xgb_boot5_sklearn_gbm_f1b622da0aaac9a2,1.7396332999924198,300,1700,0.21040620673530452
6018,rf,rf300_seq303_83183767b1a8664e,0.5239862000453286,300,1700,0.24759248298538997
6019,xgb,xgb_boot5_sklearn_gbm_792aab551643ec34,1.6457655999693088,300,1700,0.22025890137189744
6019,rf,rf300_seq303_7d9a4ad29fa57aad,0.5341966000269167,300,1700,0.2816581621858082
6020,xgb,xgb_boot5_sklearn_gbm_9f01f9bf1925b1bc,1.931338299997151,300,1700,0.26995802624234566
6020,rf,rf300_seq303_e857ef7b8d2695ed,0.7124852999695577,300,1700,0.26989642149886345
6021,xgb,xgb_boot5_sklearn_gbm_0552723f2dd6777d,1.6611642999923788,300,1700,0.23251366075172464
6021,rf,rf300_seq303_98fc60401346e7b8,0.5032298000296578,300,1700,0.24989344042720305
6022,xgb,xgb_boot5_sklearn_gbm_bd982b4e2aa8057d,1.7341810000361875,300,1700,0.2557343282614203
6022,rf,rf300_seq303_3c82c07aad56e3c0,0.5240590000175871,300,1700,0.24403470280052814
6023,xgb,xgb_boot5_sklearn_gbm_43aba3a87c202d6c,1.5993444999912754,300,1700,0.25544210263618444
6023,rf,rf300_seq303_210df98801457642,0.5010253000073135,300,1700,0.27211927022242194
6024,xgb,xgb_boot5_sklearn_gbm_85ce585ffa2572d8,1.6382812000229023,300,1700,0.22069480463691588
6024,rf,rf300_seq303_09e7cd36812d4bf7,0.6889256000285968,300,1700,0.2466196448714423
6025,xgb,xgb_boot5_sklearn_gbm_d262844500523e42,1.6790777000132948,300,1700,0.16398995375186673
6025,rf,rf300_seq303_e619da2986be9270,0.546594399958849,300,1700,0.19195091111674104
6026,xgb,xgb_boot5_sklearn_gbm_e9b38600d1fa3c18,1.657883599982597,300,1700,0.20249442789345148
6026,rf,rf300_seq303_e61477bd7176feaa,0.5463341999566182,300,1700,0.23935094217313285
6027,xgb,xgb_boot5_sklearn_gbm_90254a4a06256ede,1.689680999959819,300,1700,0.21576428308554468
6027,rf,rf300_seq303_1c287198cf401f68,0.5275782999815419,300,1700,0.22962754129184207
6028,xgb,xgb_boot5_sklearn_gbm_3803d0e882f5ac50,1.8174218999920413,300,1700,0.27623547087909767
6028,rf,rf300_seq303_eaf0c6a3f6f85910,0.5125593999982812,300,1700,0.280276294587936
6029,xgb,xgb_boot5_sklearn_gbm_51dee5ff7a51ac20,1.6039585000253282,300,1700,0.2519437851220099
6029,rf,rf300_seq303_94453dd196f9042e,0.5199412000365555,300,1700,0.28186207676888464
6030,xgb,xgb_boot5_sklearn_gbm_85878b0157eda5a8,1.7581695999833755,300,1700,0.1762351360878753
6030,rf,rf300_seq303_86cf2755ffde1cd8,0.6069982000044547,300,1700,0.2263879651657929
