proxy,budget,policy,n_seeds,mean_best_pred_gbsa,mean_actual_predictions
rf,1024,iterated_local_search,30,17.154860924434093,1024.0
rf,1024,matched_seed_random_walk,30,17.608039656128987,1024.0
rf,1024,multi_start_beam,30,17.230001919393803,1023.1333333333333
rf,1024,multi_start_hill_climb,30,16.662546205528976,1024.0
rf,1024,mutation_only_adalead,30,16.684182596868578,1024.0
rf,1024,mutation_only_ga,30,16.79044087955761,986.4
rf,1024,simulated_annealing,30,17.111927919082877,1024.0
rf,4096,iterated_local_search,30,16.98094667623541,4096.0
rf,4096,matched_seed_random_walk,30,17.533676821976652,4096.0
rf,4096,multi_start_beam,30,17.07227476088602,3918.5
rf,4096,multi_start_hill_climb,30,16.644364440884818,4091.6666666666665
rf,4096,mutation_only_adalead,30,16.66532300049761,1952.9333333333334
rf,4096,mutation_only_ga,30,16.683650180350476,1452.9666666666667
rf,4096,simulated_annealing,30,17.441956006099463,4093.266666666667
xgb,1024,iterated_local_search,30,8.434623043549674,1024.0
xgb,1024,matched_seed_random_walk,30,8.846998301321264,1024.0
xgb,1024,multi_start_beam,30,8.278826938006253,1023.4666666666667
xgb,1024,multi_start_hill_climb,30,6.378096945293021,1024.0
xgb,1024,mutation_only_adalead,30,5.4040620297845035,389.3
xgb,1024,mutation_only_ga,30,7.3373825879202395,1005.3333333333334
xgb,1024,simulated_annealing,30,7.732671676187011,1024.0
xgb,4096,iterated_local_search,30,8.423506545399105,4096.0
xgb,4096,matched_seed_random_walk,30,8.846998301321264,4096.0
xgb,4096,multi_start_beam,30,8.24575072708283,4029.266666666667
xgb,4096,multi_start_hill_climb,30,6.378096945293021,4015.4666666666667
xgb,4096,mutation_only_adalead,30,5.4040620297845035,402.53333333333336
xgb,4096,mutation_only_ga,30,7.293283333112245,1554.0333333333333
xgb,4096,simulated_annealing,30,8.403196305899268,3648.0333333333333
