seed,strategy,round,n_labeled_after,n_new_unique,best_labeled,best_selected,pool_best,regret,best_pred_in_batch,holdout_spearman_pre,holdout_spearman_post,ood_fraction,status
1,random,1,350,50,2.63410041427414,3.031954188893,-0.128988702253992,3.160942891146992,18.894441604614254,0.344061,0.319773,0.0017,retrained
1,random,2,400,50,2.63410041427414,2.86005131311322,-0.128988702253992,2.989040015367212,15.629010200500488,0.319773,0.297391,0.0018,retrained
1,random,3,450,50,2.63410041427414,2.86005131311322,-0.128988702253992,2.989040015367212,17.717037200927734,0.297391,0.321947,0.0,retrained
1,random,4,500,50,2.18454132435727,2.18454132435727,-0.128988702253992,2.313530026611262,15.633066177368164,0.321947,0.292617,0.0,retrained
1,random,5,550,50,1.31582066329793,1.31582066329793,-0.128988702253992,1.4448093655519219,14.674633979797363,0.292617,0.338458,0.0,retrained
1,greedy,1,350,50,1.96463543386199,1.96463543386199,-0.128988702253992,2.093624136115982,11.990915298461914,0.344061,0.32434,0.0017,retrained
1,greedy,2,400,50,1.31582066329793,1.31582066329793,-0.128988702253992,1.4448093655519219,16.23857307434082,0.32434,0.293202,0.0018,retrained
1,greedy,3,450,50,1.31582066329793,1.31582066329793,-0.128988702253992,1.4448093655519219,16.432706832885742,0.293202,0.368807,0.0,retrained
1,greedy,4,500,50,-0.128988702253992,-0.128988702253992,-0.128988702253992,0.0,20.55066299438477,0.368807,0.396958,0.0,retrained
1,greedy,5,550,50,-0.128988702253992,-0.128988702253992,-0.128988702253992,0.0,21.162118911743164,0.396958,0.451084,0.0,retrained
1,greedy_diverse,1,350,50,1.96463543386199,1.96463543386199,-0.128988702253992,2.093624136115982,11.990915298461914,0.344061,0.345531,0.0017,retrained
1,greedy_diverse,2,400,50,1.96463543386199,1.96463543386199,-0.128988702253992,2.093624136115982,13.3512601852417,0.345531,0.393236,0.0018,retrained
1,greedy_diverse,3,450,50,1.96463543386199,1.96463543386199,-0.128988702253992,2.093624136115982,16.285676956176758,0.393236,0.407122,0.0,retrained
1,greedy_diverse,4,500,50,-0.128988702253992,-0.128988702253992,-0.128988702253992,0.0,16.93617820739746,0.407122,0.382325,0.0,retrained
1,greedy_diverse,5,550,50,-0.128988702253992,-0.128988702253992,-0.128988702253992,0.0,17.539241790771484,0.382325,0.435698,0.0,retrained
1,maxmin_coverage,1,350,50,2.63410041427414,2.86005131311322,-0.128988702253992,2.989040015367212,13.02861785888672,0.344061,0.37272,0.0017,retrained
1,maxmin_coverage,2,400,50,1.96463543386199,1.96463543386199,-0.128988702253992,2.093624136115982,13.360641479492188,0.37272,0.359506,0.0,retrained
1,maxmin_coverage,3,450,50,-0.128988702253992,-0.128988702253992,-0.128988702253992,0.0,14.599538803100586,0.359506,0.376323,0.0,retrained
1,maxmin_coverage,4,500,50,-0.128988702253992,-0.128988702253992,-0.128988702253992,0.0,21.60407066345215,0.376323,0.397031,0.0,retrained
1,maxmin_coverage,5,550,50,-0.128988702253992,-0.128988702253992,-0.128988702253992,0.0,22.661846160888672,0.397031,0.371486,0.0,retrained
2,random,1,350,50,1.31582066329793,5.36710108139232,-5.94630000275356,11.31340108414588,18.04226303100586,0.138008,0.158686,0.0033,retrained
2,random,2,400,50,-0.128988702253992,-0.128988702253992,-5.94630000275356,5.817311300499568,15.180392265319824,0.158686,0.181383,0.0036,retrained
2,random,3,450,50,-1.79640898725484,-1.79640898725484,-5.94630000275356,4.14989101549872,13.065197944641112,0.181383,0.19809,0.004,retrained
2,random,4,500,50,-1.79640898725484,-1.79640898725484,-5.94630000275356,4.14989101549872,16.985633850097656,0.19809,0.204286,0.0044,retrained
2,random,5,550,50,-1.79640898725484,-1.79640898725484,-5.94630000275356,4.14989101549872,15.194099426269531,0.204286,0.227452,0.0475,retrained
2,greedy,1,350,50,1.31582066329793,5.36710108139232,-5.94630000275356,11.31340108414588,14.262731552124023,0.138008,0.15751,0.0033,retrained
2,greedy,2,400,50,-5.94630000275356,-5.94630000275356,-5.94630000275356,0.0,16.430139541625977,0.15751,0.24305,0.0036,retrained
2,greedy,3,450,50,-5.94630000275356,-5.94630000275356,-5.94630000275356,0.0,18.39792251586914,0.24305,0.220638,0.004,retrained
2,greedy,4,500,50,-5.94630000275356,-5.94630000275356,-5.94630000275356,0.0,19.815204620361328,0.220638,0.213971,0.0044,retrained
2,greedy,5,550,50,-5.94630000275356,-5.94630000275356,-5.94630000275356,0.0,18.685791015625,0.213971,0.239787,0.005,retrained
2,greedy_diverse,1,350,50,-1.79640898725484,-1.79640898725484,-5.94630000275356,4.14989101549872,14.262731552124023,0.138008,0.170406,0.0033,retrained
2,greedy_diverse,2,400,50,-5.94630000275356,-5.94630000275356,-5.94630000275356,0.0,13.83294677734375,0.170406,0.141511,0.0036,retrained
2,greedy_diverse,3,450,50,-5.94630000275356,-5.94630000275356,-5.94630000275356,0.0,12.036177635192873,0.141511,0.169938,0.004,retrained
2,greedy_diverse,4,500,50,-5.94630000275356,-5.94630000275356,-5.94630000275356,0.0,13.394668579101562,0.169938,0.205609,0.0,retrained
2,greedy_diverse,5,550,50,-5.94630000275356,-5.94630000275356,-5.94630000275356,0.0,14.4401216506958,0.205609,0.195444,0.0,retrained
2,maxmin_coverage,1,350,50,-1.79640898725484,-1.79640898725484,-5.94630000275356,4.14989101549872,16.700021743774414,0.138008,0.134405,0.0033,retrained
2,maxmin_coverage,2,400,50,-5.94630000275356,-5.94630000275356,-5.94630000275356,0.0,15.011189460754396,0.134405,0.156782,0.0036,retrained
2,maxmin_coverage,3,450,50,-5.94630000275356,-5.94630000275356,-5.94630000275356,0.0,17.78360366821289,0.156782,0.157288,0.004,retrained
2,maxmin_coverage,4,500,50,-5.94630000275356,-5.94630000275356,-5.94630000275356,0.0,19.677738189697266,0.157288,0.186303,0.0044,retrained
2,maxmin_coverage,5,550,50,-5.94630000275356,-5.94630000275356,-5.94630000275356,0.0,21.23888397216797,0.186303,0.193469,0.0,retrained
3,random,1,350,50,-1.79640898725484,4.04922987856844,-0.128988702253992,4.178218580822432,14.819002151489258,0.300581,0.321484,0.0033,retrained
3,random,2,400,50,-1.79640898725484,4.04922987856844,-0.128988702253992,4.178218580822432,15.871788024902344,0.321484,0.329165,0.0036,retrained
3,random,3,450,50,-1.79640898725484,4.04922987856844,-0.128988702253992,4.178218580822432,13.949777603149414,0.329165,0.331238,0.004,retrained
3,random,4,500,50,-1.79640898725484,-0.128988702253992,-0.128988702253992,0.0,18.759521484375,0.331238,0.355888,0.0044,retrained
3,random,5,550,50,-1.79640898725484,-0.128988702253992,-0.128988702253992,0.0,17.537349700927734,0.355888,0.297007,0.0,retrained
3,greedy,1,350,50,-1.79640898725484,1.82530723417949,-0.128988702253992,1.954295936433482,13.237322807312012,0.300581,0.263242,0.0033,retrained
3,greedy,2,400,50,-1.79640898725484,1.82530723417949,-0.128988702253992,1.954295936433482,16.636768341064453,0.263242,0.249758,0.0036,retrained
3,greedy,3,450,50,-1.79640898725484,1.82530723417949,-0.128988702253992,1.954295936433482,18.09823226928711,0.249758,0.282588,0.004,retrained
3,greedy,4,500,50,-1.79640898725484,1.82530723417949,-0.128988702253992,1.954295936433482,20.048770904541016,0.282588,0.259835,0.0044,retrained
3,greedy,5,550,50,-1.79640898725484,1.82530723417949,-0.128988702253992,1.954295936433482,21.58897018432617,0.259835,0.264782,0.0925,retrained
3,greedy_diverse,1,350,50,-1.79640898725484,1.82530723417949,-0.128988702253992,1.954295936433482,13.237322807312012,0.300581,0.303398,0.0033,retrained
3,greedy_diverse,2,400,50,-1.79640898725484,1.82530723417949,-0.128988702253992,1.954295936433482,13.731175422668455,0.303398,0.302108,0.0036,retrained
3,greedy_diverse,3,450,50,-1.79640898725484,1.82530723417949,-0.128988702253992,1.954295936433482,11.744636535644531,0.302108,0.298282,0.004,retrained
3,greedy_diverse,4,500,50,-1.79640898725484,1.82530723417949,-0.128988702253992,1.954295936433482,12.357440948486328,0.298282,0.33301,0.0044,retrained
3,greedy_diverse,5,550,50,-1.79640898725484,-0.128988702253992,-0.128988702253992,0.0,15.095446586608888,0.33301,0.293731,0.005,retrained
3,maxmin_coverage,1,350,50,-1.79640898725484,4.60837494907901,-0.128988702253992,4.737363651333002,14.547555923461914,0.300581,0.316796,0.0033,retrained
3,maxmin_coverage,2,400,50,-1.79640898725484,4.60837494907901,-0.128988702253992,4.737363651333002,12.450533866882324,0.316796,0.280965,0.0036,retrained
3,maxmin_coverage,3,450,50,-1.79640898725484,3.19723738387984,-0.128988702253992,3.3262260861338317,16.942081451416016,0.280965,0.28101,0.004,retrained
3,maxmin_coverage,4,500,50,-1.79640898725484,2.18454132435727,-0.128988702253992,2.313530026611262,20.080366134643555,0.28101,0.32257,0.0044,retrained
3,maxmin_coverage,5,550,50,-1.79640898725484,2.18454132435727,-0.128988702253992,2.313530026611262,21.261802673339844,0.32257,0.288481,0.005,retrained
4,random,1,350,50,1.82530723417949,4.09983239788562,1.06826830975842,3.0315640881271997,13.509347915649414,0.279929,0.292935,0.0,retrained
4,random,2,400,50,1.82530723417949,4.09983239788562,1.06826830975842,3.0315640881271997,10.497491836547852,0.292935,0.268393,0.0,retrained
4,random,3,450,50,1.82530723417949,3.47687136075183,1.06826830975842,2.4086030509934098,14.839787483215332,0.268393,0.296458,0.0,retrained
4,random,4,500,50,1.82530723417949,3.47687136075183,1.06826830975842,2.4086030509934098,12.733522415161133,0.296458,0.304151,0.0,retrained
4,random,5,550,50,1.31582066329793,1.31582066329793,1.06826830975842,0.24755235353950988,13.601242065429688,0.304151,0.226726,0.0,retrained
4,greedy,1,350,50,1.82530723417949,1.96463543386199,1.06826830975842,0.89636712410357,11.091283798217772,0.279929,0.292009,0.0,retrained
4,greedy,2,400,50,1.75952003577549,1.75952003577549,1.06826830975842,0.6912517260170701,15.171661376953123,0.292009,0.271756,0.0,retrained
4,greedy,3,450,50,1.75952003577549,1.75952003577549,1.06826830975842,0.6912517260170701,18.037595748901367,0.271756,0.23773,0.0,retrained
4,greedy,4,500,50,1.75952003577549,1.75952003577549,1.06826830975842,0.6912517260170701,16.982074737548828,0.23773,0.265754,0.0,retrained
4,greedy,5,550,50,1.31582066329793,1.31582066329793,1.06826830975842,0.24755235353950988,18.02572250366211,0.265754,0.297411,0.0925,retrained
4,greedy_diverse,1,350,50,1.82530723417949,1.96463543386199,1.06826830975842,0.89636712410357,11.091283798217772,0.279929,0.296038,0.0,retrained
4,greedy_diverse,2,400,50,1.06826830975842,1.06826830975842,1.06826830975842,0.0,13.763949394226074,0.296038,0.280866,0.0,retrained
4,greedy_diverse,3,450,50,1.06826830975842,1.06826830975842,1.06826830975842,0.0,10.587762832641602,0.280866,0.312005,0.0,retrained
4,greedy_diverse,4,500,50,1.06826830975842,1.06826830975842,1.06826830975842,0.0,13.323931694030762,0.312005,0.30966,0.0,retrained
4,greedy_diverse,5,550,50,1.06826830975842,1.06826830975842,1.06826830975842,0.0,14.48090362548828,0.30966,0.340999,0.0,retrained
4,maxmin_coverage,1,350,50,1.82530723417949,6.88661601201238,1.06826830975842,5.818347702253959,11.733805656433104,0.279929,0.326696,0.0,retrained
4,maxmin_coverage,2,400,50,1.82530723417949,1.96463543386199,1.06826830975842,0.89636712410357,13.056976318359377,0.326696,0.293998,0.0,retrained
4,maxmin_coverage,3,450,50,1.75952003577549,1.75952003577549,1.06826830975842,0.6912517260170701,18.197399139404297,0.293998,0.281911,0.0,retrained
4,maxmin_coverage,4,500,50,1.75952003577549,1.75952003577549,1.06826830975842,0.6912517260170701,20.066577911376957,0.281911,0.304931,0.0,retrained
4,maxmin_coverage,5,550,50,1.75952003577549,1.75952003577549,1.06826830975842,0.6912517260170701,22.343307495117188,0.304931,0.311742,0.0,retrained
5,random,1,350,50,1.06826830975842,14.2710365191197,-2.72422035229465,16.99525687141435,15.816487312316896,0.229743,0.172162,0.0017,retrained
5,random,2,400,50,1.06826830975842,6.40632700059723,-2.72422035229465,9.130547352891881,14.091708183288574,0.172162,0.189177,0.0018,retrained
5,random,3,450,50,1.06826830975842,6.40632700059723,-2.72422035229465,9.130547352891881,17.47737693786621,0.189177,0.195506,0.002,retrained
5,random,4,500,50,1.06826830975842,6.40632700059723,-2.72422035229465,9.130547352891881,16.28445053100586,0.195506,0.238221,0.0,retrained
5,random,5,550,50,1.06826830975842,5.33881959069549,-2.72422035229465,8.063039942990141,14.90235424041748,0.238221,0.200144,0.0,retrained
5,greedy,1,350,50,1.06826830975842,1.31582066329793,-2.72422035229465,4.04004101559258,13.714628219604492,0.229743,0.204026,0.0017,retrained
5,greedy,2,400,50,1.06826830975842,1.31582066329793,-2.72422035229465,4.04004101559258,14.631940841674805,0.204026,0.226552,0.0018,retrained
5,greedy,3,450,50,-2.72422035229465,-2.72422035229465,-2.72422035229465,0.0,18.47876739501953,0.226552,0.197427,0.002,retrained
5,greedy,4,500,50,-2.72422035229465,-2.72422035229465,-2.72422035229465,0.0,19.528100967407227,0.197427,0.181778,0.1044,retrained
5,greedy,5,550,50,-2.72422035229465,-2.72422035229465,-2.72422035229465,0.0,20.36770248413086,0.181778,0.229141,0.085,retrained
5,greedy_diverse,1,350,50,1.06826830975842,5.33881959069549,-2.72422035229465,8.063039942990141,13.714628219604492,0.229743,0.193091,0.0017,retrained
5,greedy_diverse,2,400,50,1.06826830975842,3.41173968594012,-2.72422035229465,6.135960038234771,14.267848014831545,0.193091,0.161707,0.0018,retrained
5,greedy_diverse,3,450,50,-1.79640898725484,-1.79640898725484,-2.72422035229465,0.9278113650398101,13.707944869995115,0.161707,0.166638,0.002,retrained
5,greedy_diverse,4,500,50,-1.79640898725484,-1.79640898725484,-2.72422035229465,0.9278113650398101,11.415033340454102,0.166638,0.161898,0.0022,retrained
5,greedy_diverse,5,550,50,-1.79640898725484,-1.79640898725484,-2.72422035229465,0.9278113650398101,13.499966621398926,0.161898,0.17517,0.0025,retrained
5,maxmin_coverage,1,350,50,1.06826830975842,6.48926897501224,-2.72422035229465,9.21348932730689,17.53209114074707,0.229743,0.187731,0.0017,retrained
5,maxmin_coverage,2,400,50,1.06826830975842,5.33881959069549,-2.72422035229465,8.063039942990141,12.450385093688965,0.187731,0.104353,0.0018,retrained
5,maxmin_coverage,3,450,50,1.06826830975842,2.86005131311322,-2.72422035229465,5.58427166540787,19.70598793029785,0.104353,0.117016,0.002,retrained
5,maxmin_coverage,4,500,50,-1.79640898725484,-1.79640898725484,-2.72422035229465,0.9278113650398101,20.43459892272949,0.117016,0.145021,0.0022,retrained
5,maxmin_coverage,5,550,50,-1.79640898725484,-1.79640898725484,-2.72422035229465,0.9278113650398101,23.544795989990234,0.145021,0.164095,0.0025,retrained
6,random,1,350,50,-5.94630000275356,1.31582066329793,-2.72422035229465,4.04004101559258,15.689509391784668,0.291882,0.285705,0.0017,retrained
6,random,2,400,50,-5.94630000275356,-1.79640898725484,-2.72422035229465,0.9278113650398101,14.669157028198242,0.285705,0.315321,0.0018,retrained
6,random,3,450,50,-5.94630000275356,-1.79640898725484,-2.72422035229465,0.9278113650398101,15.07231330871582,0.315321,0.321892,0.0,retrained
6,random,4,500,50,-5.94630000275356,-1.79640898725484,-2.72422035229465,0.9278113650398101,15.71507740020752,0.321892,0.289524,0.0,retrained
6,random,5,550,50,-5.94630000275356,-1.79640898725484,-2.72422035229465,0.9278113650398101,14.179293632507324,0.289524,0.255996,0.0,retrained
6,greedy,1,350,50,-5.94630000275356,-1.79640898725484,-2.72422035229465,0.9278113650398101,12.038885116577148,0.291882,0.245169,0.0017,retrained
6,greedy,2,400,50,-5.94630000275356,-1.79640898725484,-2.72422035229465,0.9278113650398101,17.0057315826416,0.245169,0.261661,0.0,retrained
6,greedy,3,450,50,-5.94630000275356,-1.79640898725484,-2.72422035229465,0.9278113650398101,18.93414306640625,0.261661,0.308147,0.0,retrained
6,greedy,4,500,50,-5.94630000275356,-1.79640898725484,-2.72422035229465,0.9278113650398101,21.151371002197266,0.308147,0.365933,0.0,retrained
6,greedy,5,550,50,-5.94630000275356,-1.79640898725484,-2.72422035229465,0.9278113650398101,18.68170547485352,0.365933,0.278198,0.0,retrained
6,greedy_diverse,1,350,50,-5.94630000275356,6.39354552682198,-2.72422035229465,9.11776587911663,12.038885116577148,0.291882,0.331609,0.0017,retrained
6,greedy_diverse,2,400,50,-5.94630000275356,-1.79640898725484,-2.72422035229465,0.9278113650398101,14.196307182312012,0.331609,0.308702,0.0,retrained
6,greedy_diverse,3,450,50,-5.94630000275356,-1.79640898725484,-2.72422035229465,0.9278113650398101,11.580429077148438,0.308702,0.348349,0.0,retrained
6,greedy_diverse,4,500,50,-5.94630000275356,-1.79640898725484,-2.72422035229465,0.9278113650398101,14.99897575378418,0.348349,0.345981,0.0,retrained
6,greedy_diverse,5,550,50,-5.94630000275356,-1.79640898725484,-2.72422035229465,0.9278113650398101,15.498685836791992,0.345981,0.386249,0.0,retrained
6,maxmin_coverage,1,350,50,-5.94630000275356,-0.128988702253992,-2.72422035229465,2.5952316500406583,17.286575317382812,0.291882,0.316979,0.0017,retrained
6,maxmin_coverage,2,400,50,-5.94630000275356,-0.128988702253992,-2.72422035229465,2.5952316500406583,13.655552864074709,0.316979,0.309086,0.0,retrained
6,maxmin_coverage,3,450,50,-5.94630000275356,-1.79640898725484,-2.72422035229465,0.9278113650398101,17.442684173583984,0.309086,0.33076,0.0,retrained
6,maxmin_coverage,4,500,50,-5.94630000275356,-1.79640898725484,-2.72422035229465,0.9278113650398101,19.90582847595215,0.33076,0.339065,0.0,retrained
6,maxmin_coverage,5,550,50,-5.94630000275356,-1.79640898725484,-2.72422035229465,0.9278113650398101,22.450098037719727,0.339065,0.37655,0.0,retrained
7,random,1,350,50,1.31582066329793,8.89587027095695,-1.79640898725484,10.69227925821179,15.570959091186523,0.250352,0.256932,0.0,retrained
7,random,2,400,50,-1.79640898725484,-1.79640898725484,-1.79640898725484,0.0,14.81731128692627,0.256932,0.304194,0.0,retrained
7,random,3,450,50,-1.79640898725484,-1.79640898725484,-1.79640898725484,0.0,13.867355346679688,0.304194,0.311051,0.0,retrained
7,random,4,500,50,-1.79640898725484,-1.79640898725484,-1.79640898725484,0.0,16.321983337402344,0.311051,0.293143,0.0,retrained
7,random,5,550,50,-1.79640898725484,-1.79640898725484,-1.79640898725484,0.0,19.240947723388672,0.293143,0.22515,0.0,retrained
7,greedy,1,350,50,1.31582066329793,6.89403373511232,-1.79640898725484,8.690442722367159,8.161107063293457,0.250352,0.304545,0.0,retrained
7,greedy,2,400,50,1.31582066329793,4.07733535693114,-1.79640898725484,5.8737443441859805,16.999439239501953,0.304545,0.310668,0.0,retrained
7,greedy,3,450,50,1.31582066329793,1.54152123986569,-1.79640898725484,3.33793022712053,17.018402099609375,0.310668,0.309545,0.0,retrained
7,greedy,4,500,50,1.31582066329793,1.54152123986569,-1.79640898725484,3.33793022712053,18.3341007232666,0.309545,0.292432,0.0,retrained
7,greedy,5,550,50,1.31582066329793,1.54152123986569,-1.79640898725484,3.33793022712053,20.28770446777344,0.292432,0.321358,0.0,retrained
7,greedy_diverse,1,350,50,1.31582066329793,2.91626778182399,-1.79640898725484,4.71267676907883,8.161107063293457,0.250352,0.236194,0.0,retrained
7,greedy_diverse,2,400,50,1.31582066329793,2.91626778182399,-1.79640898725484,4.71267676907883,11.73865795135498,0.236194,0.310232,0.0,retrained
7,greedy_diverse,3,450,50,1.31582066329793,1.54152123986569,-1.79640898725484,3.33793022712053,10.490724563598633,0.310232,0.365148,0.0,retrained
7,greedy_diverse,4,500,50,1.31582066329793,1.54152123986569,-1.79640898725484,3.33793022712053,12.250021934509276,0.365148,0.358879,0.0,retrained
7,greedy_diverse,5,550,50,-1.79640898725484,-1.79640898725484,-1.79640898725484,0.0,15.10767936706543,0.358879,0.325436,0.0,retrained
7,maxmin_coverage,1,350,50,1.31582066329793,2.91626778182399,-1.79640898725484,4.71267676907883,8.161107063293457,0.250352,0.2418,0.0,retrained
7,maxmin_coverage,2,400,50,1.31582066329793,2.91626778182399,-1.79640898725484,4.71267676907883,13.702871322631836,0.2418,0.260662,0.0,retrained
7,maxmin_coverage,3,450,50,-1.79640898725484,-1.79640898725484,-1.79640898725484,0.0,16.732295989990234,0.260662,0.330842,0.0,retrained
7,maxmin_coverage,4,500,50,-1.79640898725484,-1.79640898725484,-1.79640898725484,0.0,17.986927032470703,0.330842,0.306134,0.0,retrained
7,maxmin_coverage,5,550,50,-1.79640898725484,-1.79640898725484,-1.79640898725484,0.0,20.964963912963867,0.306134,0.278032,0.0,retrained
8,random,1,350,50,1.82530723417949,3.031954188893,-5.94630000275356,8.97825419164656,16.01715660095215,0.209797,0.189549,0.0,retrained
8,random,2,400,50,1.82530723417949,3.031954188893,-5.94630000275356,8.97825419164656,14.31145191192627,0.189549,0.248822,0.0,retrained
8,random,3,450,50,1.82530723417949,3.031954188893,-5.94630000275356,8.97825419164656,17.895322799682617,0.248822,0.218804,0.0,retrained
8,random,4,500,50,1.82530723417949,3.031954188893,-5.94630000275356,8.97825419164656,13.29392433166504,0.218804,0.217184,0.0,retrained
8,random,5,550,50,-2.72422035229465,-2.72422035229465,-5.94630000275356,3.2220796504589098,16.76515769958496,0.217184,0.234697,0.0,retrained
8,greedy,1,350,50,-2.72422035229465,-2.72422035229465,-5.94630000275356,3.2220796504589098,13.55052375793457,0.209797,0.162415,0.0,retrained
8,greedy,2,400,50,-2.72422035229465,-2.72422035229465,-5.94630000275356,3.2220796504589098,16.143775939941406,0.162415,0.196758,0.0,retrained
8,greedy,3,450,50,-2.72422035229465,-2.72422035229465,-5.94630000275356,3.2220796504589098,18.781436920166016,0.196758,0.184709,0.0,retrained
8,greedy,4,500,50,-5.94630000275356,-5.94630000275356,-5.94630000275356,0.0,20.8981990814209,0.184709,0.220666,0.0,retrained
8,greedy,5,550,50,-5.94630000275356,-5.94630000275356,-5.94630000275356,0.0,21.77690887451172,0.220666,0.219682,0.0,retrained
8,greedy_diverse,1,350,50,1.82530723417949,4.76361946380712,-5.94630000275356,10.709919466560681,13.55052375793457,0.209797,0.220498,0.0,retrained
8,greedy_diverse,2,400,50,1.82530723417949,4.76361946380712,-5.94630000275356,10.709919466560681,13.97095775604248,0.220498,0.161688,0.0,retrained
8,greedy_diverse,3,450,50,-5.94630000275356,-5.94630000275356,-5.94630000275356,0.0,17.633991241455078,0.161688,0.218963,0.0,retrained
8,greedy_diverse,4,500,50,-5.94630000275356,-5.94630000275356,-5.94630000275356,0.0,17.315195083618164,0.218963,0.208549,0.0,retrained
8,greedy_diverse,5,550,50,-5.94630000275356,-5.94630000275356,-5.94630000275356,0.0,17.537569046020508,0.208549,0.258158,0.0,retrained
8,maxmin_coverage,1,350,50,1.82530723417949,7.51139606782453,-5.94630000275356,13.457696070578091,15.029983520507812,0.209797,0.249342,0.0,retrained
8,maxmin_coverage,2,400,50,1.75952003577549,1.75952003577549,-5.94630000275356,7.70582003852905,14.12047290802002,0.249342,0.216344,0.0,retrained
8,maxmin_coverage,3,450,50,1.75952003577549,1.75952003577549,-5.94630000275356,7.70582003852905,18.215984344482425,0.216344,0.287272,0.0,retrained
8,maxmin_coverage,4,500,50,1.75952003577549,1.75952003577549,-5.94630000275356,7.70582003852905,20.564380645751957,0.287272,0.210041,0.0,retrained
8,maxmin_coverage,5,550,50,1.75952003577549,1.75952003577549,-5.94630000275356,7.70582003852905,21.57379531860352,0.210041,0.297322,0.0,retrained
9,random,1,350,50,1.06826830975842,4.76361946380712,-2.72422035229465,7.48783981610177,12.904052734375,0.310328,0.309384,0.0017,retrained
9,random,2,400,50,1.06826830975842,4.76361946380712,-2.72422035229465,7.48783981610177,15.238950729370115,0.309384,0.28714,0.0018,retrained
9,random,3,450,50,1.06826830975842,3.031954188893,-2.72422035229465,5.756174541187651,15.232763290405272,0.28714,0.312242,0.0,retrained
9,random,4,500,50,1.06826830975842,3.031954188893,-2.72422035229465,5.756174541187651,17.011674880981445,0.312242,0.388955,0.0,retrained
9,random,5,550,50,1.06826830975842,3.031954188893,-2.72422035229465,5.756174541187651,15.810583114624023,0.388955,0.270638,0.0,retrained
9,greedy,1,350,50,1.06826830975842,3.031954188893,-2.72422035229465,5.756174541187651,8.80614948272705,0.310328,0.345208,0.0017,retrained
9,greedy,2,400,50,1.06826830975842,3.031954188893,-2.72422035229465,5.756174541187651,15.584213256835938,0.345208,0.313883,0.0018,retrained
9,greedy,3,450,50,1.06826830975842,2.78908783021689,-2.72422035229465,5.51330818251154,18.64202308654785,0.313883,0.319986,0.0,retrained
9,greedy,4,500,50,-2.72422035229465,-2.72422035229465,-2.72422035229465,0.0,17.867822647094727,0.319986,0.303495,0.0,retrained
9,greedy,5,550,50,-2.72422035229465,-2.72422035229465,-2.72422035229465,0.0,19.16180419921875,0.303495,0.359566,0.0,retrained
9,greedy_diverse,1,350,50,1.06826830975842,3.19723738387984,-2.72422035229465,5.9214577361744904,8.80614948272705,0.310328,0.327145,0.0017,retrained
9,greedy_diverse,2,400,50,1.06826830975842,3.031954188893,-2.72422035229465,5.756174541187651,13.721827507019045,0.327145,0.36468,0.0,retrained
9,greedy_diverse,3,450,50,1.06826830975842,2.63410041427414,-2.72422035229465,5.35832076656879,11.842124938964844,0.36468,0.383989,0.0,retrained
9,greedy_diverse,4,500,50,1.06826830975842,1.82530723417949,-2.72422035229465,4.54952758647414,13.35777759552002,0.383989,0.402664,0.0,retrained
9,greedy_diverse,5,550,50,1.06826830975842,1.82530723417949,-2.72422035229465,4.54952758647414,14.967007637023926,0.402664,0.36831,0.0,retrained
9,maxmin_coverage,1,350,50,1.06826830975842,4.20880715476233,-2.72422035229465,6.9330275070569805,13.292340278625488,0.310328,0.261995,0.0017,retrained
9,maxmin_coverage,2,400,50,1.06826830975842,3.47687136075183,-2.72422035229465,6.20109171304648,8.327779769897461,0.261995,0.30629,0.0,retrained
9,maxmin_coverage,3,450,50,1.06826830975842,3.47687136075183,-2.72422035229465,6.20109171304648,17.393692016601562,0.30629,0.309977,0.0,retrained
9,maxmin_coverage,4,500,50,1.06826830975842,2.63410041427414,-2.72422035229465,5.35832076656879,21.80361557006836,0.309977,0.354987,0.0,retrained
9,maxmin_coverage,5,550,50,1.06826830975842,1.82530723417949,-2.72422035229465,4.54952758647414,23.529550552368164,0.354987,0.342154,0.0,retrained
10,random,1,350,50,1.06826830975842,1.54152123986569,1.54152123986569,0.0,13.50290870666504,0.228964,0.15584,0.0,retrained
10,random,2,400,50,1.06826830975842,1.54152123986569,1.54152123986569,0.0,15.665369033813477,0.15584,0.167026,0.0,retrained
10,random,3,450,50,1.06826830975842,1.54152123986569,1.54152123986569,0.0,16.78974151611328,0.167026,0.30054,0.0,retrained
10,random,4,500,50,1.06826830975842,1.54152123986569,1.54152123986569,0.0,18.01919937133789,0.30054,0.285564,0.0,retrained
10,random,5,550,50,1.06826830975842,1.54152123986569,1.54152123986569,0.0,16.496505737304688,0.285564,0.25533,0.0,retrained
10,greedy,1,350,50,1.06826830975842,4.60837494907901,1.54152123986569,3.0668537092133197,13.16233253479004,0.228964,0.235713,0.0,retrained
10,greedy,2,400,50,1.06826830975842,3.97923397722116,1.54152123986569,2.43771273735547,17.779056549072266,0.235713,0.307622,0.0,retrained
10,greedy,3,450,50,1.06826830975842,3.97923397722116,1.54152123986569,2.43771273735547,19.351259231567383,0.307622,0.352186,0.0,retrained
10,greedy,4,500,50,1.06826830975842,1.54152123986569,1.54152123986569,0.0,18.54568099975586,0.352186,0.298185,0.0,retrained
10,greedy,5,550,50,1.06826830975842,1.54152123986569,1.54152123986569,0.0,18.94272804260254,0.298185,0.319107,0.0,retrained
10,greedy_diverse,1,350,50,1.06826830975842,5.28029423850603,1.54152123986569,3.7387729986403397,13.16233253479004,0.228964,0.260002,0.0,retrained
10,greedy_diverse,2,400,50,1.06826830975842,1.54152123986569,1.54152123986569,0.0,14.129636764526367,0.260002,0.238621,0.0,retrained
10,greedy_diverse,3,450,50,1.06826830975842,1.54152123986569,1.54152123986569,0.0,15.474772453308104,0.238621,0.220255,0.0,retrained
10,greedy_diverse,4,500,50,1.06826830975842,1.54152123986569,1.54152123986569,0.0,13.399396896362305,0.220255,0.25598,0.0,retrained
10,greedy_diverse,5,550,50,1.06826830975842,1.54152123986569,1.54152123986569,0.0,13.965975761413574,0.25598,0.326585,0.0,retrained
10,maxmin_coverage,1,350,50,1.06826830975842,1.54152123986569,1.54152123986569,0.0,15.969404220581056,0.228964,0.237933,0.0,retrained
10,maxmin_coverage,2,400,50,1.06826830975842,1.54152123986569,1.54152123986569,0.0,15.052067756652832,0.237933,0.2489,0.0,retrained
10,maxmin_coverage,3,450,50,1.06826830975842,1.54152123986569,1.54152123986569,0.0,18.17108726501465,0.2489,0.264589,0.0,retrained
10,maxmin_coverage,4,500,50,1.06826830975842,1.54152123986569,1.54152123986569,0.0,21.781177520751957,0.264589,0.284212,0.0,retrained
10,maxmin_coverage,5,550,50,1.06826830975842,1.54152123986569,1.54152123986569,0.0,22.98227310180664,0.284212,0.306353,0.0,retrained
11,random,1,350,50,1.31582066329793,2.13161010103795,1.06826830975842,1.0633417912795298,15.166526794433594,0.284595,0.323536,0.0033,retrained
11,random,2,400,50,1.31582066329793,2.13161010103795,1.06826830975842,1.0633417912795298,13.406267166137695,0.323536,0.332872,0.0036,retrained
11,random,3,450,50,1.31582066329793,2.13161010103795,1.06826830975842,1.0633417912795298,16.346569061279297,0.332872,0.278362,0.004,retrained
11,random,4,500,50,1.31582066329793,2.13161010103795,1.06826830975842,1.0633417912795298,14.900629997253418,0.278362,0.312455,0.0022,retrained
11,random,5,550,50,1.31582066329793,2.13161010103795,1.06826830975842,1.0633417912795298,15.295697212219238,0.312455,0.327107,0.0,retrained
11,greedy,1,350,50,1.31582066329793,4.20880715476233,1.06826830975842,3.1405388450039102,12.487855911254885,0.284595,0.362442,0.0033,retrained
11,greedy,2,400,50,1.31582066329793,4.20880715476233,1.06826830975842,3.1405388450039102,15.878313064575195,0.362442,0.338911,0.0036,retrained
11,greedy,3,450,50,1.31582066329793,1.96463543386199,1.06826830975842,0.89636712410357,19.456867218017575,0.338911,0.371324,0.002,retrained
11,greedy,4,500,50,1.31582066329793,1.96463543386199,1.06826830975842,0.89636712410357,19.73773193359375,0.371324,0.348301,0.0,retrained
11,greedy,5,550,50,1.31582066329793,1.96463543386199,1.06826830975842,0.89636712410357,21.33638000488281,0.348301,0.332371,0.0,retrained
11,greedy_diverse,1,350,50,1.31582066329793,4.20880715476233,1.06826830975842,3.1405388450039102,12.487855911254885,0.284595,0.332012,0.0033,retrained
11,greedy_diverse,2,400,50,1.31582066329793,4.20880715476233,1.06826830975842,3.1405388450039102,14.207104682922363,0.332012,0.317378,0.0018,retrained
11,greedy_diverse,3,450,50,1.31582066329793,2.13161010103795,1.06826830975842,1.0633417912795298,15.142744064331056,0.317378,0.380908,0.002,retrained
11,greedy_diverse,4,500,50,1.31582066329793,2.13161010103795,1.06826830975842,1.0633417912795298,14.29072093963623,0.380908,0.374622,0.0022,retrained
11,greedy_diverse,5,550,50,1.31582066329793,2.13161010103795,1.06826830975842,1.0633417912795298,15.280293464660645,0.374622,0.392092,0.0025,retrained
11,maxmin_coverage,1,350,50,1.31582066329793,5.62592114594736,1.06826830975842,4.5576528361889395,15.30024528503418,0.284595,0.330944,0.0033,retrained
11,maxmin_coverage,2,400,50,1.31582066329793,4.20880715476233,1.06826830975842,3.1405388450039102,13.208630561828612,0.330944,0.411825,0.0018,retrained
11,maxmin_coverage,3,450,50,1.31582066329793,2.13161010103795,1.06826830975842,1.0633417912795298,18.94525909423828,0.411825,0.30042,0.002,retrained
11,maxmin_coverage,4,500,50,1.31582066329793,2.13161010103795,1.06826830975842,1.0633417912795298,21.197097778320312,0.30042,0.3356,0.0022,retrained
11,maxmin_coverage,5,550,50,1.31582066329793,2.13161010103795,1.06826830975842,1.0633417912795298,21.09091186523437,0.3356,0.370973,0.0025,retrained
12,random,1,350,50,1.75952003577549,6.39354552682198,2.17004855394771,4.223496972874271,16.58313751220703,0.30662,0.332038,0.0033,retrained
12,random,2,400,50,1.75952003577549,3.43182911266194,2.17004855394771,1.26178055871423,17.02528953552246,0.332038,0.305093,0.0018,retrained
12,random,3,450,50,1.75952003577549,3.031954188893,2.17004855394771,0.8619056349452903,17.77232551574707,0.305093,0.328394,0.0,retrained
12,random,4,500,50,1.75952003577549,3.031954188893,2.17004855394771,0.8619056349452903,11.54102897644043,0.328394,0.302235,0.0,retrained
12,random,5,550,50,1.75952003577549,3.031954188893,2.17004855394771,0.8619056349452903,15.863792419433594,0.302235,0.313416,0.0575,retrained
12,greedy,1,350,50,1.75952003577549,3.031954188893,2.17004855394771,0.8619056349452903,12.146821975708008,0.30662,0.316866,0.0033,retrained
12,greedy,2,400,50,1.75952003577549,3.031954188893,2.17004855394771,0.8619056349452903,15.820780754089355,0.316866,0.294498,0.0018,retrained
12,greedy,3,450,50,1.75952003577549,3.031954188893,2.17004855394771,0.8619056349452903,18.021183013916016,0.294498,0.214589,0.0,retrained
12,greedy,4,500,50,1.75952003577549,3.031954188893,2.17004855394771,0.8619056349452903,18.490795135498047,0.214589,0.230946,0.1,retrained
12,greedy,5,550,50,1.75952003577549,3.031954188893,2.17004855394771,0.8619056349452903,21.634693145751957,0.230946,0.32234,0.0775,retrained
12,greedy_diverse,1,350,50,1.75952003577549,3.031954188893,2.17004855394771,0.8619056349452903,12.146821975708008,0.30662,0.341884,0.0033,retrained
12,greedy_diverse,2,400,50,1.75952003577549,3.031954188893,2.17004855394771,0.8619056349452903,15.16547393798828,0.341884,0.316067,0.0,retrained
12,greedy_diverse,3,450,50,1.75952003577549,3.031954188893,2.17004855394771,0.8619056349452903,12.449098587036133,0.316067,0.324952,0.0,retrained
12,greedy_diverse,4,500,50,1.75952003577549,3.031954188893,2.17004855394771,0.8619056349452903,13.49013328552246,0.324952,0.31574,0.0,retrained
12,greedy_diverse,5,550,50,1.75952003577549,3.031954188893,2.17004855394771,0.8619056349452903,12.85858154296875,0.31574,0.331969,0.0,retrained
12,maxmin_coverage,1,350,50,1.75952003577549,4.09983239788562,2.17004855394771,1.9297838439379098,16.653011322021484,0.30662,0.346066,0.0033,retrained
12,maxmin_coverage,2,400,50,1.75952003577549,3.031954188893,2.17004855394771,0.8619056349452903,13.676874160766602,0.346066,0.347686,0.0,retrained
12,maxmin_coverage,3,450,50,1.75952003577549,3.031954188893,2.17004855394771,0.8619056349452903,16.248088836669922,0.347686,0.298591,0.0,retrained
12,maxmin_coverage,4,500,50,1.75952003577549,3.031954188893,2.17004855394771,0.8619056349452903,20.09878921508789,0.298591,0.299254,0.0,retrained
12,maxmin_coverage,5,550,50,1.75952003577549,3.031954188893,2.17004855394771,0.8619056349452903,17.791292190551758,0.299254,0.348478,0.0,retrained
13,random,1,350,50,-5.94630000275356,-5.94630000275356,-5.94630000275356,0.0,9.267194747924805,0.204233,0.211751,0.0,retrained
13,random,2,400,50,-5.94630000275356,-5.94630000275356,-5.94630000275356,0.0,11.918693542480469,0.211751,0.213014,0.0,retrained
13,random,3,450,50,-5.94630000275356,-5.94630000275356,-5.94630000275356,0.0,13.514816284179688,0.213014,0.181428,0.0,retrained
13,random,4,500,50,-5.94630000275356,-5.94630000275356,-5.94630000275356,0.0,16.554996490478516,0.181428,0.179667,0.0,retrained
13,random,5,550,50,-5.94630000275356,-5.94630000275356,-5.94630000275356,0.0,14.666096687316896,0.179667,0.185469,0.0,retrained
13,greedy,1,350,50,-5.94630000275356,-5.94630000275356,-5.94630000275356,0.0,7.365949153900146,0.204233,0.224923,0.0,retrained
13,greedy,2,400,50,-5.94630000275356,-5.94630000275356,-5.94630000275356,0.0,17.821041107177734,0.224923,0.260515,0.0,retrained
13,greedy,3,450,50,-5.94630000275356,-5.94630000275356,-5.94630000275356,0.0,18.374082565307617,0.260515,0.208646,0.0,retrained
13,greedy,4,500,50,-5.94630000275356,-5.94630000275356,-5.94630000275356,0.0,20.054492950439453,0.208646,0.282376,0.0,retrained
13,greedy,5,550,50,-5.94630000275356,-5.94630000275356,-5.94630000275356,0.0,20.20017433166504,0.282376,0.244229,0.0,retrained
13,greedy_diverse,1,350,50,1.54152123986569,1.75952003577549,-5.94630000275356,7.70582003852905,7.365949153900146,0.204233,0.183471,0.0,retrained
13,greedy_diverse,2,400,50,1.54152123986569,1.75952003577549,-5.94630000275356,7.70582003852905,12.535691261291504,0.183471,0.173151,0.0,retrained
13,greedy_diverse,3,450,50,1.54152123986569,1.75952003577549,-5.94630000275356,7.70582003852905,14.72827434539795,0.173151,0.212599,0.0,retrained
13,greedy_diverse,4,500,50,-5.94630000275356,-5.94630000275356,-5.94630000275356,0.0,12.626370429992676,0.212599,0.215548,0.0,retrained
13,greedy_diverse,5,550,50,-5.94630000275356,-5.94630000275356,-5.94630000275356,0.0,15.545092582702637,0.215548,0.201308,0.0,retrained
13,maxmin_coverage,1,350,50,1.54152123986569,1.75952003577549,-5.94630000275356,7.70582003852905,16.985010147094727,0.204233,0.183582,0.0,retrained
13,maxmin_coverage,2,400,50,1.54152123986569,1.75952003577549,-5.94630000275356,7.70582003852905,11.4780855178833,0.183582,0.152143,0.0,retrained
13,maxmin_coverage,3,450,50,1.54152123986569,1.75952003577549,-5.94630000275356,7.70582003852905,18.208675384521484,0.152143,0.236115,0.0,retrained
13,maxmin_coverage,4,500,50,1.54152123986569,1.75952003577549,-5.94630000275356,7.70582003852905,21.26419448852539,0.236115,0.179397,0.0,retrained
13,maxmin_coverage,5,550,50,1.54152123986569,1.75952003577549,-5.94630000275356,7.70582003852905,22.947452545166016,0.179397,0.223497,0.0,retrained
14,random,1,350,50,1.54152123986569,7.37935301607286,-2.72422035229465,10.10357336836751,17.927539825439453,0.245636,0.283669,0.005,retrained
14,random,2,400,50,1.54152123986569,7.37935301607286,-2.72422035229465,10.10357336836751,14.392277717590332,0.283669,0.264929,0.0018,retrained
14,random,3,450,50,1.54152123986569,4.54615422639108,-2.72422035229465,7.27037457868573,17.80312156677246,0.264929,0.249927,0.002,retrained
14,random,4,500,50,1.54152123986569,4.54615422639108,-2.72422035229465,7.27037457868573,17.481475830078125,0.249927,0.325768,0.0022,retrained
14,random,5,550,50,1.54152123986569,4.54615422639108,-2.72422035229465,7.27037457868573,16.155433654785156,0.325768,0.349408,0.0025,retrained
14,greedy,1,350,50,-2.72422035229465,-2.72422035229465,-2.72422035229465,0.0,11.530152320861816,0.245636,0.310287,0.005,retrained
14,greedy,2,400,50,-2.72422035229465,-2.72422035229465,-2.72422035229465,0.0,15.930163383483888,0.310287,0.278426,0.0018,retrained
14,greedy,3,450,50,-2.72422035229465,-2.72422035229465,-2.72422035229465,0.0,18.412282943725582,0.278426,0.311423,0.002,retrained
14,greedy,4,500,50,-2.72422035229465,-2.72422035229465,-2.72422035229465,0.0,19.313640594482425,0.311423,0.304598,0.0022,retrained
14,greedy,5,550,50,-2.72422035229465,-2.72422035229465,-2.72422035229465,0.0,19.601497650146484,0.304598,0.329788,0.0875,retrained
14,greedy_diverse,1,350,50,-2.72422035229465,-2.72422035229465,-2.72422035229465,0.0,11.530152320861816,0.245636,0.304626,0.005,retrained
14,greedy_diverse,2,400,50,-2.72422035229465,-2.72422035229465,-2.72422035229465,0.0,12.014203071594238,0.304626,0.273224,0.0018,retrained
14,greedy_diverse,3,450,50,-2.72422035229465,-2.72422035229465,-2.72422035229465,0.0,10.176194190979004,0.273224,0.33092,0.002,retrained
14,greedy_diverse,4,500,50,-2.72422035229465,-2.72422035229465,-2.72422035229465,0.0,15.64532470703125,0.33092,0.299523,0.0022,retrained
14,greedy_diverse,5,550,50,-2.72422035229465,-2.72422035229465,-2.72422035229465,0.0,14.834760665893556,0.299523,0.32918,0.0025,retrained
14,maxmin_coverage,1,350,50,1.54152123986569,6.88661601201238,-2.72422035229465,9.61083636430703,15.9689302444458,0.245636,0.250583,0.005,retrained
14,maxmin_coverage,2,400,50,-2.72422035229465,-2.72422035229465,-2.72422035229465,0.0,13.944409370422363,0.250583,0.243893,0.0018,retrained
14,maxmin_coverage,3,450,50,-2.72422035229465,-2.72422035229465,-2.72422035229465,0.0,18.89679718017578,0.243893,0.318846,0.002,retrained
14,maxmin_coverage,4,500,50,-2.72422035229465,-2.72422035229465,-2.72422035229465,0.0,19.84552383422852,0.318846,0.278992,0.0022,retrained
14,maxmin_coverage,5,550,50,-2.72422035229465,-2.72422035229465,-2.72422035229465,0.0,23.24232292175293,0.278992,0.301674,0.0025,retrained
15,random,1,350,50,-2.72422035229465,3.47687136075183,-5.94630000275356,9.42317136350539,13.979657173156738,0.275074,0.277346,0.0067,retrained
15,random,2,400,50,-2.72422035229465,3.47687136075183,-5.94630000275356,9.42317136350539,18.788339614868164,0.277346,0.314706,0.0073,retrained
15,random,3,450,50,-2.72422035229465,3.47687136075183,-5.94630000275356,9.42317136350539,17.875057220458984,0.314706,0.355362,0.008,retrained
15,random,4,500,50,-2.72422035229465,-1.79640898725484,-5.94630000275356,4.14989101549872,13.337728500366213,0.355362,0.37826,0.1,retrained
15,random,5,550,50,-2.72422035229465,-1.79640898725484,-5.94630000275356,4.14989101549872,15.399978637695312,0.37826,0.399991,0.0825,retrained
15,greedy,1,350,50,-5.94630000275356,-5.94630000275356,-5.94630000275356,0.0,13.072626113891602,0.275074,0.244235,0.0067,retrained
15,greedy,2,400,50,-5.94630000275356,-5.94630000275356,-5.94630000275356,0.0,13.981389045715332,0.244235,0.299091,0.0073,retrained
15,greedy,3,450,50,-5.94630000275356,-5.94630000275356,-5.94630000275356,0.0,19.384340286254883,0.299091,0.32042,0.008,retrained
15,greedy,4,500,50,-5.94630000275356,-5.94630000275356,-5.94630000275356,0.0,18.632049560546875,0.32042,0.371219,0.0,retrained
15,greedy,5,550,50,-5.94630000275356,-5.94630000275356,-5.94630000275356,0.0,21.66958236694336,0.371219,0.386719,0.0,retrained
15,greedy_diverse,1,350,50,-2.72422035229465,1.54152123986569,-5.94630000275356,7.487821242619249,13.072626113891602,0.275074,0.32878,0.0067,retrained
15,greedy_diverse,2,400,50,-2.72422035229465,1.54152123986569,-5.94630000275356,7.487821242619249,15.058082580566406,0.32878,0.335708,0.0073,retrained
15,greedy_diverse,3,450,50,-2.72422035229465,-1.79640898725484,-5.94630000275356,4.14989101549872,13.569780349731444,0.335708,0.3412,0.0,retrained
15,greedy_diverse,4,500,50,-2.72422035229465,-1.79640898725484,-5.94630000275356,4.14989101549872,16.19747543334961,0.3412,0.357538,0.0,retrained
15,greedy_diverse,5,550,50,-2.72422035229465,-1.79640898725484,-5.94630000275356,4.14989101549872,15.230712890625,0.357538,0.351543,0.0,retrained
15,maxmin_coverage,1,350,50,-2.72422035229465,1.54152123986569,-5.94630000275356,7.487821242619249,13.979657173156738,0.275074,0.279089,0.0067,retrained
15,maxmin_coverage,2,400,50,-2.72422035229465,-1.79640898725484,-5.94630000275356,4.14989101549872,14.702558517456056,0.279089,0.312341,0.0073,retrained
15,maxmin_coverage,3,450,50,-2.72422035229465,-1.79640898725484,-5.94630000275356,4.14989101549872,18.03086853027344,0.312341,0.351499,0.008,retrained
15,maxmin_coverage,4,500,50,-2.72422035229465,-1.79640898725484,-5.94630000275356,4.14989101549872,21.341760635375977,0.351499,0.308357,0.0,retrained
15,maxmin_coverage,5,550,50,-2.72422035229465,-1.79640898725484,-5.94630000275356,4.14989101549872,21.281396865844727,0.308357,0.374904,0.0,retrained
16,random,1,350,50,1.75952003577549,1.96463543386199,-5.94630000275356,7.91093543661555,19.12293815612793,0.184299,0.225898,0.0,retrained
16,random,2,400,50,1.75952003577549,1.96463543386199,-5.94630000275356,7.91093543661555,17.105480194091797,0.225898,0.169365,0.0,retrained
16,random,3,450,50,-5.94630000275356,-5.94630000275356,-5.94630000275356,0.0,20.232839584350582,0.169365,0.182388,0.0,retrained
16,random,4,500,50,-5.94630000275356,-5.94630000275356,-5.94630000275356,0.0,15.6666841506958,0.182388,0.231924,0.0689,retrained
16,random,5,550,50,-5.94630000275356,-5.94630000275356,-5.94630000275356,0.0,16.893678665161133,0.231924,0.256301,0.06,retrained
16,greedy,1,350,50,1.75952003577549,1.96463543386199,-5.94630000275356,7.91093543661555,14.883092880249023,0.184299,0.103632,0.0,retrained
16,greedy,2,400,50,1.75952003577549,1.96463543386199,-5.94630000275356,7.91093543661555,17.607181549072266,0.103632,0.203906,0.0,retrained
16,greedy,3,450,50,1.75952003577549,1.96463543386199,-5.94630000275356,7.91093543661555,16.492023468017578,0.203906,0.175015,0.0,retrained
16,greedy,4,500,50,-5.94630000275356,-5.94630000275356,-5.94630000275356,0.0,20.476131439208984,0.175015,0.205879,0.1111,retrained
16,greedy,5,550,50,-5.94630000275356,-5.94630000275356,-5.94630000275356,0.0,16.767181396484375,0.205879,0.223188,0.0975,retrained
16,greedy_diverse,1,350,50,1.75952003577549,1.96463543386199,-5.94630000275356,7.91093543661555,14.883092880249023,0.184299,0.21266,0.0,retrained
16,greedy_diverse,2,400,50,1.75952003577549,1.96463543386199,-5.94630000275356,7.91093543661555,11.23381519317627,0.21266,0.191886,0.0,retrained
16,greedy_diverse,3,450,50,-5.94630000275356,-5.94630000275356,-5.94630000275356,0.0,12.267475128173828,0.191886,0.178228,0.0,retrained
16,greedy_diverse,4,500,50,-5.94630000275356,-5.94630000275356,-5.94630000275356,0.0,13.00359058380127,0.178228,0.244802,0.0,retrained
16,greedy_diverse,5,550,50,-5.94630000275356,-5.94630000275356,-5.94630000275356,0.0,16.0142822265625,0.244802,0.225613,0.0,retrained
16,maxmin_coverage,1,350,50,1.75952003577549,4.20880715476233,-5.94630000275356,10.15510715751589,14.883092880249023,0.184299,0.266147,0.0,retrained
16,maxmin_coverage,2,400,50,1.75952003577549,1.96463543386199,-5.94630000275356,7.91093543661555,14.601480484008787,0.266147,0.193355,0.0,retrained
16,maxmin_coverage,3,450,50,-5.94630000275356,-5.94630000275356,-5.94630000275356,0.0,19.65859031677246,0.193355,0.168855,0.0,retrained
16,maxmin_coverage,4,500,50,-5.94630000275356,-5.94630000275356,-5.94630000275356,0.0,20.909692764282227,0.168855,0.199598,0.0,retrained
16,maxmin_coverage,5,550,50,-5.94630000275356,-5.94630000275356,-5.94630000275356,0.0,23.4497184753418,0.199598,0.210431,0.0,retrained
17,random,1,350,50,1.06826830975842,1.31582066329793,-2.72422035229465,4.04004101559258,15.45896339416504,0.323965,0.280518,0.0,retrained
17,random,2,400,50,1.06826830975842,1.31582066329793,-2.72422035229465,4.04004101559258,17.60721778869629,0.280518,0.326483,0.0,retrained
17,random,3,450,50,1.06826830975842,1.31582066329793,-2.72422035229465,4.04004101559258,14.300148010253906,0.326483,0.269564,0.0,retrained
17,random,4,500,50,1.06826830975842,1.31582066329793,-2.72422035229465,4.04004101559258,14.836023330688477,0.269564,0.241755,0.0,retrained
17,random,5,550,50,1.06826830975842,1.31582066329793,-2.72422035229465,4.04004101559258,16.146671295166016,0.241755,0.255009,0.06,retrained
17,greedy,1,350,50,1.06826830975842,1.31582066329793,-2.72422035229465,4.04004101559258,13.314374923706056,0.323965,0.316245,0.0,retrained
17,greedy,2,400,50,1.06826830975842,1.31582066329793,-2.72422035229465,4.04004101559258,14.32985496520996,0.316245,0.269044,0.0,retrained
17,greedy,3,450,50,1.06826830975842,1.31582066329793,-2.72422035229465,4.04004101559258,15.778654098510742,0.269044,0.311115,0.0,retrained
17,greedy,4,500,50,1.06826830975842,1.31582066329793,-2.72422035229465,4.04004101559258,19.23421669006348,0.311115,0.276574,0.0,retrained
17,greedy,5,550,50,-1.79640898725484,-1.79640898725484,-2.72422035229465,0.9278113650398101,21.00954818725586,0.276574,0.31026,0.0,retrained
17,greedy_diverse,1,350,50,1.06826830975842,3.031954188893,-2.72422035229465,5.756174541187651,13.314374923706056,0.323965,0.270674,0.0,retrained
17,greedy_diverse,2,400,50,-1.79640898725484,-1.79640898725484,-2.72422035229465,0.9278113650398101,12.32354736328125,0.270674,0.303299,0.0,retrained
17,greedy_diverse,3,450,50,-1.79640898725484,-1.79640898725484,-2.72422035229465,0.9278113650398101,11.715702056884766,0.303299,0.308207,0.0,retrained
17,greedy_diverse,4,500,50,-1.79640898725484,-1.79640898725484,-2.72422035229465,0.9278113650398101,13.56330108642578,0.308207,0.312653,0.0,retrained
17,greedy_diverse,5,550,50,-1.79640898725484,-1.79640898725484,-2.72422035229465,0.9278113650398101,13.601358413696287,0.312653,0.277063,0.0,retrained
17,maxmin_coverage,1,350,50,1.06826830975842,3.19723738387984,-2.72422035229465,5.9214577361744904,17.030344009399414,0.323965,0.358048,0.0,retrained
17,maxmin_coverage,2,400,50,1.06826830975842,3.031954188893,-2.72422035229465,5.756174541187651,13.176447868347168,0.358048,0.328994,0.0,retrained
17,maxmin_coverage,3,450,50,-1.79640898725484,-1.79640898725484,-2.72422035229465,0.9278113650398101,17.774158477783203,0.328994,0.349927,0.0,retrained
17,maxmin_coverage,4,500,50,-1.79640898725484,-1.79640898725484,-2.72422035229465,0.9278113650398101,17.691997528076172,0.349927,0.328469,0.0,retrained
17,maxmin_coverage,5,550,50,-1.79640898725484,-1.79640898725484,-2.72422035229465,0.9278113650398101,22.994647979736328,0.328469,0.28111,0.0,retrained
18,random,1,350,50,-5.94630000275356,9.40356191404135,-1.79640898725484,11.19997090129619,17.097366333007812,0.248553,0.272663,0.0033,retrained
18,random,2,400,50,-5.94630000275356,3.031954188893,-1.79640898725484,4.828363176147841,15.295171737670898,0.272663,0.309141,0.0036,retrained
18,random,3,450,50,-5.94630000275356,3.031954188893,-1.79640898725484,4.828363176147841,18.09843063354492,0.309141,0.27086,0.004,retrained
18,random,4,500,50,-5.94630000275356,-0.128988702253992,-1.79640898725484,1.6674202850008482,17.165611267089844,0.27086,0.352852,0.0044,retrained
18,random,5,550,50,-5.94630000275356,-0.128988702253992,-1.79640898725484,1.6674202850008482,14.6841459274292,0.352852,0.250319,0.0025,retrained
18,greedy,1,350,50,-5.94630000275356,3.031954188893,-1.79640898725484,4.828363176147841,12.524736404418944,0.248553,0.280186,0.0033,retrained
18,greedy,2,400,50,-5.94630000275356,3.031954188893,-1.79640898725484,4.828363176147841,16.389074325561523,0.280186,0.265414,0.0036,retrained
18,greedy,3,450,50,-5.94630000275356,-1.79640898725484,-1.79640898725484,0.0,18.684741973876957,0.265414,0.26959,0.004,retrained
18,greedy,4,500,50,-5.94630000275356,-1.79640898725484,-1.79640898725484,0.0,18.130115509033203,0.26959,0.263783,0.0,retrained
18,greedy,5,550,50,-5.94630000275356,-1.79640898725484,-1.79640898725484,0.0,19.650117874145508,0.263783,0.285403,0.075,retrained
18,greedy_diverse,1,350,50,-5.94630000275356,7.705154024683,-1.79640898725484,9.50156301193784,12.524736404418944,0.248553,0.292359,0.0033,retrained
18,greedy_diverse,2,400,50,-5.94630000275356,6.3541374537017,-1.79640898725484,8.15054644095654,14.684582710266112,0.292359,0.293046,0.0036,retrained
18,greedy_diverse,3,450,50,-5.94630000275356,2.17004855394771,-1.79640898725484,3.96645754120255,14.933441162109377,0.293046,0.281463,0.0,retrained
18,greedy_diverse,4,500,50,-5.94630000275356,2.17004855394771,-1.79640898725484,3.96645754120255,14.364501953125,0.281463,0.309272,0.0,retrained
18,greedy_diverse,5,550,50,-5.94630000275356,2.17004855394771,-1.79640898725484,3.96645754120255,13.86071491241455,0.309272,0.279053,0.0,retrained
18,maxmin_coverage,1,350,50,-5.94630000275356,4.37453074478617,-1.79640898725484,6.17093973204101,16.5373477935791,0.248553,0.294394,0.0033,retrained
18,maxmin_coverage,2,400,50,-5.94630000275356,4.37453074478617,-1.79640898725484,6.17093973204101,11.471044540405272,0.294394,0.318149,0.0036,retrained
18,maxmin_coverage,3,450,50,-5.94630000275356,4.37453074478617,-1.79640898725484,6.17093973204101,16.723526000976562,0.318149,0.358495,0.004,retrained
18,maxmin_coverage,4,500,50,-5.94630000275356,3.43182911266194,-1.79640898725484,5.22823809991678,20.11202621459961,0.358495,0.341611,0.0,retrained
18,maxmin_coverage,5,550,50,-5.94630000275356,3.43182911266194,-1.79640898725484,5.22823809991678,22.66728973388672,0.341611,0.314406,0.0,retrained
19,random,1,350,50,1.06826830975842,1.06826830975842,-2.72422035229465,3.7924886620530702,17.14397621154785,0.194288,0.218171,0.0033,retrained
19,random,2,400,50,1.06826830975842,1.06826830975842,-2.72422035229465,3.7924886620530702,16.224084854125977,0.218171,0.194763,0.0018,retrained
19,random,3,450,50,1.06826830975842,1.06826830975842,-2.72422035229465,3.7924886620530702,15.90443229675293,0.194763,0.227697,0.002,retrained
19,random,4,500,50,1.06826830975842,1.06826830975842,-2.72422035229465,3.7924886620530702,10.830182075500488,0.227697,0.209326,0.0022,retrained
19,random,5,550,50,1.06826830975842,1.06826830975842,-2.72422035229465,3.7924886620530702,11.082757949829102,0.209326,0.261406,0.0025,retrained
19,greedy,1,350,50,-2.72422035229465,-2.72422035229465,-2.72422035229465,0.0,9.78546142578125,0.194288,0.191301,0.0033,retrained
19,greedy,2,400,50,-2.72422035229465,-2.72422035229465,-2.72422035229465,0.0,14.675186157226562,0.191301,0.258548,0.0018,retrained
19,greedy,3,450,50,-2.72422035229465,-2.72422035229465,-2.72422035229465,0.0,16.79094696044922,0.258548,0.206242,0.002,retrained
19,greedy,4,500,50,-2.72422035229465,-2.72422035229465,-2.72422035229465,0.0,18.614070892333984,0.206242,0.18006,0.0022,retrained
19,greedy,5,550,50,-2.72422035229465,-2.72422035229465,-2.72422035229465,0.0,20.557876586914062,0.18006,0.255647,0.0,retrained
19,greedy_diverse,1,350,50,-2.72422035229465,-2.72422035229465,-2.72422035229465,0.0,9.78546142578125,0.194288,0.177169,0.0033,retrained
19,greedy_diverse,2,400,50,-2.72422035229465,-2.72422035229465,-2.72422035229465,0.0,13.5651216506958,0.177169,0.183911,0.0018,retrained
19,greedy_diverse,3,450,50,-2.72422035229465,-2.72422035229465,-2.72422035229465,0.0,13.064111709594728,0.183911,0.163839,0.002,retrained
19,greedy_diverse,4,500,50,-2.72422035229465,-2.72422035229465,-2.72422035229465,0.0,13.355630874633787,0.163839,0.223362,0.0022,retrained
19,greedy_diverse,5,550,50,-2.72422035229465,-2.72422035229465,-2.72422035229465,0.0,14.659771919250488,0.223362,0.231871,0.0,retrained
19,maxmin_coverage,1,350,50,1.31582066329793,2.86005131311322,-2.72422035229465,5.58427166540787,15.342297554016112,0.194288,0.157988,0.0033,retrained
19,maxmin_coverage,2,400,50,-2.72422035229465,-2.72422035229465,-2.72422035229465,0.0,12.558984756469728,0.157988,0.156124,0.0018,retrained
19,maxmin_coverage,3,450,50,-2.72422035229465,-2.72422035229465,-2.72422035229465,0.0,17.668670654296875,0.156124,0.157417,0.002,retrained
19,maxmin_coverage,4,500,50,-2.72422035229465,-2.72422035229465,-2.72422035229465,0.0,20.49625587463379,0.157417,0.168418,0.0,retrained
19,maxmin_coverage,5,550,50,-2.72422035229465,-2.72422035229465,-2.72422035229465,0.0,23.10554313659668,0.168418,0.283818,0.0,retrained
20,random,1,350,50,1.82530723417949,7.5509529834635,-5.94630000275356,13.49725298621706,17.760360717773438,0.261194,0.260048,0.0,retrained
20,random,2,400,50,1.82530723417949,5.62592114594736,-5.94630000275356,11.572221148700919,13.538686752319336,0.260048,0.325028,0.0,retrained
20,random,3,450,50,1.82530723417949,2.17004855394771,-5.94630000275356,8.11634855670127,18.487966537475582,0.325028,0.340531,0.0,retrained
20,random,4,500,50,-2.72422035229465,-2.72422035229465,-5.94630000275356,3.2220796504589098,16.948741912841797,0.340531,0.308126,0.0,retrained
20,random,5,550,50,-2.72422035229465,-2.72422035229465,-5.94630000275356,3.2220796504589098,13.763766288757324,0.308126,0.315062,0.065,retrained
20,greedy,1,350,50,-5.94630000275356,-5.94630000275356,-5.94630000275356,0.0,10.042732238769531,0.261194,0.224094,0.0,retrained
20,greedy,2,400,50,-5.94630000275356,-5.94630000275356,-5.94630000275356,0.0,15.544955253601074,0.224094,0.295051,0.0,retrained
20,greedy,3,450,50,-5.94630000275356,-5.94630000275356,-5.94630000275356,0.0,17.802587509155273,0.295051,0.256602,0.0,retrained
20,greedy,4,500,50,-5.94630000275356,-5.94630000275356,-5.94630000275356,0.0,19.09257125854492,0.256602,0.232588,0.0,retrained
20,greedy,5,550,50,-5.94630000275356,-5.94630000275356,-5.94630000275356,0.0,19.29633903503418,0.232588,0.328685,0.0,retrained
20,greedy_diverse,1,350,50,-5.94630000275356,-5.94630000275356,-5.94630000275356,0.0,10.042732238769531,0.261194,0.293658,0.0,retrained
20,greedy_diverse,2,400,50,-5.94630000275356,-5.94630000275356,-5.94630000275356,0.0,13.801190376281738,0.293658,0.294777,0.0,retrained
20,greedy_diverse,3,450,50,-5.94630000275356,-5.94630000275356,-5.94630000275356,0.0,13.450021743774414,0.294777,0.226771,0.0,retrained
20,greedy_diverse,4,500,50,-5.94630000275356,-5.94630000275356,-5.94630000275356,0.0,14.924308776855469,0.226771,0.255143,0.0,retrained
20,greedy_diverse,5,550,50,-5.94630000275356,-5.94630000275356,-5.94630000275356,0.0,13.736371040344238,0.255143,0.262634,0.0,retrained
20,maxmin_coverage,1,350,50,1.82530723417949,8.04990337226263,-5.94630000275356,13.99620337501619,17.65545082092285,0.261194,0.280885,0.0,retrained
20,maxmin_coverage,2,400,50,-5.94630000275356,-5.94630000275356,-5.94630000275356,0.0,9.878412246704102,0.280885,0.275717,0.0,retrained
20,maxmin_coverage,3,450,50,-5.94630000275356,-5.94630000275356,-5.94630000275356,0.0,17.79962730407715,0.275717,0.263837,0.0,retrained
20,maxmin_coverage,4,500,50,-5.94630000275356,-5.94630000275356,-5.94630000275356,0.0,20.520326614379883,0.263837,0.291145,0.0,retrained
20,maxmin_coverage,5,550,50,-5.94630000275356,-5.94630000275356,-5.94630000275356,0.0,21.99431800842285,0.291145,0.320129,0.0,retrained
21,random,1,350,50,2.13161010103795,7.50053111732268,-2.72422035229465,10.224751469617331,16.26340103149414,0.244341,0.240285,0.0033,retrained
21,random,2,400,50,2.13161010103795,7.19689090009706,-2.72422035229465,9.92111125239171,14.701309204101562,0.240285,0.188354,0.0036,retrained
21,random,3,450,50,2.13161010103795,4.05739550297221,-2.72422035229465,6.78161585526686,16.004526138305664,0.188354,0.212191,0.004,retrained
21,random,4,500,50,2.13161010103795,3.73313455799507,-2.72422035229465,6.45735491028972,18.23508071899414,0.212191,0.292695,0.0044,retrained
21,random,5,550,50,2.13161010103795,2.18454132435727,-2.72422035229465,4.90876167665192,13.813838005065918,0.292695,0.351991,0.055,retrained
21,greedy,1,350,50,2.13161010103795,2.17004855394771,-2.72422035229465,4.89426890624236,12.92487907409668,0.244341,0.282085,0.0033,retrained
21,greedy,2,400,50,1.54152123986569,1.54152123986569,-2.72422035229465,4.2657415921603405,16.066652297973633,0.282085,0.298366,0.0036,retrained
21,greedy,3,450,50,1.54152123986569,1.54152123986569,-2.72422035229465,4.2657415921603405,19.18071556091309,0.298366,0.283912,0.004,retrained
21,greedy,4,500,50,1.54152123986569,1.54152123986569,-2.72422035229465,4.2657415921603405,19.41444206237793,0.283912,0.356481,0.0044,retrained
21,greedy,5,550,50,-2.72422035229465,-2.72422035229465,-2.72422035229465,0.0,22.2829704284668,0.356481,0.393478,0.1,retrained
21,greedy_diverse,1,350,50,2.13161010103795,4.20880715476233,-2.72422035229465,6.9330275070569805,12.92487907409668,0.244341,0.242166,0.0033,retrained
21,greedy_diverse,2,400,50,1.54152123986569,1.54152123986569,-2.72422035229465,4.2657415921603405,15.352124214172363,0.242166,0.231292,0.0036,retrained
21,greedy_diverse,3,450,50,1.54152123986569,1.54152123986569,-2.72422035229465,4.2657415921603405,16.31209373474121,0.231292,0.323956,0.004,retrained
21,greedy_diverse,4,500,50,1.54152123986569,1.54152123986569,-2.72422035229465,4.2657415921603405,16.635019302368164,0.323956,0.325019,0.0,retrained
21,greedy_diverse,5,550,50,1.54152123986569,1.54152123986569,-2.72422035229465,4.2657415921603405,13.917864799499512,0.325019,0.367664,0.0,retrained
21,maxmin_coverage,1,350,50,2.13161010103795,4.37453074478617,-2.72422035229465,7.09875109708082,16.26340103149414,0.244341,0.230479,0.0033,retrained
21,maxmin_coverage,2,400,50,2.13161010103795,3.97923397722116,-2.72422035229465,6.70345432951581,15.967605590820312,0.230479,0.244275,0.0036,retrained
21,maxmin_coverage,3,450,50,1.54152123986569,1.54152123986569,-2.72422035229465,4.2657415921603405,17.391559600830078,0.244275,0.289867,0.004,retrained
21,maxmin_coverage,4,500,50,1.54152123986569,1.54152123986569,-2.72422035229465,4.2657415921603405,21.17579841613769,0.289867,0.320164,0.0044,retrained
21,maxmin_coverage,5,550,50,1.54152123986569,1.54152123986569,-2.72422035229465,4.2657415921603405,23.474987030029297,0.320164,0.333673,0.0,retrained
22,random,1,350,50,-5.94630000275356,4.20880715476233,1.06826830975842,3.1405388450039102,19.431713104248047,0.324647,0.374388,0.0017,retrained
22,random,2,400,50,-5.94630000275356,4.20880715476233,1.06826830975842,3.1405388450039102,20.367332458496094,0.374388,0.32336,0.0018,retrained
22,random,3,450,50,-5.94630000275356,2.78908783021689,1.06826830975842,1.7208195204584702,16.032522201538086,0.32336,0.37628,0.0,retrained
22,random,4,500,50,-5.94630000275356,2.78908783021689,1.06826830975842,1.7208195204584702,16.995546340942383,0.37628,0.374918,0.0,retrained
22,random,5,550,50,-5.94630000275356,2.78908783021689,1.06826830975842,1.7208195204584702,17.49205780029297,0.374918,0.364782,0.055,retrained
22,greedy,1,350,50,-5.94630000275356,3.41173968594012,1.06826830975842,2.3434713761817,12.330279350280762,0.324647,0.339431,0.0017,retrained
22,greedy,2,400,50,-5.94630000275356,3.41173968594012,1.06826830975842,2.3434713761817,12.524629592895508,0.339431,0.339281,0.0018,retrained
22,greedy,3,450,50,-5.94630000275356,3.41173968594012,1.06826830975842,2.3434713761817,16.39120864868164,0.339281,0.340492,0.0,retrained
22,greedy,4,500,50,-5.94630000275356,1.06826830975842,1.06826830975842,0.0,19.01572036743164,0.340492,0.340818,0.0,retrained
22,greedy,5,550,50,-5.94630000275356,1.06826830975842,1.06826830975842,0.0,19.25985145568848,0.340818,0.409854,0.0,retrained
22,greedy_diverse,1,350,50,-5.94630000275356,5.43463994693957,1.06826830975842,4.36637163718115,12.330279350280762,0.324647,0.302666,0.0017,retrained
22,greedy_diverse,2,400,50,-5.94630000275356,1.54152123986569,1.06826830975842,0.4732529301072699,12.806129455566406,0.302666,0.247938,0.0018,retrained
22,greedy_diverse,3,450,50,-5.94630000275356,1.54152123986569,1.06826830975842,0.4732529301072699,15.320340156555176,0.247938,0.290269,0.0,retrained
22,greedy_diverse,4,500,50,-5.94630000275356,1.54152123986569,1.06826830975842,0.4732529301072699,15.470403671264648,0.290269,0.297135,0.0,retrained
22,greedy_diverse,5,550,50,-5.94630000275356,1.54152123986569,1.06826830975842,0.4732529301072699,15.54401969909668,0.297135,0.31131,0.0,retrained
22,maxmin_coverage,1,350,50,-5.94630000275356,5.43463994693957,1.06826830975842,4.36637163718115,18.442943572998047,0.324647,0.314363,0.0017,retrained
22,maxmin_coverage,2,400,50,-5.94630000275356,4.20880715476233,1.06826830975842,3.1405388450039102,14.816530227661133,0.314363,0.294778,0.0,retrained
22,maxmin_coverage,3,450,50,-5.94630000275356,1.06826830975842,1.06826830975842,0.0,16.002269744873047,0.294778,0.309002,0.0,retrained
22,maxmin_coverage,4,500,50,-5.94630000275356,1.06826830975842,1.06826830975842,0.0,19.73355484008789,0.309002,0.330437,0.0,retrained
22,maxmin_coverage,5,550,50,-5.94630000275356,1.06826830975842,1.06826830975842,0.0,21.66970634460449,0.330437,0.306966,0.0,retrained
23,random,1,350,50,-2.72422035229465,5.33881959069549,-5.94630000275356,11.28511959344905,12.442606925964355,0.283699,0.246345,0.0,retrained
23,random,2,400,50,-5.94630000275356,-5.94630000275356,-5.94630000275356,0.0,15.469868659973145,0.246345,0.310931,0.0,retrained
23,random,3,450,50,-5.94630000275356,-5.94630000275356,-5.94630000275356,0.0,14.485361099243164,0.310931,0.291708,0.0,retrained
23,random,4,500,50,-5.94630000275356,-5.94630000275356,-5.94630000275356,0.0,14.17662525177002,0.291708,0.289368,0.0,retrained
23,random,5,550,50,-5.94630000275356,-5.94630000275356,-5.94630000275356,0.0,16.5345516204834,0.289368,0.270101,0.0,retrained
23,greedy,1,350,50,-5.94630000275356,-5.94630000275356,-5.94630000275356,0.0,12.442606925964355,0.283699,0.274475,0.0,retrained
23,greedy,2,400,50,-5.94630000275356,-5.94630000275356,-5.94630000275356,0.0,15.74176788330078,0.274475,0.244355,0.0,retrained
23,greedy,3,450,50,-5.94630000275356,-5.94630000275356,-5.94630000275356,0.0,18.24221611022949,0.244355,0.248091,0.0,retrained
23,greedy,4,500,50,-5.94630000275356,-5.94630000275356,-5.94630000275356,0.0,18.126670837402344,0.248091,0.263351,0.0,retrained
23,greedy,5,550,50,-5.94630000275356,-5.94630000275356,-5.94630000275356,0.0,20.397201538085938,0.263351,0.270263,0.0,retrained
23,greedy_diverse,1,350,50,-2.72422035229465,2.63410041427414,-5.94630000275356,8.5804004170277,12.442606925964355,0.283699,0.269017,0.0,retrained
23,greedy_diverse,2,400,50,-2.72422035229465,2.63410041427414,-5.94630000275356,8.5804004170277,13.725634574890137,0.269017,0.278641,0.0,retrained
23,greedy_diverse,3,450,50,-2.72422035229465,-1.79640898725484,-5.94630000275356,4.14989101549872,14.91906452178955,0.278641,0.284406,0.0,retrained
23,greedy_diverse,4,500,50,-5.94630000275356,-5.94630000275356,-5.94630000275356,0.0,14.759921073913574,0.284406,0.309993,0.0,retrained
23,greedy_diverse,5,550,50,-5.94630000275356,-5.94630000275356,-5.94630000275356,0.0,13.739431381225586,0.309993,0.326357,0.0,retrained
23,maxmin_coverage,1,350,50,-2.72422035229465,2.63410041427414,-5.94630000275356,8.5804004170277,12.658848762512209,0.283699,0.227364,0.0,retrained
23,maxmin_coverage,2,400,50,-2.72422035229465,2.63410041427414,-5.94630000275356,8.5804004170277,14.34624481201172,0.227364,0.209284,0.0,retrained
23,maxmin_coverage,3,450,50,-2.72422035229465,2.63410041427414,-5.94630000275356,8.5804004170277,17.08671760559082,0.209284,0.2195,0.0,retrained
23,maxmin_coverage,4,500,50,-2.72422035229465,-1.79640898725484,-5.94630000275356,4.14989101549872,19.6838436126709,0.2195,0.278437,0.0,retrained
23,maxmin_coverage,5,550,50,-2.72422035229465,-1.79640898725484,-5.94630000275356,4.14989101549872,21.398292541503903,0.278437,0.278744,0.0,retrained
24,random,1,350,50,1.54152123986569,5.38251813034731,2.16613746399526,3.21638066635205,14.684579849243164,0.266414,0.300054,0.0017,retrained
24,random,2,400,50,1.54152123986569,5.38251813034731,2.16613746399526,3.21638066635205,17.76633644104004,0.300054,0.250878,0.0018,retrained
24,random,3,450,50,1.54152123986569,2.16613746399526,2.16613746399526,0.0,17.64542579650879,0.250878,0.273529,0.002,retrained
24,random,4,500,50,1.54152123986569,2.16613746399526,2.16613746399526,0.0,17.067150115966797,0.273529,0.300449,0.0022,retrained
24,random,5,550,50,1.54152123986569,2.16613746399526,2.16613746399526,0.0,13.824809074401855,0.300449,0.332269,0.075,retrained
24,greedy,1,350,50,1.54152123986569,4.60837494907901,2.16613746399526,2.4422374850837496,14.684579849243164,0.266414,0.314217,0.0017,retrained
24,greedy,2,400,50,1.54152123986569,2.16613746399526,2.16613746399526,0.0,18.916431427001957,0.314217,0.284427,0.0018,retrained
24,greedy,3,450,50,1.54152123986569,2.16613746399526,2.16613746399526,0.0,16.4393253326416,0.284427,0.279551,0.002,retrained
24,greedy,4,500,50,1.54152123986569,2.16613746399526,2.16613746399526,0.0,19.95150756835937,0.279551,0.25877,0.0022,retrained
24,greedy,5,550,50,1.54152123986569,2.16613746399526,2.16613746399526,0.0,21.37129211425781,0.25877,0.275437,0.1,retrained
24,greedy_diverse,1,350,50,1.54152123986569,5.28029423850603,2.16613746399526,3.1141567745107697,14.684579849243164,0.266414,0.257849,0.0017,retrained
24,greedy_diverse,2,400,50,1.54152123986569,4.60837494907901,2.16613746399526,2.4422374850837496,15.023763656616213,0.257849,0.253953,0.0018,retrained
24,greedy_diverse,3,450,50,1.54152123986569,2.86005131311322,2.16613746399526,0.6939138491179602,15.867773056030272,0.253953,0.28837,0.002,retrained
24,greedy_diverse,4,500,50,1.54152123986569,2.86005131311322,2.16613746399526,0.6939138491179602,15.490707397460938,0.28837,0.271486,0.0022,retrained
24,greedy_diverse,5,550,50,1.54152123986569,2.86005131311322,2.16613746399526,0.6939138491179602,16.138744354248047,0.271486,0.262357,0.0025,retrained
24,maxmin_coverage,1,350,50,1.54152123986569,5.28029423850603,2.16613746399526,3.1141567745107697,14.684579849243164,0.266414,0.257354,0.0017,retrained
24,maxmin_coverage,2,400,50,1.54152123986569,5.28029423850603,2.16613746399526,3.1141567745107697,15.843668937683104,0.257354,0.248519,0.0018,retrained
24,maxmin_coverage,3,450,50,1.54152123986569,4.60837494907901,2.16613746399526,2.4422374850837496,17.742708206176758,0.248519,0.248388,0.002,retrained
24,maxmin_coverage,4,500,50,1.54152123986569,4.60837494907901,2.16613746399526,2.4422374850837496,21.408905029296875,0.248388,0.28323,0.0022,retrained
24,maxmin_coverage,5,550,50,1.54152123986569,4.60837494907901,2.16613746399526,2.4422374850837496,23.19483757019043,0.28323,0.215012,0.0025,retrained
25,random,1,350,50,-2.72422035229465,1.54152123986569,1.54152123986569,0.0,19.313819885253903,0.321649,0.352224,0.0017,retrained
25,random,2,400,50,-2.72422035229465,1.54152123986569,1.54152123986569,0.0,18.57131767272949,0.352224,0.316934,0.0018,retrained
25,random,3,450,50,-2.72422035229465,1.54152123986569,1.54152123986569,0.0,14.40019416809082,0.316934,0.231036,0.002,retrained
25,random,4,500,50,-2.72422035229465,1.54152123986569,1.54152123986569,0.0,17.658105850219727,0.231036,0.297918,0.0022,retrained
25,random,5,550,50,-2.72422035229465,1.54152123986569,1.54152123986569,0.0,17.9296817779541,0.297918,0.277498,0.0025,retrained
25,greedy,1,350,50,-2.72422035229465,2.18454132435727,1.54152123986569,0.6430200844915803,11.186077117919922,0.321649,0.348658,0.0017,retrained
25,greedy,2,400,50,-2.72422035229465,2.18454132435727,1.54152123986569,0.6430200844915803,15.676483154296877,0.348658,0.375545,0.0018,retrained
25,greedy,3,450,50,-2.72422035229465,2.13161010103795,1.54152123986569,0.5900888611722599,18.10576438903809,0.375545,0.381553,0.002,retrained
25,greedy,4,500,50,-2.72422035229465,2.13161010103795,1.54152123986569,0.5900888611722599,18.268177032470703,0.381553,0.358281,0.0,retrained
25,greedy,5,550,50,-2.72422035229465,2.13161010103795,1.54152123986569,0.5900888611722599,20.750001907348636,0.358281,0.362217,0.06,retrained
25,greedy_diverse,1,350,50,-2.72422035229465,3.47687136075183,1.54152123986569,1.93535012088614,11.186077117919922,0.321649,0.331841,0.0017,retrained
25,greedy_diverse,2,400,50,-2.72422035229465,3.47687136075183,1.54152123986569,1.93535012088614,15.18834114074707,0.331841,0.354184,0.0018,retrained
25,greedy_diverse,3,450,50,-2.72422035229465,3.47687136075183,1.54152123986569,1.93535012088614,16.28211784362793,0.354184,0.30359,0.0,retrained
25,greedy_diverse,4,500,50,-2.72422035229465,3.47687136075183,1.54152123986569,1.93535012088614,14.538166999816896,0.30359,0.291745,0.0,retrained
25,greedy_diverse,5,550,50,-2.72422035229465,3.47687136075183,1.54152123986569,1.93535012088614,13.92498779296875,0.291745,0.274058,0.0,retrained
25,maxmin_coverage,1,350,50,-2.72422035229465,3.47687136075183,1.54152123986569,1.93535012088614,16.905841827392578,0.321649,0.344482,0.0017,retrained
25,maxmin_coverage,2,400,50,-2.72422035229465,3.47687136075183,1.54152123986569,1.93535012088614,16.046876907348633,0.344482,0.343765,0.0018,retrained
25,maxmin_coverage,3,450,50,-2.72422035229465,3.47687136075183,1.54152123986569,1.93535012088614,18.21546173095703,0.343765,0.284865,0.0,retrained
25,maxmin_coverage,4,500,50,-2.72422035229465,3.47687136075183,1.54152123986569,1.93535012088614,19.37691307067871,0.284865,0.29478,0.0,retrained
25,maxmin_coverage,5,550,50,-2.72422035229465,3.47687136075183,1.54152123986569,1.93535012088614,20.88567543029785,0.29478,0.314901,0.0,retrained
26,random,1,350,50,2.16613746399526,2.18454132435727,-2.72422035229465,4.90876167665192,14.53489875793457,0.268508,0.29071,0.0067,retrained
26,random,2,400,50,2.16613746399526,2.18454132435727,-2.72422035229465,4.90876167665192,13.395581245422363,0.29071,0.337045,0.0073,retrained
26,random,3,450,50,-2.72422035229465,-2.72422035229465,-2.72422035229465,0.0,16.141887664794922,0.337045,0.325691,0.008,retrained
26,random,4,500,50,-2.72422035229465,-2.72422035229465,-2.72422035229465,0.0,16.15219497680664,0.325691,0.322495,0.0089,retrained
26,random,5,550,50,-2.72422035229465,-2.72422035229465,-2.72422035229465,0.0,17.425552368164062,0.322495,0.31422,0.01,retrained
26,greedy,1,350,50,2.16613746399526,6.12914032939807,-2.72422035229465,8.85336068169272,12.691890716552734,0.268508,0.319904,0.0067,retrained
26,greedy,2,400,50,-1.79640898725484,-1.79640898725484,-2.72422035229465,0.9278113650398101,17.297361373901367,0.319904,0.320692,0.0,retrained
26,greedy,3,450,50,-1.79640898725484,-1.79640898725484,-2.72422035229465,0.9278113650398101,17.271087646484375,0.320692,0.292819,0.0,retrained
26,greedy,4,500,50,-2.72422035229465,-2.72422035229465,-2.72422035229465,0.0,17.95844268798828,0.292819,0.311936,0.1067,retrained
26,greedy,5,550,50,-2.72422035229465,-2.72422035229465,-2.72422035229465,0.0,20.490270614624023,0.311936,0.381568,0.0875,retrained
26,greedy_diverse,1,350,50,2.16613746399526,6.12914032939807,-2.72422035229465,8.85336068169272,12.691890716552734,0.268508,0.284002,0.0067,retrained
26,greedy_diverse,2,400,50,-1.79640898725484,-1.79640898725484,-2.72422035229465,0.9278113650398101,15.189680099487305,0.284002,0.194784,0.0073,retrained
26,greedy_diverse,3,450,50,-1.79640898725484,-1.79640898725484,-2.72422035229465,0.9278113650398101,14.008163452148438,0.194784,0.222466,0.008,retrained
26,greedy_diverse,4,500,50,-1.79640898725484,-1.79640898725484,-2.72422035229465,0.9278113650398101,13.35322380065918,0.222466,0.297265,0.0089,retrained
26,greedy_diverse,5,550,50,-1.79640898725484,-1.79640898725484,-2.72422035229465,0.9278113650398101,11.691237449645996,0.297265,0.340102,0.0,retrained
26,maxmin_coverage,1,350,50,2.16613746399526,7.705154024683,-2.72422035229465,10.42937437697765,15.388081550598145,0.268508,0.256383,0.0067,retrained
26,maxmin_coverage,2,400,50,-1.79640898725484,-1.79640898725484,-2.72422035229465,0.9278113650398101,14.641706466674805,0.256383,0.286686,0.0073,retrained
26,maxmin_coverage,3,450,50,-1.79640898725484,-1.79640898725484,-2.72422035229465,0.9278113650398101,16.42327880859375,0.286686,0.266432,0.008,retrained
26,maxmin_coverage,4,500,50,-1.79640898725484,-1.79640898725484,-2.72422035229465,0.9278113650398101,17.241708755493164,0.266432,0.309867,0.0089,retrained
26,maxmin_coverage,5,550,50,-1.79640898725484,-1.79640898725484,-2.72422035229465,0.9278113650398101,22.333202362060547,0.309867,0.330097,0.0,retrained
27,random,1,350,50,-5.94630000275356,8.4759262067455,-2.72422035229465,11.20014655904015,12.304193496704102,0.279529,0.253748,0.0033,retrained
27,random,2,400,50,-5.94630000275356,3.19723738387984,-2.72422035229465,5.9214577361744904,14.069639205932615,0.253748,0.296151,0.0018,retrained
27,random,3,450,50,-5.94630000275356,3.19723738387984,-2.72422035229465,5.9214577361744904,16.00589370727539,0.296151,0.322438,0.002,retrained
27,random,4,500,50,-5.94630000275356,2.13161010103795,-2.72422035229465,4.8558304533326,13.60859203338623,0.322438,0.347791,0.0022,retrained
27,random,5,550,50,-5.94630000275356,1.06826830975842,-2.72422035229465,3.7924886620530702,14.344286918640137,0.347791,0.334733,0.0575,retrained
27,greedy,1,350,50,-5.94630000275356,2.13161010103795,-2.72422035229465,4.8558304533326,12.304193496704102,0.279529,0.29526,0.0033,retrained
27,greedy,2,400,50,-5.94630000275356,1.96463543386199,-2.72422035229465,4.6888557861566404,16.468873977661133,0.29526,0.373673,0.0036,retrained
27,greedy,3,450,50,-5.94630000275356,1.96463543386199,-2.72422035229465,4.6888557861566404,15.205291748046877,0.373673,0.356413,0.004,retrained
27,greedy,4,500,50,-5.94630000275356,1.06826830975842,-2.72422035229465,3.7924886620530702,18.82622718811035,0.356413,0.362226,0.0022,retrained
27,greedy,5,550,50,-5.94630000275356,1.06826830975842,-2.72422035229465,3.7924886620530702,17.944114685058594,0.362226,0.394532,0.0925,retrained
27,greedy_diverse,1,350,50,-5.94630000275356,3.43182911266194,-2.72422035229465,6.15604946495659,12.304193496704102,0.279529,0.27386,0.0033,retrained
27,greedy_diverse,2,400,50,-5.94630000275356,1.96463543386199,-2.72422035229465,4.6888557861566404,12.225173950195312,0.27386,0.311667,0.0018,retrained
27,greedy_diverse,3,450,50,-5.94630000275356,1.96463543386199,-2.72422035229465,4.6888557861566404,12.75272274017334,0.311667,0.30551,0.002,retrained
27,greedy_diverse,4,500,50,-5.94630000275356,1.96463543386199,-2.72422035229465,4.6888557861566404,13.620561599731444,0.30551,0.36368,0.0022,retrained
27,greedy_diverse,5,550,50,-5.94630000275356,1.96463543386199,-2.72422035229465,4.6888557861566404,13.0224027633667,0.36368,0.353512,0.0025,retrained
27,maxmin_coverage,1,350,50,-5.94630000275356,4.37453074478617,-2.72422035229465,7.09875109708082,14.29516315460205,0.279529,0.282385,0.0033,retrained
27,maxmin_coverage,2,400,50,-5.94630000275356,1.96463543386199,-2.72422035229465,4.6888557861566404,15.710180282592772,0.282385,0.294469,0.0018,retrained
27,maxmin_coverage,3,450,50,-5.94630000275356,1.96463543386199,-2.72422035229465,4.6888557861566404,16.230228424072266,0.294469,0.266603,0.002,retrained
27,maxmin_coverage,4,500,50,-5.94630000275356,1.96463543386199,-2.72422035229465,4.6888557861566404,18.33866500854492,0.266603,0.291495,0.0022,retrained
27,maxmin_coverage,5,550,50,-5.94630000275356,1.96463543386199,-2.72422035229465,4.6888557861566404,19.053577423095703,0.291495,0.33257,0.0025,retrained
28,random,1,350,50,2.86005131311322,3.97923397722116,-0.128988702253992,4.108222679475152,18.153217315673828,0.220675,0.248729,0.0,retrained
28,random,2,400,50,2.86005131311322,3.97923397722116,-0.128988702253992,4.108222679475152,14.09675121307373,0.248729,0.230232,0.0,retrained
28,random,3,450,50,2.86005131311322,3.47687136075183,-0.128988702253992,3.6058600630058217,16.49163246154785,0.230232,0.247608,0.0,retrained
28,random,4,500,50,2.86005131311322,3.47687136075183,-0.128988702253992,3.6058600630058217,16.457887649536133,0.247608,0.180797,0.0,retrained
28,random,5,550,50,2.86005131311322,3.47687136075183,-0.128988702253992,3.6058600630058217,16.182743072509766,0.180797,0.191286,0.0,retrained
28,greedy,1,350,50,2.86005131311322,3.41173968594012,-0.128988702253992,3.540728388194112,11.182645797729492,0.220675,0.267488,0.0,retrained
28,greedy,2,400,50,2.86005131311322,3.41173968594012,-0.128988702253992,3.540728388194112,15.517339706420898,0.267488,0.240509,0.0,retrained
28,greedy,3,450,50,2.86005131311322,3.41173968594012,-0.128988702253992,3.540728388194112,19.91617202758789,0.240509,0.228445,0.0,retrained
28,greedy,4,500,50,-0.128988702253992,-0.128988702253992,-0.128988702253992,0.0,20.6904354095459,0.228445,0.243167,0.0,retrained
28,greedy,5,550,50,-0.128988702253992,-0.128988702253992,-0.128988702253992,0.0,17.78200912475586,0.243167,0.220671,0.1075,retrained
28,greedy_diverse,1,350,50,2.86005131311322,6.63529152522096,-0.128988702253992,6.764280227474952,11.182645797729492,0.220675,0.259727,0.0,retrained
28,greedy_diverse,2,400,50,2.86005131311322,5.36710108139232,-0.128988702253992,5.496089783646313,13.27038860321045,0.259727,0.277634,0.0,retrained
28,greedy_diverse,3,450,50,-0.128988702253992,-0.128988702253992,-0.128988702253992,0.0,14.57183074951172,0.277634,0.240834,0.0,retrained
28,greedy_diverse,4,500,50,-0.128988702253992,-0.128988702253992,-0.128988702253992,0.0,13.952888488769531,0.240834,0.190457,0.0,retrained
28,greedy_diverse,5,550,50,-0.128988702253992,-0.128988702253992,-0.128988702253992,0.0,13.565051078796388,0.190457,0.25928,0.0,retrained
28,maxmin_coverage,1,350,50,2.86005131311322,6.25187815396202,-0.128988702253992,6.380866856216012,14.776123046875,0.220675,0.228292,0.0,retrained
28,maxmin_coverage,2,400,50,2.86005131311322,6.25187815396202,-0.128988702253992,6.380866856216012,16.02176284790039,0.228292,0.239598,0.0,retrained
28,maxmin_coverage,3,450,50,-0.128988702253992,-0.128988702253992,-0.128988702253992,0.0,17.32264518737793,0.239598,0.216973,0.0,retrained
28,maxmin_coverage,4,500,50,-0.128988702253992,-0.128988702253992,-0.128988702253992,0.0,19.497501373291016,0.216973,0.202444,0.0,retrained
28,maxmin_coverage,5,550,50,-0.128988702253992,-0.128988702253992,-0.128988702253992,0.0,21.256816864013672,0.202444,0.261946,0.0,retrained
29,random,1,350,50,-0.128988702253992,7.5509529834635,-2.72422035229465,10.27517333575815,19.04328346252441,0.272335,0.272755,0.0,retrained
29,random,2,400,50,-0.128988702253992,4.76361946380712,-2.72422035229465,7.48783981610177,15.539026260375977,0.272755,0.261805,0.0,retrained
29,random,3,450,50,-0.128988702253992,4.76361946380712,-2.72422035229465,7.48783981610177,18.774696350097656,0.261805,0.219865,0.0,retrained
29,random,4,500,50,-0.128988702253992,4.05739550297221,-2.72422035229465,6.78161585526686,18.03714370727539,0.219865,0.250562,0.0,retrained
29,random,5,550,50,-2.72422035229465,-2.72422035229465,-2.72422035229465,0.0,16.453201293945312,0.250562,0.3223,0.045,retrained
29,greedy,1,350,50,-0.128988702253992,2.18454132435727,-2.72422035229465,4.90876167665192,12.996122360229492,0.272335,0.295116,0.0,retrained
29,greedy,2,400,50,-1.79640898725484,-1.79640898725484,-2.72422035229465,0.9278113650398101,15.693016052246094,0.295116,0.288036,0.0,retrained
29,greedy,3,450,50,-1.79640898725484,-1.79640898725484,-2.72422035229465,0.9278113650398101,17.673206329345703,0.288036,0.329033,0.0,retrained
29,greedy,4,500,50,-2.72422035229465,-2.72422035229465,-2.72422035229465,0.0,20.16726875305176,0.329033,0.34192,0.0,retrained
29,greedy,5,550,50,-2.72422035229465,-2.72422035229465,-2.72422035229465,0.0,22.244083404541016,0.34192,0.361553,0.0625,retrained
29,greedy_diverse,1,350,50,-0.128988702253992,9.60820990174034,-2.72422035229465,12.332430254034989,12.996122360229492,0.272335,0.346218,0.0,retrained
29,greedy_diverse,2,400,50,-1.79640898725484,-1.79640898725484,-2.72422035229465,0.9278113650398101,15.09343433380127,0.346218,0.256847,0.0,retrained
29,greedy_diverse,3,450,50,-1.79640898725484,-1.79640898725484,-2.72422035229465,0.9278113650398101,15.558921813964844,0.256847,0.287806,0.0,retrained
29,greedy_diverse,4,500,50,-1.79640898725484,-1.79640898725484,-2.72422035229465,0.9278113650398101,14.659996032714844,0.287806,0.33256,0.0,retrained
29,greedy_diverse,5,550,50,-1.79640898725484,-1.79640898725484,-2.72422035229465,0.9278113650398101,14.035860061645508,0.33256,0.39407,0.0,retrained
29,maxmin_coverage,1,350,50,-0.128988702253992,4.37453074478617,-2.72422035229465,7.09875109708082,18.416770935058597,0.272335,0.287376,0.0,retrained
29,maxmin_coverage,2,400,50,-0.128988702253992,4.37453074478617,-2.72422035229465,7.09875109708082,15.536148071289062,0.287376,0.255219,0.0,retrained
29,maxmin_coverage,3,450,50,-1.79640898725484,-1.79640898725484,-2.72422035229465,0.9278113650398101,17.975553512573242,0.255219,0.344851,0.0,retrained
29,maxmin_coverage,4,500,50,-1.79640898725484,-1.79640898725484,-2.72422035229465,0.9278113650398101,20.76370620727539,0.344851,0.406291,0.0,retrained
29,maxmin_coverage,5,550,50,-1.79640898725484,-1.79640898725484,-2.72422035229465,0.9278113650398101,23.152217864990234,0.406291,0.36197,0.0,retrained
30,random,1,350,50,2.17004855394771,6.12914032939807,-5.94630000275356,12.07544033215163,13.76642894744873,0.269543,0.296808,0.0033,retrained
30,random,2,400,50,2.17004855394771,6.12914032939807,-5.94630000275356,12.07544033215163,16.89672088623047,0.296808,0.299496,0.0018,retrained
30,random,3,450,50,1.96463543386199,1.96463543386199,-5.94630000275356,7.91093543661555,20.644683837890625,0.299496,0.310115,0.002,retrained
30,random,4,500,50,-5.94630000275356,-5.94630000275356,-5.94630000275356,0.0,15.469903945922852,0.310115,0.312884,0.0022,retrained
30,random,5,550,50,-5.94630000275356,-5.94630000275356,-5.94630000275356,0.0,15.040570259094238,0.312884,0.292093,0.0425,retrained
30,greedy,1,350,50,-2.72422035229465,-2.72422035229465,-5.94630000275356,3.2220796504589098,11.91802215576172,0.269543,0.292249,0.0033,retrained
30,greedy,2,400,50,-2.72422035229465,-2.72422035229465,-5.94630000275356,3.2220796504589098,17.839170455932617,0.292249,0.254523,0.0036,retrained
30,greedy,3,450,50,-5.94630000275356,-5.94630000275356,-5.94630000275356,0.0,18.431262969970703,0.254523,0.252846,0.0,retrained
30,greedy,4,500,50,-5.94630000275356,-5.94630000275356,-5.94630000275356,0.0,17.129854202270508,0.252846,0.262514,0.0,retrained
30,greedy,5,550,50,-5.94630000275356,-5.94630000275356,-5.94630000275356,0.0,21.20966911315918,0.262514,0.363636,0.0825,retrained
30,greedy_diverse,1,350,50,-2.72422035229465,-2.72422035229465,-5.94630000275356,3.2220796504589098,11.91802215576172,0.269543,0.260396,0.0033,retrained
30,greedy_diverse,2,400,50,-2.72422035229465,-2.72422035229465,-5.94630000275356,3.2220796504589098,13.837564468383787,0.260396,0.27347,0.0036,retrained
30,greedy_diverse,3,450,50,-5.94630000275356,-5.94630000275356,-5.94630000275356,0.0,13.730804443359377,0.27347,0.303347,0.002,retrained
30,greedy_diverse,4,500,50,-5.94630000275356,-5.94630000275356,-5.94630000275356,0.0,16.3792667388916,0.303347,0.320614,0.0,retrained
30,greedy_diverse,5,550,50,-5.94630000275356,-5.94630000275356,-5.94630000275356,0.0,15.694147109985352,0.320614,0.345186,0.0,retrained
30,maxmin_coverage,1,350,50,2.17004855394771,2.63410041427414,-5.94630000275356,8.5804004170277,14.077911376953123,0.269543,0.267245,0.0033,retrained
30,maxmin_coverage,2,400,50,-2.72422035229465,-2.72422035229465,-5.94630000275356,3.2220796504589098,14.226417541503906,0.267245,0.305562,0.0018,retrained
30,maxmin_coverage,3,450,50,-2.72422035229465,-2.72422035229465,-5.94630000275356,3.2220796504589098,18.491928100585938,0.305562,0.269857,0.002,retrained
30,maxmin_coverage,4,500,50,-5.94630000275356,-5.94630000275356,-5.94630000275356,0.0,17.700952529907227,0.269857,0.296581,0.0,retrained
30,maxmin_coverage,5,550,50,-5.94630000275356,-5.94630000275356,-5.94630000275356,0.0,24.62461471557617,0.296581,0.278273,0.0,retrained
