gbsa,dock
-5.94630000275356,-6.07116
-0.128988702253992,-8.62015
1.31582066329793,-6.4758
1.54152123986569,-6.82122
1.75952003577549,-6.06551
2.16613746399526,-6.92284
2.17004855394771,-5.54153
2.78908783021689,-6.96164
2.91626778182399,-8.51175
3.031954188893,-6.6539
3.19723738387984,-8.41969
3.41173968594012,-6.92815
3.43182911266194,-6.09286
3.47687136075183,-6.85801
4.05739550297221,-6.49004
4.07733535693114,-7.60976
4.37453074478617,-8.71547
4.54615422639108,-6.2124
4.69478829079162,-5.23728
4.74393837252501,-7.4916
5.28029423850603,-6.87059
5.36710108139232,-6.4185
5.43463994693957,-6.87602
5.62592114594736,-7.27319
6.3541374537017,-4.29619
6.36845274140796,-5.46659
6.63508265908604,-7.81086
6.67094740359607,-3.91863
6.85822719620774,-6.64243
6.88661601201238,-7.0574
6.89403373511232,-7.74739
6.93040418734381,-6.56463
7.01152198419368,-6.97389
7.05968539548485,-6.7194
7.37935301607286,-6.58233
7.51139606782453,-6.73672
7.5509529834635,-4.49248
7.705154024683,-6.76097
7.78029772913942,-8.05079
7.79788365632339,-6.65287
7.9021792755957,-4.62467
8.04990337226263,-8.15619
8.35430902757071,-5.65561
8.4759262067455,-5.9542
8.77276034257011,-5.71061
8.77970407389876,-6.53243
8.80174928123233,-8.47528
8.86157183987598,-6.35258
8.89587027095695,-6.56988
8.91580303550654,-5.08214
8.97648651647251,-6.30822
9.33156495251023,-3.82928
9.42617129426799,-5.88205
9.50694790008856,-8.4686
9.5499253907401,-6.68484
9.57922957891424,-6.46503
9.60820990174034,-9.19653
9.69330898475891,-5.04783
9.70483679636891,-7.1516
9.71568057153854,-5.90545
9.7363388310041,-5.10038
9.74082609986726,-6.17699
9.87516641963521,-6.30193
9.93528804193556,-6.56864
9.98266954329301,-6.57448
10.2193207890268,-5.40781
10.2660139899272,-8.19453
10.4856889396324,-7.51695
10.8606211895967,-7.17509
11.142784271804,-4.88953
11.1583666034421,-4.98882
11.3435201755783,-7.25933
11.3869106675374,-6.74073
11.4421042904905,-6.85705
11.4488130783902,-6.22828
11.452396249897,-6.09034
11.468516591558,-6.61644
11.4731468791033,-6.37142
11.4845174101683,-6.07518
11.4915332264682,-7.44641
11.5822573190417,-5.71386
11.8576164352817,-6.98827
11.85839782314,-6.58537
11.9454085997932,-6.12723
12.0360686976201,-6.5515
12.054999794098,-6.68451
12.0843373253447,-4.90802
12.0947581384644,-4.58748
12.1256362159293,-5.66109
12.271969404228,-6.25981
12.325800409355,-5.56506
12.3890862870649,-6.46787
12.4573735448321,-5.58224
12.4931939351663,-5.78106
12.5139814587747,-4.57224
12.601992876931,-5.76728
12.6122937434666,-5.39409
12.8219511357129,-5.9666
12.8505095912406,-6.22996
12.9286316757789,-5.70074
12.9785105597439,-4.75528
13.0470328369047,-5.89365
13.101405230369,-5.74923
13.1838526989486,-6.33177
13.2451774019974,-5.25195
13.3040372006762,-6.24044
13.4067922844879,-4.94718
13.4098124968441,-7.29082
13.5463672751648,-5.94604
13.5543563007595,-5.67862
13.6691151205669,-7.33818
13.7317611616236,-5.46891
13.7753004221231,-7.3036
13.8420632001835,-6.35139
13.9223362352968,-6.8221
13.9524441477988,-6.64702
13.9976963608242,-4.34843
14.0459718820821,-4.94407
14.0627634781813,-6.3608
14.1772960138442,-5.96719
14.2664693187508,-6.61354
14.2710365191197,-5.80268
14.3044538565773,-5.29748
14.3297748876103,-7.317
14.3772813234791,-5.88713
14.4067867161357,-6.5942
14.4809186119601,-7.94778
14.4866901824898,-7.25451
14.5904184681822,-6.77276
14.5932186938335,-7.13517
14.5947683317827,-6.55168
14.6241095561672,-5.16965
14.7094084147975,-7.7669
14.7336450750008,-6.32957
14.7412298746167,-5.52808
14.7433567046319,-5.66153
14.7559637248523,-6.1243
14.7722291087557,-6.85266
14.7996972526962,-6.29785
14.8212000677377,-7.09347
14.8219008411215,-7.45177
14.8565017169676,-7.46133
14.9224656648403,-6.49298
14.9852880894105,-5.9717
15.1167596844607,-8.76025
15.1308459054235,-4.17552
15.1701493062028,-6.29916
15.1778182879061,-5.47399
15.2288504594326,-5.39687
15.2545647905863,-5.67675
15.2672482639209,-7.04661
15.3063961675834,-5.91208
15.3359184428991,-7.80581
15.3428973390146,-5.17099
15.3542243807606,-6.25358
15.3639699125815,-6.59348
15.379659852395,-6.74036
15.3842667650861,-5.45447
15.4274253394651,-6.56198
15.428555086728,-5.8019
15.45094831202,-7.31202
15.472247141799,-5.98503
15.5543211247023,-6.9135
15.5609269986526,-5.11877
15.5658036325622,-4.85093
15.5857438282692,-6.58919
15.7400908886448,-6.39589
15.8613479007472,-6.1094
15.9038956416298,-6.17573
15.928893024171,-6.47718
15.9475531711541,-5.68921
15.9690873821237,-6.94624
15.9708537041479,-6.88127
16.1184373208926,-7.39937
16.3311793973444,-7.16357
16.371086764153,-7.31975
16.4219894471935,-6.78322
16.4322560139517,-5.91034
16.4362099175705,-4.87613
16.4671591558945,-4.84807
16.4785033072876,-6.50952
16.5151165633106,-6.55203
16.5669377214836,-5.06835
16.5824120013203,-6.29424
16.6331499766384,-6.32866
16.6357570681394,-7.1663
16.6662581554228,-6.17645
16.6679283385783,-6.42226
16.6807419059987,-5.48129
16.7193376292089,-6.34287
16.7311568510413,-7.77533
16.7324579845226,-5.22067
16.7989608771022,-7.22495
16.8366329829587,-5.44568
16.8853630920166,-6.41249
16.9256617928877,-4.92155
16.9627072259318,-6.63876
16.9689657183335,-5.48945
16.9904847417565,-5.81324
17.0217273096277,-5.65813
17.0687631758847,-6.54105
17.0707799119264,-6.19926
17.0777906447802,-6.93414
17.0991796891576,-6.59645
17.1133538742324,-6.34289
17.1257135997694,-4.9081
17.1468943311593,-5.06032
17.2343424183309,-6.19286
17.2384623822218,-4.77587
17.2470528802587,-4.64579
17.2485692953996,-7.81397
17.2944229976347,-5.38729
17.3160920146911,-8.24051
17.3181607967417,-8.06914
17.4191745379794,-6.1983
17.4262831822816,-6.72553
17.4833998161121,-4.61039
17.4861103193616,-5.34982
17.4914830908929,-7.5959
17.5143402270733,-6.02965
17.6024517932892,-5.87077
17.7289942939096,-7.15396
17.7571646136603,-7.72575
17.7841494452769,-4.78497
17.8422226245857,-5.59271
17.8570524084789,-4.88398
17.9027904653376,-6.61207
17.9172641809964,-4.38641
17.9456271989802,-6.84474
17.9485556720101,-7.06989
18.0315481654143,-6.10472
18.0777278485439,-5.94939
18.0987716453674,-3.68613
18.1216512065548,-6.30058
18.1318719651681,-5.84607
18.2793308487198,-4.64722
18.2968497689799,-6.61972
18.3535016407659,-6.8115
18.363387596437,-6.0271
18.3844149377401,-5.53878
18.4571098006309,-4.85841
18.5086237828364,-4.06178
18.5344885852246,-4.71383
18.5605536356961,-6.21173
18.5646612976998,-4.09874
18.7200179674583,-4.80512
18.763336629705,-5.89345
18.7882230603063,-4.16119
18.8660098840592,-6.69251
18.8684468059946,-5.83805
18.8699745089871,-5.20173
18.8804832517417,-8.02399
18.8960658574433,-7.30753
18.9156652513338,-6.4974
18.9282308368784,-6.67496
18.9486081344185,-5.92135
18.9904705988265,-5.69711
19.0569921245697,-5.46181
19.0603302175041,-6.97969
19.0636138694863,-6.08743
19.0992074418937,-5.22479
19.1361966495242,-8.24593
19.141907281868,-5.87102
19.1908671197743,-6.98003
19.1975775949504,-5.49195
19.2057721593192,-7.05341
19.2158319378541,-6.66994
19.2539289281776,-8.22032
19.3367112135384,-6.4504
19.3480584869358,-5.19339
19.352612672581,-4.58052
19.3529748126057,-6.27479
19.3557535132531,-7.9372
19.3760800439704,-6.83142
19.3925594261309,-5.65045
19.442622023962,-5.90906
19.5817290915693,-5.56203
19.6406573363602,-6.06027
19.7087412574547,-6.37997
19.7113784357607,-6.11845
19.7269950821792,-6.52627
19.7956867969224,-4.0207
19.7997284998564,-5.37304
19.8124543193771,-7.83849
19.8629957323938,-6.54347
19.9097865972544,-4.68862
19.9121563244917,-3.61118
19.9241362718312,-5.24964
19.9423238588424,-6.10622
20.0062783808899,-5.72165
20.0218166810337,-6.69242
20.0478020269111,-6.09779
20.0491308429046,-6.4393
20.0715587456143,-4.80522
20.1121567244554,-6.49174
20.1215888307779,-6.65029
20.1274340000891,-4.82024
20.1365232771677,-6.20021
20.149361073265,-5.24777
20.170982357391,-5.73928
20.2506725005624,-5.78561
20.2799293953212,-6.23874
20.2873003306777,-6.46345
20.2935232909804,-5.35128
20.3433983549839,-5.35865
20.3536411886998,-5.48479
20.3635414883574,-4.66525
20.3796268482911,-6.87915
20.3974788522501,-7.01256
20.4067886765661,-4.86319
20.4135813288704,-5.68572
20.4423791069676,-5.95468
20.449899568408,-4.54675
20.5206416526707,-7.22026
20.5646572260775,-4.6688
20.6488321390498,-6.66311
20.7946255468632,-7.75907
20.8016968363481,-6.14375
20.8502633815697,-6.00957
20.9050896525296,-5.99969
21.0228039130307,-6.69332
21.1141471690535,-5.65791
21.1654874156047,-6.12239
21.1805434457674,-6.46567
21.1847949007133,-6.47468
21.2610370842121,-4.92117
21.2639685040485,-5.8704
21.3080887054675,-4.62857
21.3090200196857,-6.28066
21.3967316286435,-5.8504
21.4100451132763,-4.52578
21.4187031703113,-6.99141
21.4303306256588,-5.22929
21.5089664271181,-6.27462
21.53431652359,-4.61178
21.5391776749129,-4.35501
21.5544089033137,-5.95982
21.5755557825614,-5.51122
21.6176363375853,-4.9849
21.6329828439011,-6.7127
21.6488607758292,-5.61785
21.6673266976068,-6.4554
21.6754423350249,-6.37296
21.694114573922,-5.1016
21.7647490355375,-4.5402
21.7739279399029,-5.24489
21.79766865294,-5.54626
21.8203992931158,-8.11575
21.8753373356412,-6.34424
21.8952658186572,-4.83209
21.9235646216111,-6.53896
21.9312996521076,-6.423
21.9617285003224,-5.21756
22.0151782281209,-6.26691
22.0366716819335,-5.34844
22.0902517803042,-7.13815
22.1153839470353,-6.4529
22.1464903203523,-5.3353
22.1546954439254,-5.56946
22.2858194503679,-4.5945
22.3261563049491,-4.87791
22.3270056349902,-5.28087
22.3611299396325,-6.38921
22.4013004578665,-6.12991
22.4873025246343,-6.08674
22.5008297614113,-8.21894
22.5039718104636,-5.85447
22.5413447126666,-5.89182
22.6293043116966,-6.54564
22.6464589860079,-6.84507
22.6562057610972,-6.03067
22.6707668761228,-5.41692
22.7469023083177,-6.97834
22.7591684567342,-4.05095
22.828090596362,-6.0687
22.8862187119084,-5.8529
22.8947407188425,-5.10587
22.8980276419497,-7.52589
22.9055234651642,-5.27172
22.9161858247135,-6.04011
22.9307440312732,-5.47407
22.9319150446063,-5.84932
22.9500224507319,-5.97935
22.96631539378,-4.24822
23.020395739979,-4.20593
23.0368253589186,-6.88689
23.0552434127894,-5.45761
23.0970524260265,-6.7866
23.161486291152,-5.94802
23.169879566929,-6.36473
23.1950063902077,-7.25637
23.2084300405586,-4.91055
23.2114335971419,-4.49768
23.2285142890287,-5.88824
23.2540378515587,-5.78079
23.2776891338799,-5.30578
23.3791232709191,-4.7334
23.3874078923363,-5.74314
23.3979275219208,-6.4737
23.5035922325005,-5.95503
23.5039627052211,-4.42706
23.5174803444243,-6.34677
23.5199905906702,-7.44372
23.585540337288,-5.19197
23.5885112239012,-5.53627
23.5938049820652,-7.05242
23.6566985704667,-6.79617
23.6748244639712,-5.96277
23.7609965385273,-7.04651
23.7681432649442,-5.78983
23.7684142871149,-5.03878
23.8514131233933,-5.46337
23.8669957612801,-6.23986
23.9243787681517,-5.20484
23.9377476797126,-5.11114
23.9483596012942,-7.10299
24.0043627902851,-7.19174
24.038990453435,-6.25543
24.0978907655081,-5.87864
24.1087978270225,-5.35161
24.1208721793664,-6.97781
24.1276182094007,-5.44102
24.1318881093648,-5.36817
24.1424629884896,-6.06155
24.1728802525176,-4.45708
24.3207956357364,-5.93453
24.345886771589,-7.99549
24.3495735076358,-4.47943
24.3654568336206,-4.975
24.4702593740403,-4.56142
24.5034905989414,-6.83391
24.5158103356043,-5.13143
24.5455184594975,-6.3546
24.6047799498047,-5.73613
24.6167011498219,-4.71182
24.6211098194253,-5.52503
24.6364900988774,-4.90926
24.6506403016283,-6.49118
24.6831868651316,-5.86299
24.7992183827373,-8.07014
24.8671631489888,-7.56058
24.8682486023645,-6.74654
24.8693445153622,-5.12264
24.881606423678,-6.48936
24.8869207434764,-5.24372
24.8901391857726,-6.60881
24.9152796578237,-4.88428
24.9188985779911,-3.75613
24.9321516423079,-6.36943
24.9753140811445,-5.70252
25.0541888699554,-5.01284
25.07516164142,-5.05186
25.0858360967832,-4.36991
25.1384029360597,-7.74335
25.1413759940806,-5.14254
25.1488410994934,-4.65412
25.186969530183,-4.21581
25.2121828816489,-4.95026
25.2184566560427,-5.28871
25.2504018474065,-5.59026
25.2787917213427,-4.86546
25.3010444375723,-6.45363
25.3138658476018,-5.58161
25.3426939995261,-5.88605
25.346934813806,-6.379
25.35455600965,-5.7213
25.3806978684443,-4.64673
25.3809430918409,-5.22129
25.3815736316174,-6.42911
25.3842801192186,-5.74892
25.3945690368819,-5.02028
25.413613090459,-6.10107
25.413758906172,-6.63736
25.414765014244,-4.58699
25.4253674374995,-5.03166
25.4663713584378,-6.44853
25.5035155741243,-5.99547
25.5085856947189,-5.48244
25.5130722117028,-4.38452
25.5138232184036,-4.79399
25.5175171102128,-5.45016
25.5282486854558,-6.32282
25.5711321194576,-5.39602
25.5796108021823,-5.02281
25.5873980842152,-6.078
25.6002647754976,-5.44421
25.6052110279888,-5.80185
25.6074103930441,-6.61512
25.6556561155339,-7.27302
25.6748316167905,-5.09071
25.6826040881933,-4.30686
25.6908650462537,-5.49937
25.7138260614593,-6.83298
25.7612910898606,-6.34845
25.8565757419892,-4.86808
25.8991047995805,-5.16935
25.93540147163,-4.57251
25.9850945561302,-4.41878
26.0347152244613,-5.5697
26.0546351394732,-6.74933
26.131111851977,-7.53499
26.2123708846448,-5.80268
26.2259127932775,-5.96841
26.2377423307662,-6.58687
26.267239326633,-5.60462
26.2827574852054,-5.06082
26.3458806710405,-5.26245
26.3506080078405,-4.41464
26.3591414606271,-4.24699
26.3964569281015,-5.4821
26.4163086494264,-5.49429
26.4530341083555,-6.20782
26.4536962426573,-4.36181
26.4572709001732,-4.74028
26.4761535489233,-6.61821
26.4841321566601,-5.74542
26.4872323469899,-5.06991
26.496000918447,-6.0569
26.5462294199642,-6.69293
26.5678859514628,-6.10869
26.7180075700526,-4.67629
26.761974662757,-5.71573
26.7874530707741,-5.24445
26.8384553602482,-5.66749
26.8451495146073,-4.6684
26.8700269356486,-5.69827
26.9173355031053,-4.1053
26.9379169650856,-4.87305
26.9425541816781,-6.42126
26.9494006837958,-5.38171
26.9786105763742,-5.4991
27.0101314109088,-5.4746
27.0577489640091,-5.24719
27.1260458221186,-5.37764
27.2430521394381,-4.74232
27.2759174172934,-4.91997
27.2791895055998,-7.24633
27.2835624011532,-7.56334
27.3265278709951,-4.62066
27.3289892764551,-5.00035
27.370875447843,-5.54386
27.4002446504455,-5.19895
27.4141124450616,-6.16724
27.4413354931821,-4.22654
27.4797536749575,-6.10561
27.4849557941816,-6.64559
27.4851719641119,-4.43618
27.4978196051561,-6.28526
27.5300105304887,-5.90606
27.5566977547423,-4.68154
27.5973540223895,-4.96536
27.6732190594848,-6.28406
27.6740297634751,-7.10853
27.7056530366863,-4.72156
27.7811457057105,-4.61269
27.7828696555262,-6.52014
27.8405758013469,-5.31578
27.8461399565495,-6.15502
27.8796916346873,-4.75908
27.8807201276613,-6.30852
27.8929767943082,-4.56322
27.905183316343,-6.05642
27.9191365686347,-5.37412
27.940803741345,-3.82977
27.9906760893864,-4.41827
27.991634421538,-5.56495
28.0198372362502,-8.69819
28.0254532969957,-5.01428
28.044530693769,-6.17611
28.0445957114352,-6.08639
28.0516086144271,-6.65751
28.0872038277848,-6.60971
28.1128699204746,-5.56594
28.1381328077114,-4.64434
28.138569638224,-4.96431
28.1408786587817,-5.1311
28.1618095009144,-4.62657
28.1724788842257,-4.62931
28.20026304973,-7.40554
28.2932504013261,-4.68024
28.2968919552695,-5.94355
28.3170016993718,-5.64964
28.3357280214113,-7.50194
28.3638146450321,-5.68185
28.3757152402868,-5.554
28.3983799903581,-5.54209
28.4199471240609,-5.37676
28.4505023033089,-5.32052
28.4964047682151,-6.64715
28.5090374865031,-5.71318
28.5190721143772,-6.10961
28.519093134877,-7.78633
28.5385921023226,-5.50358
28.5573288776832,-5.54496
28.563084271289,-4.62647
28.5754818003697,-5.44607
28.5809898040789,-4.84195
28.5986479085586,-4.5324
28.6126836303592,-6.17186
28.6205868616817,-4.74406
28.642352432249,-6.06029
28.6456954810274,-5.50018
28.7137888384204,-4.25823
28.7143124811482,-5.20482
28.7146081641295,-5.09813
28.7343161469325,-5.72768
28.7511618343633,-8.20185
28.7952495748323,-4.6258
28.8201436386407,-5.88566
28.8202921797492,-6.65984
28.820731371241,-4.61568
28.8314690513689,-6.20502
28.8456506716393,-5.40392
28.8903135734909,-4.66016
28.9057684088984,-3.8171
28.9411767691272,-5.94839
28.9807091977709,-5.71073
28.9936533992659,-4.78463
29.0453314074366,-6.31543
29.0477563715867,-5.20856
29.0839828896169,-5.22914
29.1370478593381,-6.16264
29.1612488796745,-4.63782
29.2608860194814,-3.87935
29.2678276930565,-5.65112
29.2727930006331,-5.41193
29.2746354696465,-4.65745
29.2812442026152,-5.42961
29.2901987799814,-4.7714
29.3158855319816,-5.25177
29.3348694032575,-5.47423
29.3398180497534,-5.93609
29.356679359702,-6.03746
29.3636288370726,-5.71154
29.4029020918533,-5.707
29.4590316602844,-5.67337
29.4869452629973,-4.52705
29.5119469640922,-4.38633
29.512862469488,-4.55084
29.5244996699366,-4.33279
29.5414848487417,-6.49494
29.5563648386851,-5.28655
29.5951588647804,-8.93374
29.6100982547723,-6.16342
29.61874018655,-4.35095
29.6217480416235,-4.67892
29.7332138962774,-4.11156
29.734845139119,-5.35188
29.7349624777198,-5.75057
29.7434285841409,-5.80241
29.7681951493723,-5.67534
29.7911181662021,-4.52949
29.7911668035886,-6.22769
29.8025908465061,-5.84663
29.8055497528767,-4.22698
29.8230642047602,-5.33939
29.8247545547129,-5.78448
29.8370757921039,-5.30547
29.8576773862806,-5.57549
29.8646537225795,-4.9979
29.9184471497574,-6.54
29.9365602850958,-6.62437
29.9769288520947,-6.45461
30.0142654787742,-5.92651
30.0830153499919,-4.76824
30.0920782663779,-6.30461
30.106804756273,-5.07118
30.1820292426273,-5.19046
30.1932283139395,-8.45657
30.2210798325177,-5.86783
30.2389938535453,-5.15818
30.2571780307517,-5.35466
30.2666933182009,-4.60089
30.2971041502606,-5.77518
30.3252506415483,-7.3408
30.3454052110064,-6.93117
30.3634148140663,-5.07558
30.3792672655254,-5.68087
30.3827554625605,-4.68007
30.3953126687666,-4.38467
30.3955276796951,-5.79198
30.4404148815411,-4.97802
30.4446156052509,-4.31608
30.4466132631096,-5.22621
30.4943168614445,-5.58437
30.5066270410935,-6.01674
30.5084509046574,-4.9196
30.559920915508,-4.27839
30.5611078710135,-4.42818
30.5649440639754,-4.89527
30.5773395714605,-4.24692
30.6063569258949,-3.81087
30.6644354333475,-4.41226
30.7032429788887,-4.09639
30.7155740640264,-6.42947
30.7197810826365,-6.26012
30.7458648394859,-4.19132
30.7820206754186,-4.25755
30.7893093854218,-4.39643
30.8778074810325,-7.26737
30.9306229273679,-5.08951
30.9561127008092,-5.17399
30.9786257610067,-4.51717
30.9897005621206,-4.11084
31.0411654622258,-5.40844
31.0437420410381,-6.24623
31.0521635266232,-5.36829
31.0681859055294,-4.91024
31.084985826179,-4.4836
31.0929817994038,-4.58643
31.0977452627703,-4.88255
31.1199974636656,-5.31987
31.1231270407879,-5.39336
31.1355606807265,-5.45078
31.1390451271727,-5.69386
31.1517490183396,-4.58863
31.1518410675344,-7.05554
31.1577071053725,-6.10326
31.1700710102523,-5.58389
31.1711943420451,-4.20649
31.2072815060055,-4.34865
31.2171914872888,-7.87863
31.2447218176858,-6.69143
31.2689631458525,-5.13488
31.276271109673,-6.08454
31.3022908041603,-7.33599
31.3314767133706,-4.33627
31.3598539110535,-6.13396
31.3900962293737,-5.05121
31.4208916602074,-6.70811
31.421675418489,-4.58538
31.4219281451806,-5.31254
31.5093414398252,-5.04647
31.5203559337679,-4.90706
31.5676208994701,-6.55378
31.5709918493048,-5.14644
31.5849808546773,-4.52526
31.5946048966434,-4.5189
31.5953212513232,-5.7888
31.6046034849569,-6.3945
31.6079279164442,-5.63653
31.6418374719469,-6.193
31.642439177318,-4.55055
31.6710527955147,-4.17092
31.6714665194668,-5.98794
31.8233428301028,-6.5538
31.8374265910716,-6.25422
31.95615852622,-7.71941
31.9593395588308,-5.20516
31.9783064495241,-6.33154
32.0539433336562,-6.11294
32.0786361803766,-4.82095
32.1028702815893,-6.04375
32.1222929767573,-5.4938
32.1254442946702,-6.35527
32.1566410243759,-4.99421
32.1626804015141,-6.66265
32.1783822829275,-5.06197
32.1809716459829,-4.95014
32.2113381762065,-4.16718
32.2526631374822,-4.93274
32.2586953445934,-4.85545
32.2726547591483,-7.66474
32.2825578413467,-5.60392
32.3115863419407,-6.52096
32.3268533081609,-5.81662
32.3300112178113,-5.47267
32.355423518522,-5.85769
32.3560167238975,-4.7605
32.3656065510295,-5.27088
32.368855434328,-5.63744
32.3926218606066,-5.31602
32.4058770357224,-4.69342
32.4483616199141,-4.55012
32.5030524780232,-6.54274
32.5429245785017,-4.88941
32.5579316549847,-6.19062
32.5654427033624,-6.0317
32.6044801454591,-5.54109
32.6199674324271,-6.25119
32.6391672644604,-6.08424
32.6435357965129,-7.40486
32.6649129584875,-4.46092
32.6664820682963,-5.64866
32.7516419894891,-5.25789
32.757661846008,-4.4213
32.760148835514,-4.41084
32.762851399948,-4.74829
32.7720626836162,-4.22366
32.796922494108,-4.61904
32.816875757082,-5.88551
32.979135581114,-4.45959
33.0758591071026,-7.45184
33.0778104491073,-5.57583
33.0826228898732,-4.33671
33.1127172507149,-5.44575
33.1585119462216,-6.65613
33.1601168623056,-5.92666
33.1834034891035,-4.51484
33.2277328546588,-4.87995
33.3060517541126,-5.67623
33.3459653211394,-6.49781
33.3562190956909,-5.16198
33.369675647391,-5.09815
33.3866834136534,-5.52697
33.4209024253832,-6.01999
33.4266907973688,-4.32893
33.4416859928315,-3.90804
33.4786169228391,-4.02129
33.5504255369779,-6.16848
33.6500427819592,-5.41565
33.666561164202,-5.29869
33.6809779779105,-5.06787
33.7571077140346,-6.13682
33.767420606524,-4.46219
33.8012995407735,-5.2451
33.804232981598,-4.38125
33.8165042994879,-4.62584
33.8335631467744,-5.66047
33.8513336276155,-4.77649
33.8692146691174,-7.14963
33.8735367520967,-5.28895
33.8861453284771,-4.89137
33.9593060088919,-5.09632
33.9855041666742,-5.97772
34.1049460377908,-6.44717
34.1140998780174,-5.15477
34.140714363919,-5.54576
34.1836954139872,-5.49748
34.1928087397209,-6.85341
34.1936369272626,-4.7375
34.1975209486955,-4.89547
34.2488305352017,-6.10221
34.2542792409513,-6.22859
34.2917046945113,-5.53191
34.3681864789469,-5.99327
34.4229352434813,-5.7576
34.4281495436699,-4.96417
34.4439237659535,-5.1959
34.4744251808042,-5.27117
34.4778747017699,-5.60503
34.5253034131856,-5.93516
34.5601657646912,-4.78552
34.6121740728231,-4.44352
34.6188205324943,-5.17372
34.6449634564342,-4.83441
34.6673523533755,-5.97114
34.7405608297631,-7.95532
34.8561004773255,-6.70336
34.9509709867998,-6.48221
34.9631594258426,-4.67402
35.0371596654113,-4.60923
35.0593470802887,-4.42029
35.0773519300928,-4.63795
35.1014071762256,-6.26438
35.1299610935457,-6.42396
35.2237097991492,-4.64149
35.236025064085,-5.18664
35.239323767426,-5.45441
35.2447009985881,-4.72573
35.2599584056479,-4.30064
35.3068431336469,-7.12081
35.3993292014129,-4.87399
35.4082250905267,-5.05407
35.4147879549637,-6.77829
35.490331277193,-8.02447
35.4988293696406,-5.12161
35.5190828952218,-6.11604
35.5205210724489,-5.24718
35.5667624433736,-4.44393
35.6306693050319,-3.64486
35.7216075980832,-5.5735
35.7641735933394,-6.43191
35.8314345656654,-5.48617
35.8357860679607,-5.41912
35.8809926096037,-4.46312
35.8881375267702,-5.74935
35.9885588965008,-5.34493
35.9949887697003,-5.45944
36.1152526417682,-4.0336
36.210198230292,-5.08173
36.249614276705,-5.69599
36.2523235363624,-5.76212
36.2570616370576,-6.1084
36.2691407848506,-4.49865
36.2790632078977,-6.87516
36.349419162183,-4.60158
36.3897049171574,-5.86143
36.4004156592673,-5.85039
36.4385374609046,-5.19295
36.4785373826235,-4.06578
36.5334013750144,-5.2236
36.5541692569423,-7.56165
36.5931646615136,-4.58837
36.6028441218514,-4.91978
36.7142559830791,-5.69291
36.7216102404782,-6.51662
36.7365992777741,-4.82497
36.9959410209594,-3.9251
37.0566636870062,-6.00467
37.1213711790806,-7.7528
37.1909205431984,-4.62763
37.2268348062098,-4.23696
37.3303514770596,-5.62651
37.3410030778832,-5.99073
37.3738959459552,-4.71752
37.4127276219333,-6.05854
37.5410237972683,-4.71653
37.642999117008,-8.82563
37.6494263483146,-5.58847
37.7147539374419,-5.61027
37.833759881818,-4.56678
37.9403599924226,-5.47033
38.0033667342577,-4.93657
38.0160044745571,-8.58933
38.0161039292652,-5.56118
38.0838127240277,-6.17276
38.1092635680943,-7.90323
38.1586221536927,-6.13759
38.1713876198046,-6.22935
38.2368920943336,-4.96173
38.2589336790115,-4.58814
38.3856537676584,-8.01571
38.4238287442531,-5.48196
38.4337654639494,-4.41773
38.5936807246144,-5.53006
38.6418874291667,-5.48307
38.7317330914593,-5.82252
38.8129173224515,-3.84208
38.8425005303543,-5.59421
38.9639414816156,-5.86258
39.046923760543,-5.98453
39.4338669183526,-5.64349
39.5292359076302,-6.15824
39.6978363810194,-5.37919
39.7446573596426,-5.98892
39.7607506494423,-4.35935
39.8486277495322,-5.56934
39.8530758183078,-5.67617
39.9623514921441,-6.32017
40.1138991699772,-6.00725
40.1400110363757,-6.17743
40.2825502242231,-5.44916
40.6980322667659,-5.74676
40.7293642919103,-4.10843
40.9792577763474,-5.64502
41.0615825223067,-7.02028
41.0706777207779,-5.11446
41.4149319518074,-4.61169
41.5326060912012,-5.10574
41.5356666956832,-6.83776
41.5566027410423,-5.45455
41.5839218345391,-6.3979
41.7382394749548,-5.80071
41.8037981428752,-3.86393
41.8213284945996,-7.00615
41.9958285451394,-4.30073
42.0150808207945,-4.7811
42.0546573985121,-5.99115
42.3337385966552,-5.55749
42.4591573146208,-5.85774
42.9224085076312,-7.69059
42.9937408993865,-6.15787
43.110467213708,-6.65968
43.2631987214882,-5.43752
43.4950017532792,-5.75045
43.6308410121019,-4.94432
43.7356853259735,-5.93558
43.8204320244986,-6.16755
43.9116657993291,-5.10919
43.9242556219397,-3.76073
44.087796524178,-5.09649
44.3467992724654,-8.4794
44.3566922297869,-4.56879
44.5552632327053,-7.17414
45.0065815821254,-5.25178
45.2210339858539,-5.74039
45.2738290149828,-9.08693
45.5932142185884,-5.48167
45.7968711589856,-5.73481
45.806440847824,-5.01138
45.8896239717033,-4.98573
45.9507457814034,-5.10143
46.4683472255601,-4.70587
46.6445156189147,-7.13495
46.9690267565675,-4.58538
47.7246196002598,-7.78779
49.3970433326649,-5.01541
49.9345180388809,-4.42857
50.393843757116,-7.07922
52.2671708633061,-6.91332
52.4092709343568,-6.72241
55.0524189335811,-4.78044
56.3630894849994,-4.92426
56.7382303084996,-5.05504
59.3505886134699,-6.15574
60.7841231681123,-5.26606
70.3313960117521,-7.36295
71.7477051336355,-6.874
92.3077258586563,-5.51945
45.2494811071228,-7.76659
16.7044980069404,-6.14079
34.7315579740753,-5.44735
23.3831937032519,-5.69968
24.2335265788606,-5.98328
34.8658648879245,-5.47618
16.6115271796298,-6.37096
32.9282585595865,-6.68871
31.6689236076745,-5.55601
21.8046921706446,-4.34877
26.3164541054939,-5.31922
20.3595818479844,-5.65371
34.6361812960968,-5.73415
11.1082413632321,-5.90452
7.50053111732268,-5.92561
31.7137671895434,-4.70409
23.4097868350618,-5.05326
21.9835393122121,-6.39225
42.5844337073613,-5.18307
34.1293333734175,-4.98386
27.5522752275647,-5.60334
28.662487415404,-5.83936
29.7470856972832,-5.49528
24.5102422214004,-7.97498
18.4039767755057,-7.78349
14.2935468276373,-6.52623
26.9072143100748,-4.07603
41.5018611647683,-4.90543
20.8136376412622,-8.30723
22.4462055280492,-6.33644
30.3564490137505,-5.13061
30.9785898653936,-6.15828
6.8693585633082,-6.22518
45.8434054326426,-5.10021
23.6810485063106,-5.30309
25.1575029855412,-8.48072
19.502393905379,-6.02594
31.4564857730365,-6.82321
24.0827899176766,-5.49895
46.6524016058793,-6.09737
25.1705253262371,-5.39318
41.966653629901,-4.67116
33.0332965113848,-4.98659
47.1988428749391,-5.47348
6.48926897501224,-6.26677
31.3533004161836,-4.68753
18.2195415092538,-6.45209
45.5610087300774,-5.86896
15.5983710194414,-6.81988
29.1551413425914,-4.60162
17.5123131064756,-8.3922
22.737651195519,-5.43205
38.7754402298378,-7.06567
5.89735427590858,-6.6145
18.7208412740038,-6.12135
28.3910355833323,-6.48112
29.2821233104878,-4.46411
35.5099707751688,-5.674
34.7740058085692,-5.62756
20.8554919477974,-5.8033
23.8336639017471,-5.22712
26.3730693778489,-6.08175
9.40356191404135,-6.39251
22.8486884908489,-5.39519
17.4484067561825,-7.68056
23.40121111193,-6.66154
34.8962196003631,-4.86613
6.12914032939807,-6.89133
22.9678392429705,-4.76196
23.9639828976688,-7.09238
18.4240669129977,-6.93892
25.0349207389736,-6.68741
6.25187815396202,-6.78158
28.7333094404166,-5.6424
20.5269837285232,-5.5201
9.97318244161215,-6.02823
3.97923397722116,-7.84986
22.9115166281917,-6.31689
18.1995474197902,-6.24021
38.1603233985043,-8.20051
23.4051467540194,-4.46974
36.5865740041518,-4.96888
30.03893587333,-5.88277
23.2931588233769,-5.5684
15.2463281938763,-7.66092
21.1626917152244,-6.95658
15.6422193346261,-5.836
29.0076909871568,-6.1047
17.4804788157235,-7.26005
27.2806186292619,-5.30854
19.9661123724072,-7.26309
26.4164971530008,-5.69645
20.8527158635625,-4.97821
22.4011316571887,-7.21436
44.6295525067726,-6.42314
30.1708367512474,-6.14908
39.052358212215,-4.81111
40.8923545254074,-4.02167
26.3398032045661,-4.94412
15.5620062652415,-4.70676
2.63410041427414,-6.8918
18.1067527180821,-5.50523
27.2853000194773,-5.881
34.3687753029371,-5.57579
35.7746023077052,-6.34574
24.4466001024884,-5.4358
20.8408571816908,-6.98745
25.3221000761914,-6.11915
35.2412399859459,-7.96811
13.5022734269587,-6.22654
30.264555805381,-5.29396
39.5720566866912,-5.64864
36.3116472941038,-5.51862
22.8654680620893,-4.83184
17.1251388454184,-7.78123
24.0742744440577,-5.2561
34.7624791595699,-4.51808
12.5499264314349,-6.10183
42.6417917993567,-5.05378
47.8283712274024,-8.64347
21.3027354980368,-6.30222
6.39354552682198,-6.69594
23.4307993597795,-5.1802
41.4454409406208,-6.41457
27.9626524753039,-6.09232
24.2403400188523,-6.58454
35.6384161186179,-5.92947
28.7309956024401,-4.63238
24.902849341921,-6.901
34.0868177932098,-6.36747
37.7845022867295,-4.99171
16.3720048515133,-5.22222
36.9669966549736,-4.90606
29.6385238119547,-5.31146
28.0978259195108,-6.70804
8.92183906879654,-5.90638
34.0606799236339,-4.06657
20.159843885267,-5.28515
30.856307797796,-5.11371
21.5399743698363,-5.76321
34.1720548342564,-5.32512
2.13161010103795,-6.39262
23.0083374874521,-7.3653
28.4141389893557,-5.13378
9.21836056456232,-6.68187
29.1239038374842,-4.45371
10.0618527986408,-8.09643
28.6912846972227,-4.85377
31.8233736251859,-4.8235
31.0921683276538,-5.65265
26.6446847504449,-5.3252
36.2562653477107,-6.45858
20.3161954084826,-4.62602
30.8607140390013,-6.06998
17.2177513344141,-7.62478
22.0552520516758,-6.82136
25.1169670422096,-5.25702
10.6189708816855,-6.3569
6.4420467025011,-5.51672
27.1955100440573,-4.25221
29.8494811972123,-4.34808
41.1411340987324,-7.49721
11.208919817389,-6.83524
17.5484140024637,-5.85305
32.1345084340064,-5.53123
35.6548430899529,-4.62863
31.7296431670293,-7.28503
23.8436558083667,-4.18988
19.822323552442,-8.28432
31.1702655236222,-4.63441
35.0535103806833,-5.05853
36.2243942694877,-6.10823
33.8531633808052,-4.7479
27.43764989806,-4.05656
16.9608360253114,-6.80548
16.3410195126853,-6.27237
34.963589343075,-4.30607
33.059234576951,-5.11884
34.5088927029356,-4.58921
13.1106836627696,-6.68358
36.0424660111712,-6.20859
30.6489994537988,-4.57156
34.1491469342582,-5.05286
30.1443862573797,-7.4614
14.780741105089,-6.2801
34.8402763004997,-7.36228
29.0728671482393,-5.76978
49.5754269656027,-5.88031
21.3276457264983,-4.89921
36.3718339011539,-5.33813
30.5308251565002,-5.44401
33.4360541078931,-4.1675
32.5930959094912,-7.52492
40.230602056381,-6.4079
30.9735737106312,-5.35066
43.483188561353,-5.11192
35.1650200015611,-5.73274
12.3833630337867,-6.7568
30.7993617909087,-4.52248
37.4303923086409,-4.86468
29.02089181267,-6.31651
25.8848540781692,-5.98035
29.2838313185894,-4.8981
28.6307704643041,-5.81852
20.5141425588808,-5.5866
27.7685639083866,-5.79184
40.6370966569921,-4.81502
10.2848231951102,-8.18302
30.3846904681486,-4.6042
27.6223585935331,-6.18539
28.012133072858,-4.65844
30.1792871793041,-4.88923
42.8784995594142,-5.55204
33.7703851682672,-5.58827
27.1961497927259,-5.70496
42.1972767484003,-5.82293
11.4416348745726,-5.3399
31.3175203035171,-6.31959
8.83972418512712,-7.62516
31.7311918810374,-4.3627
1.06826830975842,-4.07962
29.5369869597198,-5.33517
31.5975368780237,-6.40654
8.95096643144643,-5.41524
37.9936828964128,-4.78821
39.0070201434064,-4.75742
30.1742213465441,-4.56927
38.9165176276983,-4.18771
24.7272656021123,-6.78736
39.2032074337985,-5.1091
31.8810983058829,-5.96767
27.1110815994871,-5.74305
37.6022202516724,-5.49354
16.5601941594468,-5.1518
23.40093538152,-4.14235
27.8537704349947,-5.66615
30.9777054990373,-5.98368
26.0446967182434,-5.18827
20.8085417010479,-5.51239
44.0046286168254,-5.63347
35.1994080686454,-6.31891
24.8534317805097,-5.40299
6.09064042745013,-6.18517
28.1975833830911,-4.68469
16.2662340494062,-5.98786
22.0080490242617,-7.79642
27.9408876026901,-4.84473
32.7572003566929,-5.29643
32.3935671277177,-5.77125
4.04922987856844,-5.29805
31.1454174375503,-7.76635
35.0667172390349,-4.6278
33.0902852690306,-5.00875
28.8377256715867,-5.97579
28.2710776015774,-5.81492
15.9905645406761,-7.00336
21.3505048045336,-7.07291
14.6658834070295,-7.54012
30.9459591400373,-5.54015
27.4059926820046,-6.64068
9.9902428703499,-6.94007
36.2683603306396,-4.67326
10.2510267705802,-6.95168
27.8849943180794,-7.73709
34.457879404792,-5.08484
28.5110533529805,-5.65925
33.2720612658632,-5.75038
31.5251040491457,-4.04009
39.3429502272447,-5.95519
21.0596719651912,-6.76645
16.2769401186888,-7.58019
14.7296169862057,-8.42781
30.5853300030249,-6.86857
35.6702569046793,-6.50138
32.7995282936863,-4.81749
28.7927810906112,-5.57909
20.8906727360336,-5.7794
31.7532508329132,-6.68486
21.4353312819658,-7.12518
34.5955897110871,-6.36105
20.4546211761917,-7.9796
42.3419560345646,-5.26172
33.102141258878,-6.16026
14.4389422469503,-6.23409
26.4440905720767,-8.04481
30.6810588590342,-5.91732
34.4822140561882,-4.63683
36.8638728030055,-4.26959
21.0819091044286,-5.09057
19.7362743908161,-5.45972
30.1269285508497,-6.46463
31.7679324503042,-5.36589
43.8769744493329,-3.96142
29.4091879207554,-5.72713
32.6474904372299,-5.04577
37.0390332291972,-5.15158
24.0856526689859,-5.55723
25.0422495462335,-6.13872
21.571928647154,-5.45622
14.3482072827246,-5.14614
41.5783043673073,-8.03399
24.8244063362363,-5.66295
21.8971638054209,-6.98085
29.5488590105961,-6.88205
26.5434205302663,-6.9339
30.6348263984873,-5.66361
9.67493018120149,-7.26563
29.398539647631,-6.1461
19.5047350516215,-8.05527
27.4401186501236,-5.66601
26.9011507118448,-5.94833
19.5364684438719,-7.05193
6.74494772410253,-6.46256
16.9573945841184,-6.27679
24.6687143217023,-5.51235
22.7405954865317,-6.5352
37.1565048366247,-5.28173
30.2790823143841,-5.71223
19.1492529582029,-5.49779
20.454079909603,-5.97632
30.6155524097449,-4.16077
22.8522095936823,-6.44343
38.664946170742,-4.42502
9.72342004879465,-5.59577
24.8127023383204,-5.83793
27.0550926557808,-4.41783
10.5364878442633,-7.18919
32.110523327563,-6.24486
26.2860720499739,-4.87903
35.5201619948384,-7.099
11.2025162870814,-5.64246
26.4358486620258,-5.79084
6.30182657383921,-5.75825
80.0650411672541,-5.73709
18.0088024209181,-4.29057
30.5747051715225,-6.39377
31.2920219519619,-5.99203
29.3847259889844,-4.60306
20.5550990147894,-6.52441
31.0273098595244,-5.55029
26.1694335787943,-5.55284
49.8051802155242,-6.8443
34.1556722073765,-6.28052
22.8007073567132,-6.17226
19.0681405441755,-5.51658
26.8812548080641,-5.07915
28.9383497982053,-6.11331
32.4502262623282,-5.36986
34.2842783478409,-4.76921
12.2980537249532,-5.52076
23.0093072929049,-4.0953
62.8308972859704,-6.0097
33.9391378660439,-8.14569
36.760765483039,-5.87747
30.5933011354391,-5.54405
33.0446410885452,-5.5063
26.1147768174596,-5.56487
24.3225093053989,-5.38728
35.218411371432,-5.52834
21.3332190196379,-4.45069
25.7089916415134,-5.29318
34.1290087028065,-5.69315
8.65642674760966,-4.61096
26.0756682457832,-8.10223
13.372883358752,-6.37831
26.0441277542741,-6.23
6.29618909899,-6.23591
34.8361812112744,-6.5918
25.9832241679287,-4.56554
33.3093142905091,-5.12216
44.146294261951,-5.34595
45.9978001449563,-5.16677
18.0695293768877,-5.77108
46.4405279510684,-8.17862
14.8717638145681,-6.81105
5.17458520972286,-7.05691
4.76361946380712,-6.17265
6.55698841387493,-7.51196
33.1916841388011,-4.32398
34.8850273490862,-4.81871
26.7846828398178,-4.18591
27.9363628314204,-6.00966
15.7823699350156,-6.02419
4.20880715476233,-7.02915
33.4637331499835,-8.68143
28.7394518719375,-6.15731
20.3826373484262,-8.30967
38.3068146270816,-5.55223
37.2466144091995,-5.41801
29.2950750682139,-4.92496
6.36943368090579,-7.47845
43.0730145622474,-8.17197
27.984512706611,-6.37593
31.6304181537198,-4.59538
17.2616373026649,-8.44353
18.9243926382915,-5.25204
13.3770559352415,-7.46968
24.9031928357545,-4.37459
28.7846971973631,-6.13962
15.9039955154112,-6.13382
24.3236087595578,-5.39459
31.0270003369587,-7.31714
29.881283560193,-5.49972
37.2914342499353,-5.87852
31.7283674399005,-5.89847
13.3878577194955,-7.56661
15.1781086339142,-5.76276
19.2537603342134,-6.65423
35.544337473897,-6.26918
34.3658942990223,-6.39184
30.5078959448219,-4.34726
6.81095334984639,-7.56325
35.4093684889558,-5.54252
29.3076203292185,-4.72404
18.5504199002862,-7.69938
22.9211025637524,-5.86692
32.2834385267488,-5.7645
18.3519304144829,-6.11951
59.2944326947327,-8.15383
31.2069887950965,-4.3534
19.0863461858899,-6.92438
11.2094668582577,-7.46466
25.4698558843702,-4.90677
24.9131522260177,-5.37738
26.8608578224521,-6.41679
22.1770859719181,-5.85442
29.444962729649,-5.72776
24.0910623509335,-5.81017
6.28859501111583,-6.0408
18.0611095531058,-7.09084
8.104833661866,-7.236
36.1277339802436,-5.36571
27.7475971543463,-5.72326
32.7390266224902,-6.18493
9.50213448339491,-8.49007
16.5035930770646,-6.9637
13.0001397679916,-7.43028
25.1389003658223,-4.93114
42.0941896550976,-5.18973
31.7573498494021,-4.77189
23.698272777172,-5.65527
14.7961042738425,-5.13074
26.450341823238,-5.47435
28.6441785302268,-6.53112
30.3000009343377,-6.06842
38.7101777757998,-8.30629
12.2713409115386,-5.00307
27.4926089490909,-5.32586
24.9433776780133,-5.66633
38.6516331427993,-5.95589
28.7388591444869,-5.85516
7.19689090009706,-6.39084
48.108526758384,-8.13745
17.8414387619669,-5.16271
22.034919949554,-7.71211
32.7529376353959,-5.38089
34.3556346237092,-4.95447
19.7461410242176,-7.14418
24.8962385404484,-5.48084
18.9021553767707,-4.23503
47.3522308985157,-5.24049
31.2851490823923,-4.68772
34.7249259679556,-5.57229
6.73450753945872,-7.14122
29.5179403110124,-3.7893
35.2723928999731,-5.51982
28.4256469087959,-4.66378
32.5190528257226,-5.84844
20.2176216951775,-6.43784
28.2667756905321,-5.3115
18.5645011022643,-5.98654
30.6271162731864,-6.42073
31.4052595494031,-5.74173
46.6440027641293,-6.29603
29.6286746432488,-5.89951
12.0924074434806,-5.07344
35.6303604363166,-5.86917
21.8336090223056,-5.35151
39.1783399165543,-7.09076
23.8054327482459,-6.1493
29.5722676528239,-6.00487
24.3929919983893,-5.42443
21.6039115703315,-6.36946
26.3225990111605,-5.34433
23.4778115747831,-5.82728
35.177500689897,-4.81953
38.4179548838001,-4.82896
41.0633005331802,-5.38176
27.2865313764232,-4.81736
17.9432246025135,-7.85841
20.965750818661,-6.02689
41.3973707419609,-5.97856
12.6150572097613,-6.22118
30.4633091239957,-4.78942
43.7146480943738,-5.60531
20.1095531795363,-5.67898
15.4937863596206,-7.19182
21.9724952564102,-4.68528
4.91456410378305,-5.47748
31.8753102125011,-5.32725
11.4332049253462,-6.38004
34.7442649937439,-4.67498
8.5514147492504,-6.42641
16.4726452651848,-5.57039
56.5460916557422,-9.05863
16.6467633406246,-6.12703
17.2780954035734,-6.45171
27.7331354989292,-6.58004
24.3984908432722,-5.40513
36.6362345872585,-4.25313
17.9371845314963,-6.10406
39.2125336376193,-6.08546
38.6816703629374,-6.01859
28.5682863635448,-7.40295
17.9935638587122,-5.81564
24.1933284315019,-6.31746
30.6990303773928,-5.35411
6.40632700059723,-6.81588
14.0325705291543,-6.7251
35.0724188364329,-4.24299
7.96611520900115,-7.0179
31.8194327154561,-5.09504
13.7321670013298,-7.7753
26.07926722298,-6.1866
32.316762835595,-4.95803
35.0480987135379,-5.48496
31.6445661034522,-4.37659
28.1985511517814,-6.2943
20.1152458280958,-6.07902
21.633784846239,-5.37423
25.0721514499564,-5.19737
21.7157246830393,-5.24612
29.6215419412547,-5.39195
32.2991331131489,-4.79225
34.9058317552408,-4.7624
28.956821943797,-6.16167
22.6076288692639,-5.93148
32.6852437546186,-6.51979
31.7884247905931,-5.98239
9.12583595746401,-8.24574
32.3867485303963,-5.5715
43.0469756697639,-4.93697
24.3230745093933,-6.43749
28.0165108141664,-5.29968
20.0919372777134,-7.95915
7.23220821277573,-6.76325
33.954919105483,-4.17271
14.3102882241474,-7.45123
32.2593007075411,-5.57812
13.7934355102043,-6.21905
24.9320576069695,-5.39006
23.861728313077,-7.3159
13.8088256463634,-5.96616
28.346142717779,-6.24673
31.798384035239,-5.60754
13.8049445030229,-7.53884
13.3075882585727,-6.38034
30.0628487558679,-5.10882
12.0272386495926,-6.48589
1.82530723417949,-7.43418
27.2371353249364,-5.37134
18.9435450547971,-6.66017
34.5533492515133,-4.05866
23.5210798761618,-5.58255
18.9923566264515,-4.88287
37.0740502697954,-4.80863
32.3703388200374,-4.75258
31.5767223928669,-4.72725
24.514772532737,-5.01105
15.941934058581,-7.18804
22.9660143564142,-7.28961
53.0122229389344,-7.66724
29.5369367631938,-4.83597
30.9678126194958,-7.18008
22.9389118805193,-5.57077
45.3555823863826,-8.1861
31.7824626772999,-5.53733
15.1624010016894,-6.29811
23.1382634653091,-5.77527
34.4308521151506,-6.55602
10.9706499875429,-5.07105
33.3598225545247,-6.44428
32.6598810377618,-4.82144
27.062691093608,-5.77781
25.3662458012332,-6.85562
12.7027778954507,-6.88042
11.1514320625101,-7.63629
34.4982745399975,-4.48888
28.7631052140678,-4.35924
18.9770277504358,-6.22097
31.8301623284933,-5.50887
17.5997004188648,-7.03511
39.0441463732641,-5.32709
37.9143036258865,-4.52778
4.60837494907901,-5.81655
4.51400760590695,-7.10241
45.0159462290103,-7.26969
9.59787964602219,-7.62155
19.5870218200762,-4.66611
26.8785888656239,-4.42923
33.2817967678784,-5.35357
8.80228080571032,-7.29324
19.2685884080965,-5.71944
25.8985305737042,-5.45398
16.3759881836377,-6.08093
28.6798908649143,-5.37206
26.5227470943864,-6.09921
31.6009536225174,-5.05525
16.1834553265871,-6.34429
20.789945751425,-6.30485
13.6761862393469,-6.14281
42.6518257521784,-6.02288
18.378114283405,-5.94809
23.0098554398028,-5.50005
22.3220866846823,-4.53624
30.2011719721158,-6.57338
37.1611886882492,-5.81321
25.0377721093755,-5.28095
31.9579223424516,-6.46916
36.6284243675691,-5.46659
19.7612866448253,-6.85009
22.4703966677116,-5.19357
16.394959475514,-5.13647
28.3941295304503,-5.62499
22.101295607783,-5.27667
28.6863621361772,-6.85609
28.3365845149856,-5.13824
25.254258198016,-4.75504
31.228311948169,-5.84129
36.6790676823912,-4.61758
29.2239976886922,-5.38599
14.4158033921522,-7.69363
39.0141649247598,-4.85999
33.7812653269357,-6.55633
15.9227359191282,-5.84204
31.3478128780262,-5.71182
33.5788357780184,-6.12108
21.411484150336,-4.13131
16.233161506887,-6.93219
27.5853660727989,-7.55539
39.1269681614976,-3.80243
33.4995919801222,-6.13635
21.9463875937945,-7.69529
30.4416277594501,-5.30507
30.840902770371,-5.21031
30.0440527032006,-5.11652
27.5654289406011,-3.70723
18.3896963302286,-6.28441
26.0495653435537,-8.15936
34.2271649366667,-5.47849
17.7010312863968,-5.82156
29.2068453285101,-6.1914
24.6097938392631,-4.56807
17.898940181607,-7.33434
12.9006415094409,-7.7304
29.7704224435583,-4.26182
43.7814020956539,-4.90738
29.0497817374126,-4.95605
35.2841019708394,-4.53035
22.4786332535368,-6.66694
35.2196995292252,-4.4834
43.9853573301807,-4.39119
31.4255702627634,-4.24475
27.3588871815373,-8.0493
36.5831077203875,-8.46895
30.6747602957839,-6.32247
9.17078142799073,-6.95261
22.0255983629831,-5.35522
36.9883015462183,-8.06886
28.4915577446118,-4.58277
6.34068141943135,-8.35554
23.8197915516175,-5.7945
29.3394809354613,-5.08743
39.4392376290161,-4.60641
16.7328237881411,-5.36717
35.6169953730168,-4.05663
37.3271060934057,-6.23853
16.9955303181487,-6.76577
27.5482440724991,-4.94922
20.58634200284,-5.1648
32.2644465138292,-8.74924
31.879891002096,-6.44525
25.4680406220141,-5.89718
21.773316789724,-6.64058
16.7428763585631,-8.1805
39.1877061644118,-6.54911
34.4219660034978,-4.29086
30.7997589530351,-5.74124
28.5204372662192,-7.89448
27.2256574062521,-5.63433
5.38251813034731,-7.0243
33.6266297846232,-7.82646
33.398191427008,-4.31953
15.3490571964139,-8.85071
27.4670260184357,-5.47875
17.3090377891058,-6.88591
22.8321470516785,-6.62361
24.2167412058952,-5.00628
6.63529152522096,-7.71259
5.33881959069549,-7.10057
22.62507343381,-5.64955
35.19427830922,-6.34201
16.1104613906828,-5.85363
24.2926782600662,-5.02407
14.8487665580287,-6.36798
24.6137117152211,-7.47246
31.4556977439788,-4.74086
43.9422916823823,-7.8762
23.9684774922025,-7.7885
32.2820682823913,-5.5065
50.9593246291006,-8.3304
24.5568130179345,-6.06061
29.8009854987613,-4.31529
30.5769564689836,-5.3065
17.9662513734002,-8.70919
21.5283655439162,-7.98096
23.5670145687618,-5.41647
22.2782975099617,-6.48973
20.2163479859191,-8.87184
32.5387931917794,-4.75825
36.7569628250931,-4.6956
23.0485469933155,-6.28111
29.7577346726321,-5.0991
42.0922935350281,-6.27604
30.7131400244652,-4.7923
51.9729593542943,-6.91384
29.6861771118529,-5.73968
29.1790313199454,-4.91609
28.1291832154602,-4.69786
15.8649839258833,-7.4985
39.8560971980914,-6.47036
35.7687983478099,-6.26624
29.3504368821996,-6.27898
29.4096870996545,-7.79481
7.70975061098216,-7.15092
35.3996719375355,-5.67342
32.3029073339458,-6.29007
23.9280034878066,-6.68699
23.5291244604705,-5.05895
17.75788008175,-5.72284
15.3747523639067,-6.14996
36.1723537515063,-5.67643
24.7211035260661,-7.79775
63.6920095602582,-8.63838
27.7927466653164,-4.26586
33.1972561530274,-5.58343
29.1469401238573,-5.99252
19.3753708244731,-5.38691
17.1006809454084,-6.75744
32.3013974612986,-5.3245
25.3246507680706,-4.67507
29.9886808878655,-6.46386
17.1122353025821,-6.26865
20.5980662425536,-5.59546
9.89977262929824,-6.01999
40.5333556317164,-8.15227
13.0526309984052,-7.75053
57.0773090844305,-6.34199
25.1956042097408,-6.1771
32.6047932550064,-4.76866
13.2105097328204,-5.74033
22.0222800565207,-5.44574
28.2950924807956,-5.31576
10.7153335896546,-8.0781
10.6689926140753,-5.84903
11.584661807985,-6.02951
23.3350302645958,-7.18621
32.2767774988351,-5.37049
20.9497485120701,-6.41453
39.1955040697758,-7.30451
40.4382136433705,-6.21846
35.2155080139892,-5.47038
15.4222714181487,-6.08884
8.08814456644541,-6.06563
32.2060557383629,-4.5169
31.4013472862971,-4.91988
41.292033120666,-5.16053
32.876749282681,-5.59723
20.9960752804072,-5.5472
31.9226004599732,-6.10582
20.4152515220776,-7.03256
33.0885477608026,-4.55337
21.2043016665193,-6.0538
19.2653491320307,-8.01842
9.42604873635719,-7.38259
28.791410875343,-5.95428
12.8028304123727,-5.48463
10.0903641931764,-6.076
12.5029461246631,-6.62852
27.5134646290026,-4.03119
32.5465277346193,-7.03104
20.2572883227149,-6.03387
30.1883488079911,-6.31503
23.8389802577985,-7.05905
15.5001659459995,-8.61171
26.2253660896713,-6.32955
26.8762977716506,-5.97896
42.1181126534102,-4.21676
21.4207840950694,-5.54381
30.2165132846494,-6.21087
30.7225752282902,-6.16334
25.4202901084755,-5.72548
23.4359299681892,-7.73547
23.7258867529854,-6.79988
22.8833753258659,-6.96156
26.4109174560144,-6.42608
26.2859060723749,-6.05323
35.5612245586526,-5.28595
29.339441291515,-6.26787
23.5118097339728,-4.62161
40.2218444817954,-7.13028
45.282812404701,-6.49448
24.8124389912191,-6.85953
33.6111393044666,-5.46951
11.7680202939191,-5.6284
20.5092821753387,-4.81234
40.3973466891039,-7.50856
13.4858610229712,-6.53107
22.3767566942988,-6.63192
22.7312279487014,-6.9891
43.6264893773259,-4.83024
29.8411134943053,-4.35194
4.09983239788562,-6.64139
25.6394035213889,-6.74352
109.082339925157,-6.38404
17.0539558304117,-4.57905
31.6610428959939,-5.80144
30.212112882713,-4.71209
35.573503493888,-4.84249
18.995258875224,-5.95627
11.5067338472691,-5.64924
25.434848254321,-5.61439
16.890604816861,-6.26655
34.5026147555473,-4.65714
38.7245186733126,-6.53037
33.1711412194236,-5.19478
23.1751053894695,-7.97418
19.4395707853437,-7.44537
35.571566207509,-4.4927
24.1171601111819,-6.00734
30.5934845340998,-4.43224
32.6708774513572,-7.00378
24.1657358816301,-6.31614
8.97053604029134,-6.77494
23.3375989096421,-6.07269
17.2877138103795,-6.68648
40.4556551186324,-5.07743
28.1290748481224,-5.38938
52.6755893632944,-8.70104
33.4164698433997,-6.02185
22.5283838137366,-5.15184
28.7290050448937,-8.56583
28.0387603177733,-5.50682
35.2704302875864,-5.28987
23.3278365055303,-6.11927
37.4335157868918,-5.46672
34.0114457211348,-4.80219
21.7438376777754,-5.19093
19.6911229874167,-6.45152
27.8280585491812,-4.87747
33.977628401346,-3.76303
17.2118221281635,-5.86743
17.7177136854589,-6.56204
-1.79640898725484,-7.60396
13.6151345917388,-6.06225
38.6485684046711,-5.32265
2.18454132435727,-8.54283
26.4258295031796,-5.326
27.855509418514,-6.18227
23.6838328086997,-5.43112
15.0896201043033,-6.36524
24.031202778955,-6.59005
15.7359192214099,-5.90966
20.5306731833371,-8.21392
30.043040068831,-6.49866
36.7142971169014,-5.37753
38.5409108479907,-5.92869
32.5814067215324,-3.94382
44.5731027966867,-7.74165
34.1976745041575,-6.16782
-2.72422035229465,-6.56073
40.9580430134774,-5.40801
16.7497008996324,-6.22205
51.5751567538646,-7.88088
30.1906495300464,-5.76571
30.8357744195673,-5.59894
29.2931235900069,-4.92109
17.1327724287839,-5.99955
34.7681696654508,-5.59145
39.9185215411344,-5.85051
30.9218591057324,-5.01593
27.2713194982462,-5.69848
17.3818100436511,-7.6874
56.4134812326338,-6.12807
30.6599350485885,-5.60632
19.3451764100137,-5.58567
36.6428588694907,-6.40183
36.022675198652,-5.08115
31.2098169543751,-4.66497
18.8327293025832,-6.06517
19.112743938269,-4.72687
29.3457401816777,-5.55096
33.0033679114822,-5.50097
18.7050173282478,-6.10954
20.4865119183378,-7.06025
21.6253396549037,-6.52647
15.2012635633437,-7.88429
17.9743910007928,-7.39022
36.3261526608658,-5.44393
28.4788238372494,-3.94025
30.7877769026527,-5.8084
59.9429990342614,-5.8909
25.4298937768071,-6.34182
29.1777887197713,-8.07714
15.2524597294396,-6.31385
17.4647207944145,-7.21654
12.7216924262466,-5.69289
3.73313455799507,-7.07056
25.2641543087702,-7.15526
42.7660504816522,-8.21699
35.1452610505148,-4.1695
18.4902634138125,-7.49443
19.0859720537701,-6.31384
44.4595005903539,-5.71969
7.04857466535032,-6.21353
19.9632662780787,-7.54018
35.533341127626,-5.51764
28.2748244690265,-5.12169
37.2323805454653,-8.01115
1.96463543386199,-5.8494
26.4988355248424,-4.8139
28.7436519679322,-5.81121
33.2817055948835,-4.34629
9.65451290446799,-7.44612
10.3299485317293,-6.49567
33.9373082519814,-6.29341
27.2792042916517,-6.94942
41.4520137782165,-6.70183
31.2653867605586,-6.18543
36.521726337025,-4.92356
32.2286195043489,-7.98047
30.0575349641731,-6.39764
17.1767075089047,-5.45241
13.9770795077784,-5.29671
31.5107622531978,-8.55058
2.86005131311322,-8.95636
36.4047076414463,-7.98021
35.0842220768391,-5.45209
34.0520594986156,-5.92295
25.3632333301466,-4.88465
27.121010122748,-5.2299
31.9188351549747,-8.41645
32.9229639267323,-7.05601
45.3896282877213,-8.55148
32.0006451311128,-4.77084
28.7188365716211,-5.71979
29.5959886352612,-6.24312
30.6909563176923,-4.88794
30.6942840523043,-5.1258
21.890406757946,-7.62681
31.9351238587224,-4.81228
18.8306737601706,-6.5284
47.567246913386,-7.77046
21.9842697421373,-6.11198
29.109388360197,-6.1552
35.8664516853823,-4.58572
21.1831231224241,-6.80274
20.5913169846644,-6.48636
21.7007381139338,-5.6713
30.4735867071795,-6.85401
25.4901785541078,-6.89109
37.0838418922649,-7.42974
13.9019171957989,-6.24622
21.9862446944207,-5.6542
21.153559241593,-5.08335
30.9340651550119,-4.53503
46.5624148551979,-7.5509
18.0923953909441,-4.94309
34.9431180804822,-5.46622
14.7856810362682,-6.5227
27.035999430027,-5.54214
26.9391670825935,-5.62611
25.3113740103763,-5.31803
16.8561085273832,-5.09985
31.4570801087903,-3.81436
28.5938607123644,-5.331
29.2448089797035,-5.18319
34.5495312012717,-5.52796
6.75878054208806,-7.14808
25.7789690222198,-6.79253
36.7456303204781,-6.65696
30.422895297892,-5.06955
16.5816863982582,-8.09105
43.200763660443,-5.153
22.0265481252281,-5.70425
23.8721827894296,-7.06017
19.2762904303163,-5.45213
30.2843008103664,-5.42409
31.5854472071042,-4.98965
19.0309524037657,-8.21892
