policy,metric,mean_or_delta,ci95_low,ci95_high
random,regret,3.0114101542391642,2.47150830116836,3.5607138399425318
greedy,regret,0.10947807468855913,0.02372620730591732,0.2255093251512154
uncertainty,regret,2.853418268651693,2.3082354414288506,3.407727108244855
mixed,regret,0.7450282022728785,0.4661384507363033,1.0558250648043677
random,top10_recall,0.41124999999999995,0.4040833333333334,0.41825
greedy,top10_recall,0.6888333333333335,0.6823333333333333,0.6956666666666664
uncertainty,top10_recall,0.43258333333333326,0.4231666666666666,0.4420833333333333
mixed,top10_recall,0.5161666666666666,0.5080833333333333,0.5241666666666667
random,spearman,0.0,0.0,0.0
greedy,spearman,-0.003704884405527542,-0.010636526775167349,0.0032439324620778826
uncertainty,spearman,-0.005952250951568447,-0.011859062822267627,-0.0001613367896049398
mixed,spearman,-0.002469517934487087,-0.009209130838317729,0.004112219123244518
