seed,proxy,budget,policy,common_n,initial_seed_count,actual_predictions,best_pred_gbsa,best_candidate_id,diversity_top50,ood_fraction_top50,min_train_hamming_top50,n_exportable
2001,xgb,1024,matched_seed_random_walk,1023,16,1024,5.918974310965568,27a27dc097aa46f7,8.662857142857144,0.0,2.22,1015
2001,xgb,1024,multi_start_hill_climb,1023,16,1024,1.9597319938129403,71bd735c81a895a3,2.960816326530612,0.0,3.62,1015
2001,xgb,1024,multi_start_beam,1023,16,1024,5.192078752492865,50e02c88166d01ae,7.773061224489796,0.0,2.5,1015
2001,xgb,1024,mutation_only_ga,1023,16,1023,1.9597319938129403,71bd735c81a895a3,4.20734693877551,0.0,4.04,1015
2001,rf,1024,matched_seed_random_walk,1024,16,1024,17.513081759462036,c4dc5dece382ed2f,7.201632653061225,0.0,2.28,1016
2001,rf,1024,multi_start_hill_climb,1024,16,1024,16.82793084662745,992ea596e89b7c57,4.315918367346939,0.0,4.26,1016
2001,rf,1024,multi_start_beam,1024,16,1024,17.30865147342781,2e0117d327fe1ea2,3.4808163265306122,0.0,2.08,1016
2001,rf,1024,mutation_only_ga,1024,16,1024,16.97736402009929,949683f981ea2c82,4.816326530612245,0.0,3.82,1016
2002,xgb,1024,matched_seed_random_walk,1023,16,1024,2.812435737230844,def523ed99130986,5.171428571428572,0.0,1.94,1015
2002,xgb,1024,multi_start_hill_climb,1023,16,1024,2.160089851816489,379814a7747aecf7,3.3657142857142857,0.0,3.92,1015
2002,xgb,1024,multi_start_beam,1023,16,1023,2.6191132669708894,a4ad10499546fbed,4.358367346938776,0.0,2.42,1015
2002,xgb,1024,mutation_only_ga,1023,16,1024,2.1908680482097,31604ad01f4fd339,3.8791836734693876,0.0,3.98,1015
2002,rf,1024,matched_seed_random_walk,805,16,1024,17.08622573188171,76ee565bd5ed7c69,6.9918367346938775,0.0,1.94,797
2002,rf,1024,multi_start_hill_climb,805,16,1024,16.735467487929494,c69d7770b5804bf8,3.085714285714286,0.0,4.4,797
2002,rf,1024,multi_start_beam,805,16,1024,16.96579619091855,9182065ba3ea9dc2,4.387755102040816,0.0,1.86,797
2002,rf,1024,mutation_only_ga,805,16,805,16.80123567613093,854cbed72368895c,2.923265306122449,0.0,2.74,797
2003,xgb,1024,matched_seed_random_walk,831,16,1024,10.932694910874474,7be6a77e78982e26,7.745306122448979,0.0,1.68,823
2003,xgb,1024,multi_start_hill_climb,831,16,1024,6.853991989125525,7d2ff7da3bc7f7f5,6.786938775510204,0.0,3.14,823
2003,xgb,1024,multi_start_beam,831,16,1024,11.047395738882694,374cd6442a39edb2,7.908571428571428,0.0,1.88,823
2003,xgb,1024,mutation_only_ga,831,16,831,6.853991989125525,7d2ff7da3bc7f7f5,6.6604081632653065,0.0,3.62,823
2003,rf,1024,matched_seed_random_walk,1023,16,1024,17.922596029627783,7e0cf0e9425b7fc6,7.612244897959184,0.0,1.8,1015
2003,rf,1024,multi_start_hill_climb,1023,16,1024,17.692531394869278,c178d02f8206f3f3,3.993469387755102,0.0,3.3,1015
2003,rf,1024,multi_start_beam,1023,16,1023,17.84896802474914,6f5f620528195130,7.222857142857142,0.0,1.7,1015
2003,rf,1024,mutation_only_ga,1023,16,1024,17.34921119877457,e697ead65ab3224c,3.9885714285714284,0.0,4.06,1015
2004,xgb,1024,matched_seed_random_walk,1005,16,1024,9.172648891186048,3383a864742c4e40,7.966530612244898,0.0,2.28,997
2004,xgb,1024,multi_start_hill_climb,1005,16,1024,4.8785732465960425,498707a925004c4a,4.381224489795918,0.0,3.1,997
2004,xgb,1024,multi_start_beam,1005,16,1023,8.991446460929671,bee748b6da004d3e,6.988571428571428,0.0,1.88,997
2004,xgb,1024,mutation_only_ga,1005,16,1005,5.152202855485182,e277c3fbfeab650a,4.288979591836735,0.0,3.16,997
2004,rf,1024,matched_seed_random_walk,1024,16,1024,18.042568201604784,3383a864742c4e40,7.736326530612245,0.0,1.96,1016
2004,rf,1024,multi_start_hill_climb,1024,16,1024,17.02949141444646,e4959cb8c3e9cc3f,4.6873469387755105,0.0,4.38,1016
2004,rf,1024,multi_start_beam,1024,16,1024,17.4123977836244,a68e8ea7c6b986af,5.437551020408163,0.0,2.14,1016
2004,rf,1024,mutation_only_ga,1024,16,1024,17.10175758519387,4a0ce178b1c2447a,3.4693877551020407,0.0,3.66,1016
2005,xgb,1024,matched_seed_random_walk,1024,16,1024,12.534172559208224,6845f6aaa34de027,7.582040816326531,0.02,2.2,1016
2005,xgb,1024,multi_start_hill_climb,1024,16,1024,7.8765637444825645,2f4cde6c24e593bd,5.8310204081632655,0.0,3.62,1016
2005,xgb,1024,multi_start_beam,1024,16,1024,10.042807953639713,5fe4623451537217,5.6204081632653065,0.0,2.44,1016
2005,xgb,1024,mutation_only_ga,1024,16,1024,8.433458854451311,3a4db15f92d7ab15,3.790204081632653,0.0,4.12,1016
2005,rf,1024,matched_seed_random_walk,1023,16,1024,19.21783955194175,a04f28ec2af9d325,6.671836734693877,0.0,1.92,1015
2005,rf,1024,multi_start_hill_climb,1023,16,1024,18.653399961454134,b87c929ce1599c02,3.0040816326530613,0.0,3.7,1015
2005,rf,1024,multi_start_beam,1023,16,1023,18.937088228409547,f080c5b01a238d2e,4.6873469387755105,0.0,2.08,1015
2005,rf,1024,mutation_only_ga,1023,16,1024,18.727115087826494,9e8278b235a85934,3.286530612244898,0.0,3.52,1015
2006,xgb,1024,matched_seed_random_walk,699,16,1024,9.244682724806042,2136ae3b7c549ff2,6.369795918367347,0.0,1.92,691
2006,xgb,1024,multi_start_hill_climb,699,16,1024,9.150338882525176,458379113f235ed6,3.913469387755102,0.0,4.66,691
2006,xgb,1024,multi_start_beam,699,16,1024,10.628962911864969,91522848a316e049,5.667755102040816,0.0,1.54,691
2006,xgb,1024,mutation_only_ga,699,16,699,9.244682724806042,1429f511572097a7,3.5191836734693878,0.0,2.66,691
2006,rf,1024,matched_seed_random_walk,913,16,1024,17.329719909274907,2136ae3b7c549ff2,5.716734693877551,0.0,1.86,905
2006,rf,1024,multi_start_hill_climb,913,16,1024,17.111513546282563,9a649e4e466f23ae,3.5551020408163265,0.02,2.76,905
2006,rf,1024,multi_start_beam,913,16,1022,17.111513546282563,fff95025c0e2c91b,4.1020408163265305,0.0,1.64,905
2006,rf,1024,mutation_only_ga,913,16,913,17.111513546282563,9a649e4e466f23ae,3.643265306122449,0.02,2.88,905
2007,xgb,1024,matched_seed_random_walk,1024,16,1024,9.448802294030923,06718c9bacbad3ce,7.504489795918367,0.0,1.68,1016
2007,xgb,1024,multi_start_hill_climb,1024,16,1024,5.05514568722264,5001bce33df90d43,3.3836734693877553,0.0,4.76,1016
2007,xgb,1024,multi_start_beam,1024,16,1024,8.509351049335056,4c08d99b1215d673,6.641632653061224,0.0,2.1,1016
2007,xgb,1024,mutation_only_ga,1024,16,1024,4.480707774497649,ebd0c55702323a19,4.900408163265306,0.0,4.28,1016
2007,rf,1024,matched_seed_random_walk,1020,16,1024,17.379655499562478,46474329d20601a5,7.248163265306123,0.0,1.7,1012
2007,rf,1024,multi_start_hill_climb,1020,16,1024,16.43097712719305,a4835fa49af82d7e,2.9583673469387755,0.0,3.94,1012
2007,rf,1024,multi_start_beam,1020,16,1020,17.379655499562478,46474329d20601a5,6.896326530612245,0.0,1.96,1012
2007,rf,1024,mutation_only_ga,1020,16,1024,16.65063929951917,85c9f0a4b25b98e8,3.9379591836734695,0.0,3.74,1012
2008,xgb,1024,matched_seed_random_walk,1024,16,1024,8.34257218918329,6552aa72f6c8e9cc,7.910204081632653,0.0,2.04,1016
2008,xgb,1024,multi_start_hill_climb,1024,16,1024,4.813888093093242,c9c383c438bd9bd1,2.6881632653061223,0.0,4.4,1016
2008,xgb,1024,multi_start_beam,1024,16,1024,6.61133227527336,31225024d9587451,6.217142857142857,0.0,2.4,1016
2008,xgb,1024,mutation_only_ga,1024,16,1024,4.915952605027018,ae4a4b39f39cd81d,3.8685714285714288,0.0,4.02,1016
2008,rf,1024,matched_seed_random_walk,1021,16,1024,19.0575317672558,ae99ad6a10f2f837,7.659591836734694,0.04,2.2,1013
2008,rf,1024,multi_start_hill_climb,1021,16,1024,18.356805502641432,a06a6cd8cc247e0b,5.44734693877551,0.0,3.82,1013
2008,rf,1024,multi_start_beam,1021,16,1024,18.490449859029756,f8f9e01196140271,6.301224489795918,0.0,2.14,1013
2008,rf,1024,mutation_only_ga,1021,16,1021,18.37730439276909,ab1f2a781d068cfe,4.003265306122449,0.0,3.22,1013
2009,xgb,1024,matched_seed_random_walk,1024,16,1024,9.096001838903513,f32898c9ccef337f,7.325714285714286,0.0,1.68,1016
2009,xgb,1024,multi_start_hill_climb,1024,16,1024,5.06540595567939,30fcf1eb7d71b758,4.093061224489796,0.0,4.76,1016
2009,xgb,1024,multi_start_beam,1024,16,1024,6.966126739498283,bf483d366775d892,6.611428571428571,0.02,2.06,1016
2009,xgb,1024,mutation_only_ga,1024,16,1024,5.17080667106855,7c2b8f8f3d4a147e,6.222040816326531,0.14,3.8,1016
2009,rf,1024,matched_seed_random_walk,1022,16,1024,15.81432569757678,f32898c9ccef337f,8.166530612244898,0.0,2.14,1014
2009,rf,1024,multi_start_hill_climb,1022,16,1024,15.873846572309791,f54fce7b716ddc11,5.443265306122449,0.0,4.3,1014
2009,rf,1024,multi_start_beam,1022,16,1023,16.045672397925305,29a6ff9299cec4d6,5.368979591836735,0.0,2.2,1014
2009,rf,1024,mutation_only_ga,1022,16,1022,15.543135557302111,6e7e39c7ef4244dd,3.8024489795918366,0.04,2.98,1014
2010,xgb,1024,matched_seed_random_walk,1023,16,1024,7.692241301784408,441b6797e084761b,5.987755102040817,0.0,2.1,1015
2010,xgb,1024,multi_start_hill_climb,1023,16,1024,5.386831474696258,ef285234945b52d6,3.2065306122448978,0.0,5.18,1015
2010,xgb,1024,multi_start_beam,1023,16,1024,7.405056778301947,01962943e9907942,5.775510204081633,0.0,2.02,1015
2010,xgb,1024,mutation_only_ga,1023,16,1023,5.386831474696258,ef285234945b52d6,4.383673469387755,0.0,4.1,1015
2010,rf,1024,matched_seed_random_walk,1021,16,1024,16.83361098196826,77a1556afc3290ed,5.818775510204081,0.0,1.8,1013
2010,rf,1024,multi_start_hill_climb,1021,16,1024,16.345867480777073,3ee0fc6c2d66d56c,3.675918367346939,0.0,3.32,1013
2010,rf,1024,multi_start_beam,1021,16,1024,16.557160933836567,f4b73f8a3c816956,4.349387755102041,0.0,2.0,1013
2010,rf,1024,mutation_only_ga,1021,16,1021,16.345867480777073,3ee0fc6c2d66d56c,3.4522448979591838,0.0,3.28,1013
2011,xgb,1024,matched_seed_random_walk,1010,16,1024,7.230980494245699,816d7b159dd08459,6.204081632653061,0.0,1.74,1002
2011,xgb,1024,multi_start_hill_climb,1010,16,1024,3.8590605720377775,39f51ffa33264ff4,5.32,0.0,2.42,1002
2011,xgb,1024,multi_start_beam,1010,16,1024,6.943939185503029,16faffb153badb16,5.390204081632653,0.0,1.82,1002
2011,xgb,1024,mutation_only_ga,1010,16,1010,3.8590605720377775,39f51ffa33264ff4,4.24734693877551,0.0,3.2,1002
2011,rf,1024,matched_seed_random_walk,1018,16,1024,15.959398074912515,91503b2b17fcda74,5.437551020408163,0.0,2.3,1010
2011,rf,1024,multi_start_hill_climb,1018,16,1024,15.811605538279812,223e46afdd6cf8f9,4.231020408163265,0.0,3.62,1010
2011,rf,1024,multi_start_beam,1018,16,1018,15.811605538279812,104966ce3f285aa2,3.4506122448979593,0.0,2.12,1010
2011,rf,1024,mutation_only_ga,1018,16,1020,15.811605538279812,104966ce3f285aa2,3.697142857142857,0.0,3.06,1010
2012,xgb,1024,matched_seed_random_walk,1024,16,1024,12.108740815451121,79b83d1aeb536c74,8.25469387755102,0.0,1.82,1016
2012,xgb,1024,multi_start_hill_climb,1024,16,1024,3.8945997599800704,c4003819d2b41c5d,4.357551020408163,0.0,4.9,1016
2012,xgb,1024,multi_start_beam,1024,16,1024,8.098728531165545,cde2c4e011ba7645,7.096326530612245,0.0,2.44,1016
2012,xgb,1024,mutation_only_ga,1024,16,1024,5.417048475671957,80bd14fd62b6bd9f,4.302040816326531,0.0,4.7,1016
2012,rf,1024,matched_seed_random_walk,1022,16,1024,16.388678386453844,45cd5118e745b0d9,4.844897959183673,0.0,2.14,1014
2012,rf,1024,multi_start_hill_climb,1022,16,1024,16.295819384491146,27124e80d0ac2c9d,4.431836734693878,0.0,3.64,1014
2012,rf,1024,multi_start_beam,1022,16,1022,16.388152226490742,e1d05d009e6d5725,3.6889795918367345,0.0,1.96,1014
2012,rf,1024,mutation_only_ga,1022,16,1023,16.375421599253528,59b7a043d3e1f3cb,3.6220408163265305,0.0,2.48,1014
2013,xgb,1024,matched_seed_random_walk,1022,16,1024,12.412185937599174,fd862e70caea21c9,7.488979591836735,0.0,2.48,1014
2013,xgb,1024,multi_start_hill_climb,1022,16,1024,7.947785372295854,4f4e1895ebab198d,3.6277551020408163,0.0,4.2,1014
2013,xgb,1024,multi_start_beam,1022,16,1024,10.6554858122411,916f38b52f2a2ebd,6.448163265306122,0.0,2.12,1014
2013,xgb,1024,mutation_only_ga,1022,16,1022,7.947785372295854,4f4e1895ebab198d,5.2759183673469385,0.0,4.12,1014
2013,rf,1024,matched_seed_random_walk,1024,16,1024,18.996110304506225,fd862e70caea21c9,7.096326530612245,0.0,2.3,1016
2013,rf,1024,multi_start_hill_climb,1024,16,1024,17.662462415563006,10315b2fd83af08c,6.14530612244898,0.0,3.96,1016
2013,rf,1024,multi_start_beam,1024,16,1024,18.734579992581203,cc467b5981aeeba6,5.591020408163265,0.0,2.14,1016
2013,rf,1024,mutation_only_ga,1024,16,1024,17.82165820389184,480d9d2bf2e7cbc3,4.99265306122449,0.0,3.94,1016
2014,xgb,1024,matched_seed_random_walk,1024,16,1024,9.886818115497078,8233fbe290d2e612,8.760816326530612,0.0,2.16,1016
2014,xgb,1024,multi_start_hill_climb,1024,16,1024,7.896715214683025,82988c985350de53,5.693061224489796,0.0,4.52,1016
2014,xgb,1024,multi_start_beam,1024,16,1024,9.286641165795093,7713bac2f81ab677,7.308571428571429,0.0,2.18,1016
2014,xgb,1024,mutation_only_ga,1024,16,1024,7.886146072406367,3be8b0ee957e12cd,7.940408163265306,0.0,3.54,1016
2014,rf,1024,matched_seed_random_walk,1024,16,1024,19.21719666335453,3c170e0d64fcf8b1,7.417142857142857,0.0,1.64,1016
2014,rf,1024,multi_start_hill_climb,1024,16,1024,18.191343413541258,2698a923ae7f7d98,4.1355102040816325,0.0,4.88,1016
2014,rf,1024,multi_start_beam,1024,16,1024,18.891903416183897,85eac49ed26b9d07,4.6938775510204085,0.0,2.2,1016
2014,rf,1024,mutation_only_ga,1024,16,1024,17.985545392718276,be1c2210b8aa83da,3.942857142857143,0.0,4.58,1016
2015,xgb,1024,matched_seed_random_walk,1024,16,1024,8.670066171239492,3cec5df32aa76589,6.7575510204081635,0.0,1.74,1016
2015,xgb,1024,multi_start_hill_climb,1024,16,1024,6.131883119817773,70ddc12301e18ca6,4.208163265306123,0.0,3.46,1016
2015,xgb,1024,multi_start_beam,1024,16,1024,6.991707079460554,fcb6f03d85074da0,4.918367346938775,0.0,1.76,1016
2015,xgb,1024,mutation_only_ga,1024,16,1024,6.165170531192089,4961ff69421cdb54,4.7608163265306125,0.0,3.08,1016
2015,rf,1024,matched_seed_random_walk,715,16,1024,16.735564526552004,00b733350a65b6de,7.241632653061225,0.0,1.74,707
2015,rf,1024,multi_start_hill_climb,715,16,1024,15.936885334652413,2a855956e704b7d2,4.112653061224489,0.0,3.94,707
2015,rf,1024,multi_start_beam,715,16,1024,16.327989907399395,f7c652ecd988bb7a,5.466938775510204,0.0,1.62,707
2015,rf,1024,mutation_only_ga,715,16,715,16.327989907399395,f7c652ecd988bb7a,4.681632653061224,0.0,2.9,707
2016,xgb,1024,matched_seed_random_walk,1005,16,1024,13.045102745705815,0baaf51a361db330,7.155102040816327,0.0,1.98,997
2016,xgb,1024,multi_start_hill_climb,1005,16,1024,10.384693308018464,0657d0a224c2ce48,5.963265306122449,0.0,2.8,997
2016,xgb,1024,multi_start_beam,1005,16,1024,12.142185490461111,f7af28833e70fedc,6.969795918367347,0.0,1.96,997
2016,xgb,1024,mutation_only_ga,1005,16,1005,10.384693308018464,0657d0a224c2ce48,5.613061224489796,0.0,3.46,997
2016,rf,1024,matched_seed_random_walk,1024,16,1024,20.46364400024718,3559fd7a47dda610,6.801632653061224,0.0,2.18,1016
2016,rf,1024,multi_start_hill_climb,1024,16,1024,19.287484982310062,0dadaadca5b7bb25,4.306938775510204,0.0,4.04,1016
2016,rf,1024,multi_start_beam,1024,16,1024,19.97502797469756,d3d028a3667c7db3,6.048979591836734,0.0,2.02,1016
2016,rf,1024,mutation_only_ga,1024,16,1024,19.344234895430482,ec4a7442f8fa9682,5.194285714285714,0.0,3.92,1016
2017,xgb,1024,matched_seed_random_walk,1024,16,1024,10.491252702463132,3c603743bba496f8,7.2791836734693875,0.0,2.0,1016
2017,xgb,1024,multi_start_hill_climb,1024,16,1024,5.426488192620772,0ffb207306d7a4d0,2.5085714285714285,0.0,4.66,1016
2017,xgb,1024,multi_start_beam,1024,16,1024,9.210199707484062,126e3fb06b13b0f3,4.762448979591837,0.0,2.04,1016
2017,xgb,1024,mutation_only_ga,1024,16,1024,6.298251489489831,ea36c710db483acf,5.190204081632653,0.0,3.46,1016
2017,rf,1024,matched_seed_random_walk,1023,16,1024,18.012602220614152,6d6723f6c15ef28a,6.152653061224489,0.02,2.18,1015
2017,rf,1024,multi_start_hill_climb,1023,16,1024,17.270942177697233,61158f8614116cbd,3.219591836734694,0.0,4.56,1015
2017,rf,1024,multi_start_beam,1023,16,1024,17.970483173080265,4a5a41ff54dd0a91,5.155918367346938,0.0,2.24,1015
2017,rf,1024,mutation_only_ga,1023,16,1023,17.28316503914705,f144df14cacea794,4.489795918367347,0.0,3.58,1015
2018,xgb,1024,matched_seed_random_walk,1024,16,1024,11.11198694545487,fe24cbaeebd737ac,8.288163265306123,0.0,2.28,1016
2018,xgb,1024,multi_start_hill_climb,1024,16,1024,7.306828771798254,272c037c319ebbf5,5.965714285714285,0.0,4.54,1016
2018,xgb,1024,multi_start_beam,1024,16,1024,10.719856907848163,262d2db11fdd19ac,7.17795918367347,0.0,1.9,1016
2018,xgb,1024,mutation_only_ga,1024,16,1024,6.434879654936152,d0980d29876d8796,3.9991836734693877,0.0,4.1,1016
2018,rf,1024,matched_seed_random_walk,799,16,1024,18.837482250688165,0bf09f9dad0938cb,6.018775510204081,0.0,1.74,791
2018,rf,1024,multi_start_hill_climb,799,16,1024,18.2571693352734,dfbdb8d0773b2f7f,3.1477551020408163,0.0,3.56,791
2018,rf,1024,multi_start_beam,799,16,1018,18.837482250688165,0bf09f9dad0938cb,5.645714285714286,0.0,1.88,791
2018,rf,1024,mutation_only_ga,799,16,799,18.358863235973182,5b72efcd99e26d58,3.8979591836734695,0.0,3.32,791
2019,xgb,1024,matched_seed_random_walk,1022,16,1024,6.024384029930257,530a46f2885c89d5,8.012244897959183,0.0,1.82,1014
2019,xgb,1024,multi_start_hill_climb,1022,16,1024,4.03783575987864,a651d96892323eae,4.848163265306122,0.0,3.2,1014
2019,xgb,1024,multi_start_beam,1022,16,1024,5.59858593221132,c6e0ebbf98a204ab,7.925714285714286,0.0,2.08,1014
2019,xgb,1024,mutation_only_ga,1022,16,1022,4.03783575987864,a651d96892323eae,6.360816326530612,0.02,2.94,1014
2019,rf,1024,matched_seed_random_walk,1024,16,1024,18.27317379648925,530a46f2885c89d5,7.613061224489796,0.0,1.84,1016
2019,rf,1024,multi_start_hill_climb,1024,16,1024,17.12831622124697,b48d9b3d0a69bb1b,4.536326530612245,0.0,4.12,1016
2019,rf,1024,multi_start_beam,1024,16,1024,17.224693190574296,d3f5a5223720882a,6.289795918367347,0.0,2.3,1016
2019,rf,1024,mutation_only_ga,1024,16,1024,17.224693190574296,d3f5a5223720882a,5.20734693877551,0.0,4.38,1016
2020,xgb,1024,matched_seed_random_walk,1024,16,1024,7.7781421561506985,f2d605b7d0230e3b,8.063673469387755,0.04,2.9,1016
2020,xgb,1024,multi_start_hill_climb,1024,16,1024,5.727880085311005,006fe31ac952527d,4.391020408163265,0.0,4.96,1016
2020,xgb,1024,multi_start_beam,1024,16,1024,5.832652794273814,ab60ba44c42e382e,7.031020408163266,0.0,3.08,1016
2020,xgb,1024,mutation_only_ga,1024,16,1024,2.7833198588365473,e824fb2e0dc00280,4.300408163265306,0.0,4.96,1016
2020,rf,1024,matched_seed_random_walk,1024,16,1024,17.984127831777858,4c7e821408ceefcc,7.639183673469388,0.0,2.1,1016
2020,rf,1024,multi_start_hill_climb,1024,16,1024,16.14114843045867,8af806b9d26144c1,3.7216326530612247,0.0,4.16,1016
2020,rf,1024,multi_start_beam,1024,16,1024,16.299067840344037,ad05d766c27dd9b3,4.276734693877551,0.0,2.3,1016
2020,rf,1024,mutation_only_ga,1024,16,1024,16.14114843045867,8af806b9d26144c1,3.8448979591836734,0.0,3.44,1016
2021,xgb,1024,matched_seed_random_walk,1001,16,1024,10.229766708715024,b00d8ccfb042cf9e,7.151020408163265,0.0,1.9,993
2021,xgb,1024,multi_start_hill_climb,1001,16,1024,7.503768235568524,76c098ba60dd64a1,6.382857142857143,0.0,4.26,993
2021,xgb,1024,multi_start_beam,1001,16,1024,8.605377289486004,2b8595cc3fd70d9d,5.333877551020408,0.0,2.04,993
2021,xgb,1024,mutation_only_ga,1001,16,1001,8.354175292354027,51d9b2ea9d98198d,5.0318367346938775,0.0,3.2,993
2021,rf,1024,matched_seed_random_walk,1019,16,1024,17.821529640863538,b4af3cd780f4049f,7.729795918367347,0.0,1.9,1011
2021,rf,1024,multi_start_hill_climb,1019,16,1024,17.455571538545772,4081ef500da04779,2.703673469387755,0.0,3.88,1011
2021,rf,1024,multi_start_beam,1019,16,1024,17.460846412235547,e350e842f1d71c54,3.823673469387755,0.0,1.98,1011
2021,rf,1024,mutation_only_ga,1019,16,1019,17.455571538545772,4081ef500da04779,3.340408163265306,0.0,3.64,1011
2022,xgb,1024,matched_seed_random_walk,1023,16,1024,8.761218579593372,80c710bf781ec81d,7.805714285714286,0.0,1.9,1015
2022,xgb,1024,multi_start_hill_climb,1023,16,1024,5.245883755603078,197aa6c90d1f418e,5.350204081632653,0.0,3.88,1015
2022,xgb,1024,multi_start_beam,1023,16,1023,8.296422322398772,82da5beb4ac131db,6.486530612244898,0.0,1.72,1015
2022,xgb,1024,mutation_only_ga,1023,16,1024,5.679868161121791,f4c1ce07cfb086c2,3.4873469387755103,0.0,4.22,1015
2022,rf,1024,matched_seed_random_walk,930,16,1024,18.657965530754957,316019a6f9421079,6.418775510204082,0.0,1.78,922
2022,rf,1024,multi_start_hill_climb,930,16,1024,17.420952586475643,7b9202939c3c1ef4,4.6636734693877555,0.0,4.04,922
2022,rf,1024,multi_start_beam,930,16,1024,17.724795982549093,5483c3813db53235,3.6816326530612247,0.0,1.74,922
2022,rf,1024,mutation_only_ga,930,16,930,17.420952586475643,7b9202939c3c1ef4,4.16734693877551,0.0,3.24,922
2023,xgb,1024,matched_seed_random_walk,1024,16,1024,11.198439477180747,f82afa6549969a46,7.602448979591837,0.0,2.22,1016
2023,xgb,1024,multi_start_hill_climb,1024,16,1024,4.991090825679148,80cc2d203872f1b0,4.786122448979592,0.0,4.62,1016
2023,xgb,1024,multi_start_beam,1024,16,1024,8.49247433227289,640b5d17fca393a2,6.85469387755102,0.0,2.4,1016
2023,xgb,1024,mutation_only_ga,1024,16,1024,5.169855080197178,c0e535ebe05617d5,5.598367346938775,0.0,4.88,1016
2023,rf,1024,matched_seed_random_walk,1023,16,1024,18.6318598206523,44877f6f4a02c99a,6.561632653061224,0.0,1.76,1015
2023,rf,1024,multi_start_hill_climb,1023,16,1024,18.029831516673923,532f0c147a3add08,4.484081632653061,0.0,3.76,1015
2023,rf,1024,multi_start_beam,1023,16,1023,18.4304495985465,197bf3da4b816c40,4.557551020408163,0.0,1.86,1015
2023,rf,1024,mutation_only_ga,1023,16,1024,18.029831516673923,532f0c147a3add08,3.513469387755102,0.0,3.3,1015
2024,xgb,1024,matched_seed_random_walk,1023,16,1024,11.253688643527198,fe9604868307ebf7,8.59673469387755,0.0,1.92,1015
2024,xgb,1024,multi_start_hill_climb,1023,16,1024,8.470657437135921,101e1b7ba0181407,3.4914285714285715,0.0,4.82,1015
2024,xgb,1024,multi_start_beam,1023,16,1023,10.749774694984952,6e37cb4e2e573a50,7.476734693877551,0.0,1.86,1015
2024,xgb,1024,mutation_only_ga,1023,16,1024,9.403173728144255,f5711d9a7b28bda2,4.90204081632653,0.0,4.52,1015
2024,rf,1024,matched_seed_random_walk,1024,16,1024,19.57347574759146,0bb222878fe3215c,7.440816326530612,0.0,1.88,1016
2024,rf,1024,multi_start_hill_climb,1024,16,1024,18.452564206356943,665c920e11ff4d16,4.578775510204082,0.0,4.44,1016
2024,rf,1024,multi_start_beam,1024,16,1024,18.987181901018186,1f65e28c40fed56d,4.9648979591836735,0.0,2.34,1016
2024,rf,1024,mutation_only_ga,1024,16,1024,18.452564206356943,665c920e11ff4d16,4.290612244897959,0.0,4.52,1016
2025,xgb,1024,matched_seed_random_walk,1012,16,1024,10.623632426665331,e7076e0dd2e7772e,7.638367346938775,0.0,1.98,1004
2025,xgb,1024,multi_start_hill_climb,1012,16,1024,9.442417328579875,aec28db3899ea0ba,4.238367346938776,0.0,4.44,1004
2025,xgb,1024,multi_start_beam,1012,16,1024,8.239890037961061,0d3ad8866e0e0c94,5.578775510204082,0.0,1.76,1004
2025,xgb,1024,mutation_only_ga,1012,16,1012,7.515037322111382,21607e2a5136df2c,3.2122448979591836,0.0,3.52,1004
2025,rf,1024,matched_seed_random_walk,1024,16,1024,18.61612434323011,7d510998eb53a30c,7.404897959183674,0.02,3.32,1016
2025,rf,1024,multi_start_hill_climb,1024,16,1024,17.525685611121336,0d4333b3656fb792,3.4914285714285715,0.0,3.46,1016
2025,rf,1024,multi_start_beam,1024,16,1024,17.87480055072132,2dadacbde350d688,3.510204081632653,0.0,2.02,1016
2025,rf,1024,mutation_only_ga,1024,16,1024,17.67500350138541,6cec7e7c82aafbf4,4.655510204081633,0.0,3.84,1016
2026,xgb,1024,matched_seed_random_walk,1024,16,1024,7.450901697492569,be009ce8242b9c1b,7.90204081632653,0.02,1.96,1016
2026,xgb,1024,multi_start_hill_climb,1024,16,1024,2.3260571398765566,801530c5530b88ea,3.0693877551020408,0.0,4.28,1016
2026,xgb,1024,multi_start_beam,1024,16,1024,5.829657216628925,156080f93f9c1f89,7.387755102040816,0.02,2.26,1016
2026,xgb,1024,mutation_only_ga,1024,16,1024,4.588975739590789,93f34b49c738a481,4.293877551020408,0.0,4.46,1016
2026,rf,1024,matched_seed_random_walk,1024,16,1024,19.055306590649472,72ee55f53b35ee03,7.928979591836734,0.0,1.96,1016
2026,rf,1024,multi_start_hill_climb,1024,16,1024,17.413304964673458,57c2d66983a9ba53,3.543673469387755,0.0,4.0,1016
2026,rf,1024,multi_start_beam,1024,16,1024,18.759478868814845,7b7775cbc797f671,7.58530612244898,0.0,2.94,1016
2026,rf,1024,mutation_only_ga,1024,16,1024,17.712240316656573,c5ce00b495312786,3.6751020408163266,0.0,4.48,1016
2027,xgb,1024,matched_seed_random_walk,1010,16,1024,7.912148762387235,46dfe4f274de4f32,7.83265306122449,0.0,2.26,1002
2027,xgb,1024,multi_start_hill_climb,1010,16,1024,3.912501102094865,88677810527a7ccf,2.9681632653061225,0.0,4.6,1002
2027,xgb,1024,multi_start_beam,1010,16,1024,6.530591427388269,75fbb46b8f54ef62,7.00734693877551,0.0,2.24,1002
2027,xgb,1024,mutation_only_ga,1010,16,1010,4.452262842257075,5bd0df1579ab4f86,4.668571428571428,0.0,4.36,1002
2027,rf,1024,matched_seed_random_walk,1023,16,1024,15.760781566895684,5b58c595b96c4c91,6.880816326530613,0.02,2.54,1015
2027,rf,1024,multi_start_hill_climb,1023,16,1024,15.356171667670157,466312488e9b3d4e,3.3681632653061224,0.0,3.96,1015
2027,rf,1024,multi_start_beam,1023,16,1023,15.657881167378546,0f00efcd0c61aaf6,3.8016326530612243,0.0,2.08,1015
2027,rf,1024,mutation_only_ga,1023,16,1023,15.436859747001078,40b11a6f5c3203a9,4.226122448979591,0.0,3.74,1015
2028,xgb,1024,matched_seed_random_walk,1024,16,1024,11.445554197303299,c569e5381f3ca027,8.409795918367347,0.0,1.52,1016
2028,xgb,1024,multi_start_hill_climb,1024,16,1024,7.177119217464524,40ac2e65a4e833bb,5.079183673469387,0.0,4.2,1016
2028,xgb,1024,multi_start_beam,1024,16,1024,10.92889715121781,a2e6a365154dea7f,7.391836734693878,0.0,2.04,1016
2028,xgb,1024,mutation_only_ga,1024,16,1024,9.234954471595795,8a3aa8e8389a2a99,6.884897959183673,0.0,3.76,1016
2028,rf,1024,matched_seed_random_walk,1024,16,1024,18.620013519253217,c569e5381f3ca027,5.493061224489796,0.0,1.96,1016
2028,rf,1024,multi_start_hill_climb,1024,16,1024,17.355365403061516,2f657916dc504a86,4.516734693877551,0.02,4.54,1016
2028,rf,1024,multi_start_beam,1024,16,1024,17.879118267910712,88a8f218e1b82b02,5.075918367346938,0.0,2.66,1016
2028,rf,1024,mutation_only_ga,1024,16,1024,17.541406116044442,e168502237a81602,4.763265306122449,0.0,4.32,1016
2029,xgb,1024,matched_seed_random_walk,1024,16,1024,8.032465249701465,e38eaaea74eeb41a,8.119183673469388,0.0,2.1,1016
2029,xgb,1024,multi_start_hill_climb,1024,16,1024,-1.3602548033081296,ebce3285bf8d7ce8,3.7077551020408164,0.0,4.96,1016
2029,xgb,1024,multi_start_beam,1024,16,1024,5.41271943421229,52c2d996c28e0619,7.711020408163265,0.0,2.58,1016
2029,xgb,1024,mutation_only_ga,1024,16,1024,-1.3602548033081296,ebce3285bf8d7ce8,3.159183673469388,0.0,4.92,1016
2029,rf,1024,matched_seed_random_walk,1023,16,1024,15.776319182580282,9d5de478fdd0c8ad,7.580408163265306,0.0,2.08,1015
2029,rf,1024,multi_start_hill_climb,1023,16,1024,14.449356264104136,14100c8b91e60a82,3.329795918367347,0.0,4.58,1015
2029,rf,1024,multi_start_beam,1023,16,1023,15.367326819931668,e91bd00da988bd6c,6.538775510204082,0.0,2.06,1015
2029,rf,1024,mutation_only_ga,1023,16,1024,14.683750056619331,181f7fca77d41fde,4.909387755102041,0.0,3.74,1015
2030,xgb,1024,matched_seed_random_walk,1023,16,1024,9.798084778650408,de9fc75c064d1521,7.813061224489796,0.0,1.82,1015
2030,xgb,1024,multi_start_hill_climb,1023,16,1024,5.591950280812606,43bee73d96224df2,3.8016326530612243,0.0,4.74,1015
2030,xgb,1024,multi_start_beam,1023,16,1023,8.72477176325933,7710db101fb14daf,6.986122448979592,0.0,2.1,1015
2030,xgb,1024,mutation_only_ga,1023,16,1024,6.447488662400585,80c3ad6976a0262a,4.784489795918367,0.0,4.34,1015
2030,rf,1024,matched_seed_random_walk,998,16,1024,18.2277795004561,fe24cbaeebd737ac,7.613061224489796,0.0,1.96,990
2030,rf,1024,multi_start_hill_climb,998,16,1024,16.301118652622407,4289c5eb2e8b68d4,5.097142857142857,0.0,3.48,990
2030,rf,1024,multi_start_beam,998,16,1024,18.22446515945862,1d89955ac89d25fb,4.742857142857143,0.0,1.9,990
2030,rf,1024,mutation_only_ga,998,16,998,16.6811533521538,e66d507509e4605d,3.90530612244898,0.0,3.78,990
2031,xgb,1024,matched_seed_random_walk,1018,16,1024,6.729741961108074,2ff8e56438755a20,5.568163265306122,0.0,1.76,1010
2031,xgb,1024,multi_start_hill_climb,1018,16,1024,5.833417366887382,0d7d7fb66bb59833,4.852244897959183,0.0,4.0,1010
2031,xgb,1024,multi_start_beam,1018,16,1018,6.729741961108074,2ff8e56438755a20,4.608979591836735,0.0,1.94,1010
2031,xgb,1024,mutation_only_ga,1018,16,1024,4.747070276744358,d19fbff1a651e9be,3.4881632653061225,0.0,3.04,1010
2031,rf,1024,matched_seed_random_walk,1023,16,1024,17.765788120644864,c8583bd6eac4c9a6,5.640816326530612,0.0,1.7,1015
2031,rf,1024,multi_start_hill_climb,1023,16,1024,17.309009765531453,5cbdca394a4684fb,4.08,0.0,4.14,1015
2031,rf,1024,multi_start_beam,1023,16,1023,17.465849887281024,4ccbde0a2aa54c6c,5.106122448979592,0.0,1.66,1015
2031,rf,1024,mutation_only_ga,1023,16,1024,17.164797179888424,b7cd456050755423,4.762448979591837,0.0,3.48,1015
2032,xgb,1024,matched_seed_random_walk,1019,16,1024,9.375646085730995,ff65964b06f0dec4,6.887346938775511,0.0,2.02,1011
2032,xgb,1024,multi_start_hill_climb,1019,16,1024,8.091258831550967,2812b906a8b3dda1,5.477551020408163,0.0,4.48,1011
2032,xgb,1024,multi_start_beam,1019,16,1023,8.58842060084696,e20e616949511b47,6.18530612244898,0.0,2.24,1011
2032,xgb,1024,mutation_only_ga,1019,16,1019,6.832131991677988,8c91f2f3265b2fb9,4.714285714285714,0.0,3.84,1011
2032,rf,1024,matched_seed_random_walk,1021,16,1024,17.831267897935845,284d3acc8a1e6091,6.933877551020408,0.0,2.04,1013
2032,rf,1024,multi_start_hill_climb,1021,16,1024,16.619067648921103,8889612ff16da1a9,3.9093877551020406,0.0,3.9,1013
2032,rf,1024,multi_start_beam,1021,16,1023,16.742329418459015,8615d89d5b564afa,4.6571428571428575,0.0,2.12,1013
2032,rf,1024,mutation_only_ga,1021,16,1021,16.619067648921103,8889612ff16da1a9,3.8579591836734695,0.0,3.62,1013
2033,xgb,1024,matched_seed_random_walk,1024,16,1024,11.739908916591999,1dfb754bc6719752,7.166530612244898,0.0,1.8,1016
2033,xgb,1024,multi_start_hill_climb,1024,16,1024,3.3100017568450086,accf8c56782736e8,3.433469387755102,0.0,5.08,1016
2033,xgb,1024,multi_start_beam,1024,16,1024,8.494150488139658,4d4d34e2d535a373,6.566530612244898,0.0,2.02,1016
2033,xgb,1024,mutation_only_ga,1024,16,1024,5.506276082356147,7b53dcf4d4211aa5,5.171428571428572,0.0,4.16,1016
2033,rf,1024,matched_seed_random_walk,935,16,1024,18.416158292911113,be2ee54b55e7b9d4,6.649795918367347,0.0,1.9,927
2033,rf,1024,multi_start_hill_climb,935,16,1024,18.033402110467204,28faf5bf288e208a,3.434285714285714,0.0,2.66,927
2033,rf,1024,multi_start_beam,935,16,1023,18.033402110467204,a53f36f326e7fb4a,3.9681632653061225,0.0,1.96,927
2033,rf,1024,mutation_only_ga,935,16,935,18.033402110467204,28faf5bf288e208a,3.4244897959183676,0.0,2.58,927
2034,xgb,1024,matched_seed_random_walk,1024,16,1024,10.988485880158823,8694722c00672cd5,7.056326530612245,0.0,1.72,1016
2034,xgb,1024,multi_start_hill_climb,1024,16,1024,7.191546285834659,823d6dd4be0fadaf,4.862857142857143,0.0,3.98,1016
2034,xgb,1024,multi_start_beam,1024,16,1024,9.463445231971749,40e65c2ed2c6ce7d,5.163265306122449,0.0,2.22,1016
2034,xgb,1024,mutation_only_ga,1024,16,1024,8.09703893045192,4f3447af0178b58c,3.666122448979592,0.0,3.7,1016
2034,rf,1024,matched_seed_random_walk,1023,16,1024,19.124279133407043,fedd135395616004,6.708571428571428,0.0,1.8,1015
2034,rf,1024,multi_start_hill_climb,1023,16,1024,19.289842788392686,9240721d6a835cd8,4.584489795918367,0.0,4.34,1015
2034,rf,1024,multi_start_beam,1023,16,1023,18.923166103361755,dd9b8e194bcb29c4,5.1257142857142854,0.0,2.18,1015
2034,rf,1024,mutation_only_ga,1023,16,1024,18.628630714479886,0f906edb172dfaec,3.7991836734693876,0.0,3.1,1015
2035,xgb,1024,matched_seed_random_walk,1024,16,1024,8.704660570007771,542bd957155df687,7.817959183673469,0.0,1.7,1016
2035,xgb,1024,multi_start_hill_climb,1024,16,1024,5.4004301953493865,95127e3ac1fd24d3,4.577959183673469,0.0,4.36,1016
2035,xgb,1024,multi_start_beam,1024,16,1024,6.77382348943878,3071ae584a0521bc,6.890612244897959,0.0,2.14,1016
2035,xgb,1024,mutation_only_ga,1024,16,1024,5.832214080895102,3d37a86d4e8c1d1b,5.688979591836735,0.0,4.14,1016
2035,rf,1024,matched_seed_random_walk,1024,16,1024,15.92708323481753,01c8c510531411f7,6.702857142857143,0.0,1.8,1016
2035,rf,1024,multi_start_hill_climb,1024,16,1024,14.645357621620079,27e2b67e1181c358,3.195918367346939,0.0,3.42,1016
2035,rf,1024,multi_start_beam,1024,16,1024,14.792752028844383,f422384b98eb46b3,4.541224489795918,0.0,2.04,1016
2035,rf,1024,mutation_only_ga,1024,16,1024,14.837517947226349,531c4ba536a50d14,3.458775510204082,0.0,3.66,1016
2036,xgb,1024,matched_seed_random_walk,1024,16,1024,9.670141313013545,47ca584e8f49abf2,7.865306122448979,0.0,1.6,1016
2036,xgb,1024,multi_start_hill_climb,1024,16,1024,8.148201425904924,4827ced612d6d5ec,7.150204081632653,0.0,3.5,1016
2036,xgb,1024,multi_start_beam,1024,16,1024,8.374779264957263,ee0db27ceb9d3918,5.710204081632653,0.0,2.02,1016
2036,xgb,1024,mutation_only_ga,1024,16,1024,8.271328333214775,c3ba59cda524ff37,6.724897959183673,0.0,3.12,1016
2036,rf,1024,matched_seed_random_walk,581,16,1024,16.44086747186314,c5e0e00a4c53ea00,6.747755102040816,0.0,1.52,573
2036,rf,1024,multi_start_hill_climb,581,16,1024,16.001036302473793,5f2523ef2e0f99a6,3.8089795918367346,0.0,4.06,573
2036,rf,1024,multi_start_beam,581,16,1023,15.866933736101213,3df554ae2d6f1655,3.750204081632653,0.0,1.62,573
2036,rf,1024,mutation_only_ga,581,16,581,16.06127623497056,2cf9c20bdc29ff20,3.409795918367347,0.0,2.42,573
2037,xgb,1024,matched_seed_random_walk,1024,16,1024,7.287845231530712,73cd12537b11bf0f,7.250612244897959,0.02,2.34,1016
2037,xgb,1024,multi_start_hill_climb,1024,16,1024,0.6483265639306486,10e677dfe8cc58b4,4.396734693877551,0.18,4.4,1016
2037,xgb,1024,multi_start_beam,1024,16,1024,5.959935769123228,9d209daf0a2f0f60,6.893877551020408,0.06,2.28,1016
2037,xgb,1024,mutation_only_ga,1024,16,1024,3.891895108768163,9b8c99c741b00020,7.035918367346939,0.18,3.4,1016
2037,rf,1024,matched_seed_random_walk,1024,16,1024,18.35810499068959,0bdc4d6fa4b1cef0,6.791836734693877,0.0,2.1,1016
2037,rf,1024,multi_start_hill_climb,1024,16,1024,16.6114127927812,31b6d548afbd3a45,4.551020408163265,0.0,4.4,1016
2037,rf,1024,multi_start_beam,1024,16,1024,17.62302637735477,aaa24c48c22b3f06,7.197551020408163,0.0,2.42,1016
2037,rf,1024,mutation_only_ga,1024,16,1024,16.49574746706088,18bdc5cc190a70b7,5.5902040816326535,0.0,4.42,1016
2038,xgb,1024,matched_seed_random_walk,1024,16,1024,9.449818714704117,f107c65ee8472ade,7.26530612244898,0.0,1.84,1016
2038,xgb,1024,multi_start_hill_climb,1024,16,1024,3.055545820558275,010880c00c353b9d,4.274285714285714,0.0,4.78,1016
2038,xgb,1024,multi_start_beam,1024,16,1024,7.854518947099763,7b6f48bdd86445d3,6.876734693877551,0.0,2.3,1016
2038,xgb,1024,mutation_only_ga,1024,16,1024,3.055545820558275,010880c00c353b9d,3.773061224489796,0.0,4.7,1016
2038,rf,1024,matched_seed_random_walk,1024,16,1024,17.254992099335666,659af2dfa4a23269,7.368163265306123,0.0,1.98,1016
2038,rf,1024,multi_start_hill_climb,1024,16,1024,16.992302917451703,56da6e45a6a9395b,3.7575510204081635,0.0,4.12,1016
2038,rf,1024,multi_start_beam,1024,16,1024,17.323977402803408,1277ca615cc2a1eb,6.716734693877551,0.0,2.3,1016
2038,rf,1024,mutation_only_ga,1024,16,1024,16.80822441766137,9363ca6ffb686f07,3.300408163265306,0.0,4.04,1016
2039,xgb,1024,matched_seed_random_walk,1022,16,1024,10.461829929542809,acb9b7d76d8a0e62,7.570612244897959,0.0,1.74,1014
2039,xgb,1024,multi_start_hill_climb,1022,16,1024,6.143158718685619,013b056d01042241,5.119183673469387,0.0,3.6,1014
2039,xgb,1024,multi_start_beam,1022,16,1024,6.740490370778682,be23aedf847e6863,5.288163265306123,0.0,2.22,1014
2039,xgb,1024,mutation_only_ga,1022,16,1022,5.597872381606321,b518a90d5897d8db,4.075918367346938,0.06,4.58,1014
2039,rf,1024,matched_seed_random_walk,1024,16,1024,18.239796036377,de6e9b5be47ea424,7.2024489795918365,0.0,1.98,1016
2039,rf,1024,multi_start_hill_climb,1024,16,1024,17.175465829237687,a28ef2932b79c539,3.777142857142857,0.0,4.22,1016
2039,rf,1024,multi_start_beam,1024,16,1024,17.642430719233964,7c227bf13891cf78,5.100408163265306,0.0,2.34,1016
2039,rf,1024,mutation_only_ga,1024,16,1024,17.4841315650942,2e326908188aabe2,4.85061224489796,0.0,3.96,1016
2040,xgb,1024,matched_seed_random_walk,1024,16,1024,8.175300686909813,8c231662e33f2517,8.486530612244898,0.1,2.18,1016
2040,xgb,1024,multi_start_hill_climb,1024,16,1024,1.8149883443084973,ff6becd8ff38c344,2.9436734693877553,0.4,4.44,1016
2040,xgb,1024,multi_start_beam,1024,16,1024,4.717297518790523,f998d1c99a1738f4,7.702857142857143,0.2,2.84,1016
2040,xgb,1024,mutation_only_ga,1024,16,1024,4.717297518790523,42d1e844a62b6bac,5.0718367346938775,0.24,3.66,1016
2040,rf,1024,matched_seed_random_walk,1024,16,1024,19.161928156401977,b145e5aa4fafa522,7.182857142857143,0.04,1.7,1016
2040,rf,1024,multi_start_hill_climb,1024,16,1024,17.05974307983736,15d851bc1ecba5c2,2.849795918367347,0.0,4.66,1016
2040,rf,1024,multi_start_beam,1024,16,1024,17.77235918961042,a525aef3d5ef6e0b,6.16,0.02,2.42,1016
2040,rf,1024,mutation_only_ga,1024,16,1024,17.66320538435922,5ac39c01ccba7baf,4.285714285714286,0.0,4.3,1016
2041,xgb,1024,matched_seed_random_walk,1020,16,1024,8.775288029660084,5d7bc29a8497e3ae,7.410612244897959,0.0,1.84,1012
2041,xgb,1024,multi_start_hill_climb,1020,16,1024,5.202968320563054,3403075f6a540979,3.180408163265306,0.0,4.18,1012
2041,xgb,1024,multi_start_beam,1020,16,1023,6.457037022717927,d70535aee9d75d3e,7.320816326530612,0.0,2.0,1012
2041,xgb,1024,mutation_only_ga,1020,16,1020,5.997668364264618,0b565ce876f48229,3.817142857142857,0.0,4.0,1012
2041,rf,1024,matched_seed_random_walk,1014,16,1024,16.92560736615992,29cc23e456dec488,5.679183673469388,0.0,1.86,1006
2041,rf,1024,multi_start_hill_climb,1014,16,1024,16.61288412932074,9f7ac29a0eee9552,5.550204081632653,0.0,3.94,1006
2041,rf,1024,multi_start_beam,1014,16,1020,17.012256101122627,3eec91475d06190c,5.955918367346939,0.0,1.94,1006
2041,rf,1024,mutation_only_ga,1014,16,1014,16.677538746524615,87487d2f98a1c983,5.235102040816327,0.0,3.02,1006
2042,xgb,1024,matched_seed_random_walk,590,16,1024,11.832050486082865,f5dbbde6962e597d,7.610612244897959,0.0,1.54,582
2042,xgb,1024,multi_start_hill_climb,590,16,1024,9.737047741252493,0c2ecda1452bb939,5.856326530612245,0.0,3.76,582
2042,xgb,1024,multi_start_beam,590,16,1022,9.830823717633153,5d9b2f4738ae34b1,5.109387755102041,0.0,1.68,582
2042,xgb,1024,mutation_only_ga,590,16,590,9.830823717633153,5d9b2f4738ae34b1,3.862857142857143,0.0,2.96,582
2042,rf,1024,matched_seed_random_walk,1022,16,1024,18.9734332612062,b80a48f3fcf2fc82,7.481632653061224,0.0,1.74,1014
2042,rf,1024,multi_start_hill_climb,1022,16,1024,18.76850722800436,630933e047e737af,5.610612244897959,0.0,3.2,1014
2042,rf,1024,multi_start_beam,1022,16,1022,19.1889874576294,6d08a6f7fcc77910,7.497142857142857,0.0,1.94,1014
2042,rf,1024,mutation_only_ga,1022,16,1024,18.600189005670845,70678ce791895bc2,4.443265306122449,0.0,3.02,1014
2043,xgb,1024,matched_seed_random_walk,1024,16,1024,6.723284754543035,633408c5a955fefe,6.987755102040817,0.0,1.82,1016
2043,xgb,1024,multi_start_hill_climb,1024,16,1024,5.611197392014142,bd9453257fd03ffe,4.495510204081633,0.0,4.44,1016
2043,xgb,1024,multi_start_beam,1024,16,1024,7.3612272422749925,4e27c25afb910d3f,6.3795918367346935,0.0,2.18,1016
2043,xgb,1024,mutation_only_ga,1024,16,1024,4.590060885542728,2f5081f889441e26,3.529795918367347,0.0,4.34,1016
2043,rf,1024,matched_seed_random_walk,596,16,1024,18.71632070367635,58554116093edfe7,7.749387755102041,0.0,1.72,588
2043,rf,1024,multi_start_hill_climb,596,16,1024,17.393826406810494,73742e1a38df5e97,2.916734693877551,0.0,4.28,588
2043,rf,1024,multi_start_beam,596,16,1019,18.71632070367635,58554116093edfe7,5.715918367346939,0.0,1.66,588
2043,rf,1024,mutation_only_ga,596,16,596,18.391801105489957,cfec72eb34fa5285,4.273469387755102,0.0,2.5,588
2044,xgb,1024,matched_seed_random_walk,1024,16,1024,10.370719763528701,55883a24d62eb1c4,8.039183673469388,0.0,2.04,1016
2044,xgb,1024,multi_start_hill_climb,1024,16,1024,3.557327577287044,7b1e979ed921bff6,4.848979591836735,0.0,4.88,1016
2044,xgb,1024,multi_start_beam,1024,16,1024,8.121082853642367,a2678cc423a2bab3,7.851428571428571,0.0,2.16,1016
2044,xgb,1024,mutation_only_ga,1024,16,1024,5.60648521504139,8c134f5f35dc8ab4,5.544489795918367,0.0,4.38,1016
2044,rf,1024,matched_seed_random_walk,1020,16,1024,15.823655998985826,4f01e260f0b65e0f,5.371428571428571,0.0,2.06,1012
2044,rf,1024,multi_start_hill_climb,1020,16,1024,15.441856285700217,00d59d1642ee0814,3.419591836734694,0.0,2.94,1012
2044,rf,1024,multi_start_beam,1020,16,1020,15.74105009059567,fe416cd66f1a55d0,4.8946938775510205,0.0,1.56,1012
2044,rf,1024,mutation_only_ga,1020,16,1024,15.559030363127713,2e299da9b64f3cb4,4.1787755102040816,0.0,2.66,1012
2045,xgb,1024,matched_seed_random_walk,1024,16,1024,7.653817505396674,ed52991c2173783f,7.350204081632653,0.0,1.82,1016
2045,xgb,1024,multi_start_hill_climb,1024,16,1024,3.2214724620133497,4a9f39f08d0b7a6f,4.448979591836735,0.0,4.38,1016
2045,xgb,1024,multi_start_beam,1024,16,1024,5.130612948424176,c57dbc3bb5803f2b,6.077551020408163,0.0,2.12,1016
2045,xgb,1024,mutation_only_ga,1024,16,1024,4.0095933427067125,17a79fc2b90ebcd8,4.278367346938776,0.0,4.04,1016
2045,rf,1024,matched_seed_random_walk,1022,16,1024,15.013698957088424,ed52991c2173783f,5.423673469387755,0.0,1.96,1014
2045,rf,1024,multi_start_hill_climb,1022,16,1024,15.013698957088424,b5ce2c047bbc88b7,2.726530612244898,0.0,3.12,1014
2045,rf,1024,multi_start_beam,1022,16,1022,15.300215390385274,ecb91e3609959a40,3.88734693877551,0.0,1.8,1014
2045,rf,1024,mutation_only_ga,1022,16,1024,15.109872347451146,c747ba700fd3606c,3.779591836734694,0.0,3.94,1014
2046,xgb,1024,matched_seed_random_walk,1011,16,1024,2.7614832133868736,8ede8a40a220ed15,6.112653061224489,0.02,2.28,1003
2046,xgb,1024,multi_start_hill_climb,1011,16,1024,2.55952188838373,773b9813755d7f61,5.544489795918367,0.04,4.94,1003
2046,xgb,1024,multi_start_beam,1011,16,1024,2.7412436383585144,088c71a2701d7231,3.259591836734694,0.0,2.0,1003
2046,xgb,1024,mutation_only_ga,1011,16,1011,2.55952188838373,773b9813755d7f61,4.096326530612245,0.0,3.34,1003
2046,rf,1024,matched_seed_random_walk,705,16,1024,14.634784019651828,112d669334a5021e,6.054693877551021,0.02,2.22,697
2046,rf,1024,multi_start_hill_climb,705,16,1024,14.57544169979947,03b11e07263d1082,3.662857142857143,0.02,3.88,697
2046,rf,1024,multi_start_beam,705,16,1021,14.634784019651828,112d669334a5021e,2.8726530612244896,0.0,1.68,697
2046,rf,1024,mutation_only_ga,705,16,705,14.634784019651828,112d669334a5021e,3.583673469387755,0.0,2.9,697
2047,xgb,1024,matched_seed_random_walk,1023,16,1024,10.024340630701495,acad98f8a474d24b,8.206530612244897,0.0,1.64,1015
2047,xgb,1024,multi_start_hill_climb,1023,16,1024,3.9219958952489065,22068701123f15fc,3.7934693877551022,0.0,4.84,1015
2047,xgb,1024,multi_start_beam,1023,16,1023,8.979014366902652,63cae2c31ade323e,6.839183673469388,0.0,1.92,1015
2047,xgb,1024,mutation_only_ga,1023,16,1024,5.526154100168157,2202fdb76980c471,5.599183673469388,0.0,3.88,1015
2047,rf,1024,matched_seed_random_walk,1024,16,1024,14.623963710784798,c4b1246c7668b2e3,6.804897959183673,0.0,1.9,1016
2047,rf,1024,multi_start_hill_climb,1024,16,1024,14.340935173625645,fd05c551871f2c08,2.797551020408163,0.0,2.6,1016
2047,rf,1024,multi_start_beam,1024,16,1024,14.438538446884873,8154298a35864a81,3.015510204081633,0.0,1.78,1016
2047,rf,1024,mutation_only_ga,1024,16,1024,14.340935173625645,fd05c551871f2c08,3.146122448979592,0.0,2.44,1016
2048,xgb,1024,matched_seed_random_walk,1024,16,1024,7.652768189712359,ec254d9867f714ef,8.36,0.0,1.68,1016
2048,xgb,1024,multi_start_hill_climb,1024,16,1024,5.23613991279296,270d24cc26ba4be3,6.012244897959183,0.04,3.14,1016
2048,xgb,1024,multi_start_beam,1024,16,1024,6.823504810526856,f6f11a1695833dd2,7.594285714285714,0.06,2.16,1016
2048,xgb,1024,mutation_only_ga,1024,16,1024,5.831806995606373,ed6497e999900ae1,7.372244897959184,0.06,3.82,1016
2048,rf,1024,matched_seed_random_walk,1023,16,1024,18.013333113078698,5e583c7e878c87fd,6.316734693877551,0.0,2.44,1015
2048,rf,1024,multi_start_hill_climb,1023,16,1024,15.972986436417392,39345e4c3fb99f72,2.779591836734694,0.0,4.68,1015
2048,rf,1024,multi_start_beam,1023,16,1024,16.79805756815731,8b069b3f0ec82517,6.713469387755102,0.0,2.84,1015
2048,rf,1024,mutation_only_ga,1023,16,1023,16.344334472766718,970954076b94bc59,4.740408163265307,0.0,4.72,1015
2049,xgb,1024,matched_seed_random_walk,1023,16,1024,10.272530383902097,545243be7dbeb8fd,7.936326530612245,0.0,2.06,1015
2049,xgb,1024,multi_start_hill_climb,1023,16,1024,6.644511432238248,edec7e09c248df0c,5.6269387755102045,0.0,4.54,1015
2049,xgb,1024,multi_start_beam,1023,16,1024,9.013278068340906,f21ca68a5b2d5deb,6.6538775510204085,0.0,2.18,1015
2049,xgb,1024,mutation_only_ga,1023,16,1023,6.121972674897321,11fe866a65ec0684,5.161632653061225,0.0,4.56,1015
2049,rf,1024,matched_seed_random_walk,1024,16,1024,17.538119145578804,499c855c1571619a,7.316734693877551,0.0,1.86,1016
2049,rf,1024,multi_start_hill_climb,1024,16,1024,17.171768183807515,450a1f1fac347b99,3.4873469387755103,0.0,3.64,1016
2049,rf,1024,multi_start_beam,1024,16,1024,17.43484006007959,4c1c362986080d5e,6.133061224489796,0.0,2.04,1016
2049,rf,1024,mutation_only_ga,1024,16,1024,17.285261038422767,4c8f3980f001a80a,3.8587755102040817,0.0,3.28,1016
2050,xgb,1024,matched_seed_random_walk,1024,16,1024,5.035525273055723,0cdbc477a8df153e,4.680816326530612,0.0,1.9,1016
2050,xgb,1024,multi_start_hill_climb,1024,16,1024,2.813191172998011,dcbdd43e22e305c8,4.564081632653061,0.0,3.96,1016
2050,xgb,1024,multi_start_beam,1024,16,1024,4.0954829572014235,ca57bf8e49e1a555,4.474285714285714,0.0,2.18,1016
2050,xgb,1024,mutation_only_ga,1024,16,1024,2.6529384831704093,5a67640e25b9a719,3.8310204081632655,0.0,3.64,1016
2050,rf,1024,matched_seed_random_walk,1024,16,1024,17.118604474548782,ae8d27e641213f0c,5.56734693877551,0.0,1.78,1016
2050,rf,1024,multi_start_hill_climb,1024,16,1024,16.41245690372314,d5f1306cdadede96,4.989387755102041,0.0,3.72,1016
2050,rf,1024,multi_start_beam,1024,16,1024,17.118604474548782,ae8d27e641213f0c,4.373877551020408,0.0,1.9,1016
2050,rf,1024,mutation_only_ga,1024,16,1024,16.533385885645238,aab47adc475fd4c0,4.786938775510204,0.0,3.98,1016
2051,xgb,1024,matched_seed_random_walk,1023,16,1024,10.650228360852633,d19ce61572196926,6.668571428571428,0.0,1.94,1015
2051,xgb,1024,multi_start_hill_climb,1023,16,1024,8.296438742003188,f1dbd328ae67f532,5.580408163265306,0.0,4.06,1015
2051,xgb,1024,multi_start_beam,1023,16,1024,9.942650059490017,9ad36ecf25fc1687,5.633469387755102,0.0,1.88,1015
2051,xgb,1024,mutation_only_ga,1023,16,1023,8.517743197565826,87abfffc70c724af,3.906122448979592,0.0,3.64,1015
2051,rf,1024,matched_seed_random_walk,1024,16,1024,18.06771128538868,fa3ca6debdcb3446,6.455510204081633,0.0,1.88,1016
2051,rf,1024,multi_start_hill_climb,1024,16,1024,17.06410498796237,6d5c052223a6b76e,3.036734693877551,0.0,4.28,1016
2051,rf,1024,multi_start_beam,1024,16,1024,17.77349804036267,bfcfa3b244078773,6.2,0.0,2.4,1016
2051,rf,1024,mutation_only_ga,1024,16,1024,17.616459045355214,da4e84f9f8d82ddb,5.035918367346939,0.0,4.54,1016
2052,xgb,1024,matched_seed_random_walk,1023,16,1024,7.633987456254549,5bc4d60c83fa6708,7.635102040816326,0.0,1.76,1015
2052,xgb,1024,multi_start_hill_climb,1023,16,1024,4.308257178962441,0e1e20845c5ee96f,4.613877551020408,0.0,4.4,1015
2052,xgb,1024,multi_start_beam,1023,16,1023,7.066379739695388,dd26b4091e604382,7.166530612244898,0.0,1.74,1015
2052,xgb,1024,mutation_only_ga,1023,16,1023,4.308257178962441,0e1e20845c5ee96f,4.382040816326531,0.0,3.84,1015
2052,rf,1024,matched_seed_random_walk,705,16,1024,17.81384271903209,20c7a3e28a5da7cf,7.197551020408163,0.0,1.66,697
2052,rf,1024,multi_start_hill_climb,705,16,1024,16.5025736809783,c7e5d3925353f3c1,4.271836734693878,0.0,3.36,697
2052,rf,1024,multi_start_beam,705,16,1023,16.763936089721827,721bff910e09e786,4.697959183673469,0.0,1.74,697
2052,rf,1024,mutation_only_ga,705,16,705,16.763936089721827,721bff910e09e786,5.123265306122449,0.0,3.26,697
2053,xgb,1024,matched_seed_random_walk,1024,16,1024,7.726215576461304,86ef168304a52316,7.2293877551020405,0.0,1.92,1016
2053,xgb,1024,multi_start_hill_climb,1024,16,1024,4.316219536125052,a1c2113f3b207d1a,5.504489795918367,0.0,4.38,1016
2053,xgb,1024,multi_start_beam,1024,16,1024,6.885084621410189,1e058726bcb738f1,7.431836734693878,0.0,2.28,1016
2053,xgb,1024,mutation_only_ga,1024,16,1024,4.344193801692113,d30f8c4df656b0c7,4.418775510204082,0.0,4.54,1016
2053,rf,1024,matched_seed_random_walk,799,16,1024,16.681966324744096,0c522e0793aa8c9b,7.153469387755102,0.0,1.72,791
2053,rf,1024,multi_start_hill_climb,799,16,1024,16.725288775767805,9e53e5d1b5e80e5d,4.889795918367347,0.0,3.16,791
2053,rf,1024,multi_start_beam,799,16,1019,16.725288775767805,9e53e5d1b5e80e5d,6.173877551020408,0.0,1.76,791
2053,rf,1024,mutation_only_ga,799,16,799,16.725288775767805,9e53e5d1b5e80e5d,5.337142857142857,0.0,2.3,791
2054,xgb,1024,matched_seed_random_walk,1024,16,1024,8.51104527209796,7d1cc69e0d9cba18,7.747755102040816,0.0,2.1,1016
2054,xgb,1024,multi_start_hill_climb,1024,16,1024,4.329913035232732,cd77886826228f6b,3.253061224489796,0.0,4.4,1016
2054,xgb,1024,multi_start_beam,1024,16,1024,8.51104527209796,7d1cc69e0d9cba18,6.057142857142857,0.0,2.06,1016
2054,xgb,1024,mutation_only_ga,1024,16,1024,5.091949079090771,30cfc6b80319d639,3.9126530612244896,0.0,4.64,1016
2054,rf,1024,matched_seed_random_walk,1024,16,1024,19.64557496604819,5d89290c43449154,7.164897959183674,0.0,2.06,1016
2054,rf,1024,multi_start_hill_climb,1024,16,1024,19.447730498751163,991acf1076e04be9,3.9804081632653063,0.0,3.0,1016
2054,rf,1024,multi_start_beam,1024,16,1024,19.447730498751163,991acf1076e04be9,3.434285714285714,0.0,1.82,1016
2054,rf,1024,mutation_only_ga,1024,16,1024,19.421118720063156,ab5a74b6d80eafd2,3.4416326530612245,0.0,3.06,1016
2055,xgb,1024,matched_seed_random_walk,1024,16,1024,9.786239925926168,ee32e916f4ff16c8,7.473469387755102,0.0,2.08,1016
2055,xgb,1024,multi_start_hill_climb,1024,16,1024,6.096003192859083,4841f1be2d901163,6.0048979591836735,0.0,3.02,1016
2055,xgb,1024,multi_start_beam,1024,16,1024,7.242896392884435,6604e8ef101867a4,6.965714285714285,0.0,2.06,1016
2055,xgb,1024,mutation_only_ga,1024,16,1024,6.3617923465194,6d7c9260539e5031,6.24,0.0,3.96,1016
2055,rf,1024,matched_seed_random_walk,728,16,1024,14.637406991153881,fe416cd66f1a55d0,6.596734693877551,0.0,1.7,720
2055,rf,1024,multi_start_hill_climb,728,16,1024,14.445269609993277,1f05ab63aca8ccf7,5.017142857142857,0.0,3.84,720
2055,rf,1024,multi_start_beam,728,16,1024,14.611549281135876,e8038a2986969c82,4.81061224489796,0.0,1.74,720
2055,rf,1024,mutation_only_ga,728,16,728,14.498137037863883,3db12e3acb8da998,5.051428571428572,0.0,3.08,720
2056,xgb,1024,matched_seed_random_walk,1020,16,1024,8.410226311950408,ae25ad6c0b8746b2,7.268571428571429,0.0,2.14,1012
2056,xgb,1024,multi_start_hill_climb,1020,16,1024,5.884668224621919,1eadd1ab26ed49cb,5.6906122448979595,0.0,4.0,1012
2056,xgb,1024,multi_start_beam,1020,16,1024,7.756528203966047,998bd1febf35672f,6.455510204081633,0.0,2.16,1012
2056,xgb,1024,mutation_only_ga,1020,16,1020,6.520218966239055,9f294bdaa5fd918f,5.921632653061224,0.0,4.24,1012
2056,rf,1024,matched_seed_random_walk,1024,16,1024,17.411084288844528,74acbf8a16b894e3,6.868571428571428,0.0,2.14,1016
2056,rf,1024,multi_start_hill_climb,1024,16,1024,17.05958120713537,21fab1f3a5ab25fd,4.1387755102040815,0.0,4.62,1016
2056,rf,1024,multi_start_beam,1024,16,1024,17.1634774111042,b3e8f242deafba54,4.684081632653061,0.0,1.94,1016
2056,rf,1024,mutation_only_ga,1024,16,1024,17.088348852836877,0b600377f6830971,4.808163265306122,0.0,3.84,1016
2057,xgb,1024,matched_seed_random_walk,1024,16,1024,6.311364852494704,d672ed00609059ae,6.1991836734693875,0.0,2.12,1016
2057,xgb,1024,multi_start_hill_climb,1024,16,1024,0.8414924846430015,54740250a57ff8be,3.635918367346939,0.0,4.28,1016
2057,xgb,1024,multi_start_beam,1024,16,1024,5.9697316309897035,f6aefd367fb6cd3f,3.416326530612245,0.0,1.98,1016
2057,xgb,1024,mutation_only_ga,1024,16,1024,3.6870929575166427,69866846eeca2809,4.150204081632653,0.0,4.1,1016
2057,rf,1024,matched_seed_random_walk,1023,16,1024,16.077083056973294,608ef7644707ba9c,5.58530612244898,0.0,2.3,1015
2057,rf,1024,multi_start_hill_climb,1023,16,1024,15.179579912731857,9cd4fc451baa5e80,3.009795918367347,0.0,4.8,1015
2057,rf,1024,multi_start_beam,1023,16,1023,15.987865256748576,4855e7ea9c38b8ad,3.3657142857142857,0.0,1.86,1015
2057,rf,1024,mutation_only_ga,1023,16,1024,15.506088147533088,4c5774dbeda14fe2,4.444897959183673,0.0,3.98,1015
2058,xgb,1024,matched_seed_random_walk,1023,16,1024,6.7595338991282095,726ec8bd374abfe0,5.766530612244898,0.0,1.9,1015
2058,xgb,1024,multi_start_hill_climb,1023,16,1024,2.485161198021777,1e8573c3b0f40db5,3.6840816326530614,0.0,3.96,1015
2058,xgb,1024,multi_start_beam,1023,16,1023,5.757059964496321,2396cd4a5be52316,4.30530612244898,0.0,2.0,1015
2058,xgb,1024,mutation_only_ga,1023,16,1023,4.27109960889746,1c0cd53e51f96943,4.158367346938776,0.0,3.6,1015
2058,rf,1024,matched_seed_random_walk,1024,16,1024,17.841981739195504,726ec8bd374abfe0,5.28,0.0,1.88,1016
2058,rf,1024,multi_start_hill_climb,1024,16,1024,17.208303449671785,968b7b5ca5c55f16,3.3591836734693876,0.0,3.82,1016
2058,rf,1024,multi_start_beam,1024,16,1024,17.208303449671785,968b7b5ca5c55f16,4.617142857142857,0.0,2.04,1016
2058,rf,1024,mutation_only_ga,1024,16,1024,17.075587309613187,1bd56d2a1217a217,4.103673469387755,0.0,3.76,1016
2059,xgb,1024,matched_seed_random_walk,1024,16,1024,9.991619285408069,9594a8364cfc3f9f,7.546122448979592,0.0,1.86,1016
2059,xgb,1024,multi_start_hill_climb,1024,16,1024,4.645035323564935,0ea62c2634afc498,3.3918367346938774,0.0,4.6,1016
2059,xgb,1024,multi_start_beam,1024,16,1024,6.755954188235968,70236909be44e134,4.826938775510204,0.0,2.3,1016
2059,xgb,1024,mutation_only_ga,1024,16,1024,5.944726637601734,f9b7f0409551a3c7,4.124897959183674,0.0,3.94,1016
2059,rf,1024,matched_seed_random_walk,1024,16,1024,19.497675717508915,480ca0be4706b408,7.16,0.0,2.02,1016
2059,rf,1024,multi_start_hill_climb,1024,16,1024,18.266735981227516,217922fa551072fd,2.653877551020408,0.0,5.22,1016
2059,rf,1024,multi_start_beam,1024,16,1024,18.65587796926111,85328fb24aa20f8b,5.619591836734694,0.0,2.12,1016
2059,rf,1024,mutation_only_ga,1024,16,1024,18.266735981227516,217922fa551072fd,3.719183673469388,0.0,4.88,1016
2060,xgb,1024,matched_seed_random_walk,1024,16,1024,10.017710404381726,3b1fc7a1745d70e7,7.878367346938775,0.0,2.26,1016
2060,xgb,1024,multi_start_hill_climb,1024,16,1024,5.90959559302122,0b716a4d7db2e056,3.386122448979592,0.0,4.54,1016
2060,xgb,1024,multi_start_beam,1024,16,1024,8.112545447933758,e7bc1b531cffa0c5,3.467755102040816,0.0,2.26,1016
2060,xgb,1024,mutation_only_ga,1024,16,1024,6.5406320327556795,6c76895133e7452e,4.063673469387755,0.0,4.66,1016
2060,rf,1024,matched_seed_random_walk,1023,16,1024,18.644430333900047,6024748efe3b17f0,6.882448979591837,0.0,2.1,1015
2060,rf,1024,multi_start_hill_climb,1023,16,1024,17.128491654453452,8e0863dc43e2e366,3.4204081632653063,0.0,4.2,1015
2060,rf,1024,multi_start_beam,1023,16,1023,17.824821949113296,1b75cbeadee7f8ae,5.817959183673469,0.0,2.26,1015
2060,rf,1024,mutation_only_ga,1023,16,1024,17.03832346431132,5cc894993dda77f6,3.9151020408163264,0.0,3.94,1015
2061,xgb,1024,matched_seed_random_walk,1024,16,1024,11.003152949046415,8cb8e7ed3fc2bb6c,6.742857142857143,0.04,2.02,1016
2061,xgb,1024,multi_start_hill_climb,1024,16,1024,8.266733681504604,3c1df9ea71439004,5.160816326530612,0.0,3.9,1016
2061,xgb,1024,multi_start_beam,1024,16,1024,8.266733681504604,3c1df9ea71439004,7.325714285714286,0.04,2.04,1016
2061,xgb,1024,mutation_only_ga,1024,16,1024,8.266733681504604,3c1df9ea71439004,6.745306122448979,0.02,3.94,1016
2061,rf,1024,matched_seed_random_walk,1024,16,1024,19.54047187038333,addac0dc18d456c7,8.222040816326531,0.0,2.58,1016
2061,rf,1024,multi_start_hill_climb,1024,16,1024,18.96015061101517,055fc63c92abc0c6,6.386122448979592,0.0,3.96,1016
2061,rf,1024,multi_start_beam,1024,16,1024,19.067067693763885,a9f8718b5e2e3246,6.779591836734694,0.02,2.28,1016
2061,rf,1024,mutation_only_ga,1024,16,1024,18.65671558429144,82cb086eaca5e707,5.262040816326531,0.0,3.72,1016
2062,xgb,1024,matched_seed_random_walk,1024,16,1024,8.041239418955831,25e3658d2ee34b00,7.626122448979592,0.0,1.78,1016
2062,xgb,1024,multi_start_hill_climb,1024,16,1024,3.5855756449681087,02208857cbcd7d3f,3.9216326530612244,0.0,4.46,1016
2062,xgb,1024,multi_start_beam,1024,16,1024,6.616034674979484,b625276fc9228f32,6.577959183673469,0.0,2.08,1016
2062,xgb,1024,mutation_only_ga,1024,16,1024,4.350077631858341,169975631fa6fd86,5.865306122448979,0.0,4.18,1016
2062,rf,1024,matched_seed_random_walk,1024,16,1024,17.613580534600754,5514adfe91fad752,7.72,0.0,1.76,1016
2062,rf,1024,multi_start_hill_climb,1024,16,1024,15.896993070812963,611d374122c4f5a1,3.416326530612245,0.0,2.9,1016
2062,rf,1024,multi_start_beam,1024,16,1024,16.661344986665913,378a6590962af767,7.335510204081633,0.0,2.0,1016
2062,rf,1024,mutation_only_ga,1024,16,1024,15.883035951604073,ae627a9a55b30996,4.091428571428572,0.0,3.94,1016
2063,xgb,1024,matched_seed_random_walk,1021,16,1024,8.21176030353096,cd211069450d834d,8.305306122448979,0.0,1.78,1013
2063,xgb,1024,multi_start_hill_climb,1021,16,1024,4.2718692815768495,9e09194a25a9fffa,4.011428571428572,0.0,4.84,1013
2063,xgb,1024,multi_start_beam,1021,16,1024,7.326051516383295,df74d91f3e5ee173,7.190204081632653,0.0,2.14,1013
2063,xgb,1024,mutation_only_ga,1021,16,1021,4.2718692815768495,9e09194a25a9fffa,4.284081632653061,0.0,4.74,1013
2063,rf,1024,matched_seed_random_walk,1024,16,1024,16.748244465232677,7e968a852ee9d154,6.775510204081633,0.0,2.0,1016
2063,rf,1024,multi_start_hill_climb,1024,16,1024,16.590383303567766,ae131b05f678bf90,2.920816326530612,0.0,3.96,1016
2063,rf,1024,multi_start_beam,1024,16,1024,18.18720790962048,9a2873afef5bd4d8,7.182040816326531,0.0,2.2,1016
2063,rf,1024,mutation_only_ga,1024,16,1024,16.7551777227664,84d49bba21d9df58,3.715918367346939,0.0,3.34,1016
2064,xgb,1024,matched_seed_random_walk,1024,16,1024,10.095252583020805,6b721bc3715a56fa,7.333877551020408,0.0,2.28,1016
2064,xgb,1024,multi_start_hill_climb,1024,16,1024,3.2417462101254615,48594c1b1ba5fc3f,3.463673469387755,0.0,4.34,1016
2064,xgb,1024,multi_start_beam,1024,16,1024,8.017159601968341,029aa929ff51f760,6.146122448979592,0.0,2.22,1016
2064,xgb,1024,mutation_only_ga,1024,16,1024,5.841663502468137,c16be477a733baf7,5.008979591836734,0.0,4.52,1016
2064,rf,1024,matched_seed_random_walk,1024,16,1024,17.97792282449517,6b721bc3715a56fa,6.875918367346939,0.0,2.0,1016
2064,rf,1024,multi_start_hill_climb,1024,16,1024,16.51375094166079,c6ae2c181ad0f315,4.497959183673469,0.0,4.28,1016
2064,rf,1024,multi_start_beam,1024,16,1024,17.776758510866095,4a8a315d0f45ff63,7.078367346938776,0.0,2.1,1016
2064,rf,1024,mutation_only_ga,1024,16,1024,16.633654246747234,bece2765a1c369fa,4.762448979591837,0.0,4.3,1016
2065,xgb,1024,matched_seed_random_walk,1021,16,1024,9.957982052771447,c5acd6c76cadafda,6.514285714285714,0.0,1.74,1013
2065,xgb,1024,multi_start_hill_climb,1021,16,1024,7.072113561318628,69c0957c73975092,4.561632653061224,0.0,3.58,1013
2065,xgb,1024,multi_start_beam,1021,16,1024,8.696940530760711,cc8e4fc9fadf1173,5.863673469387755,0.0,1.68,1013
2065,xgb,1024,mutation_only_ga,1021,16,1021,8.578147199026734,8f934ff09bf4a19d,5.3795918367346935,0.0,3.04,1013
2065,rf,1024,matched_seed_random_walk,1024,16,1024,18.08505095517527,fc6609fcffcbe5cf,6.656326530612245,0.0,1.86,1016
2065,rf,1024,multi_start_hill_climb,1024,16,1024,17.61225494202332,271a34c0d829552a,2.6555102040816325,0.0,4.26,1016
2065,rf,1024,multi_start_beam,1024,16,1024,17.88310607888238,6532aa0f9242baa9,5.128163265306123,0.0,2.14,1016
2065,rf,1024,mutation_only_ga,1024,16,1024,17.86164838173668,a1de6c4593dde1c2,4.357551020408163,0.0,3.72,1016
2066,xgb,1024,matched_seed_random_walk,1022,16,1024,8.547847743428994,5d47642a98ab0b1b,6.744489795918367,0.0,2.1,1014
2066,xgb,1024,multi_start_hill_climb,1022,16,1024,12.91527950549453,0805e5f17dc25b7f,4.292244897959184,0.0,3.58,1014
2066,xgb,1024,multi_start_beam,1022,16,1022,7.637810609802143,a0cabc01c3e8d267,3.4293877551020406,0.0,2.14,1014
2066,xgb,1024,mutation_only_ga,1022,16,1024,7.3302090504805175,9dcf2effa8b26d52,3.526530612244898,0.0,3.24,1014
2066,rf,1024,matched_seed_random_walk,1024,16,1024,18.684186617484144,5d47642a98ab0b1b,7.935510204081632,0.0,1.78,1016
2066,rf,1024,multi_start_hill_climb,1024,16,1024,19.71296739625847,1ff9cfa0d6b35855,3.477551020408163,0.0,3.78,1016
2066,rf,1024,multi_start_beam,1024,16,1024,18.393463132937235,723443e06098edef,3.525714285714286,0.0,2.16,1016
2066,rf,1024,mutation_only_ga,1024,16,1024,17.773580125235316,8baff17102186b8b,4.182857142857143,0.0,3.3,1016
2067,xgb,1024,matched_seed_random_walk,1024,16,1024,9.182053254852383,6818050545ea30a4,6.988571428571428,0.0,2.2,1016
2067,xgb,1024,multi_start_hill_climb,1024,16,1024,5.942577683968633,a3d86b3f2bcb95b1,4.218775510204082,0.0,4.42,1016
2067,xgb,1024,multi_start_beam,1024,16,1024,6.626220108743344,a3c4d8c8ecafb58e,4.351020408163265,0.0,2.22,1016
2067,xgb,1024,mutation_only_ga,1024,16,1024,6.133197814858079,18c219aca33094c9,3.960816326530612,0.0,3.24,1016
2067,rf,1024,matched_seed_random_walk,1019,16,1024,17.986230052050598,3d0296a4ac38f60f,6.214693877551021,0.0,2.22,1011
2067,rf,1024,multi_start_hill_climb,1019,16,1024,17.2658346949046,6b33f5a6b13e15cd,4.802448979591837,0.0,3.88,1011
2067,rf,1024,multi_start_beam,1019,16,1019,17.807327188821372,4d4c4d7f9d25f2cf,4.497959183673469,0.0,1.8,1011
2067,rf,1024,mutation_only_ga,1019,16,1024,17.447187770049112,8be60718d562661c,4.086530612244898,0.0,2.34,1011
2068,xgb,1024,matched_seed_random_walk,822,16,1024,5.801240752075723,62caa42d2c0093f1,7.7208163265306125,0.0,1.72,814
2068,xgb,1024,multi_start_hill_climb,822,16,1024,4.790850792547969,7fdab48e486b28c0,5.421224489795918,0.0,2.94,814
2068,xgb,1024,multi_start_beam,822,16,1023,5.801240752075723,62caa42d2c0093f1,6.8579591836734695,0.0,1.96,814
2068,xgb,1024,mutation_only_ga,822,16,822,5.801240752075723,62caa42d2c0093f1,7.568979591836735,0.0,2.74,814
2068,rf,1024,matched_seed_random_walk,825,16,1024,17.497684857198077,62caa42d2c0093f1,7.246530612244898,0.0,1.82,817
2068,rf,1024,multi_start_hill_climb,825,16,1024,16.104113979598143,8513435013f7e243,3.1395918367346938,0.0,3.74,817
2068,rf,1024,multi_start_beam,825,16,1024,16.700112297480384,b5ec241bbe91542e,6.715102040816326,0.0,1.82,817
2068,rf,1024,mutation_only_ga,825,16,825,16.408013092951332,cadd425d10fc51a6,5.57469387755102,0.0,3.32,817
2069,xgb,1024,matched_seed_random_walk,1024,16,1024,9.207228763215882,37c2c2b8e565a8be,7.054693877551021,0.02,1.74,1016
2069,xgb,1024,multi_start_hill_climb,1024,16,1024,4.379553134595225,dd5a4472657392e1,2.9404081632653063,0.0,4.76,1016
2069,xgb,1024,multi_start_beam,1024,16,1024,7.266754757466312,7cca0428ea36ed17,6.733061224489796,0.02,1.98,1016
2069,xgb,1024,mutation_only_ga,1024,16,1024,5.0893213728474205,95e0eb7396877fc1,4.20734693877551,0.0,4.4,1016
2069,rf,1024,matched_seed_random_walk,1024,16,1024,17.982732245381264,4c879731a69977bd,6.144489795918368,0.0,1.76,1016
2069,rf,1024,multi_start_hill_climb,1024,16,1024,16.622489723505183,dd3002c5c2b0fc27,2.9559183673469387,0.0,4.24,1016
2069,rf,1024,multi_start_beam,1024,16,1024,16.594914109626032,345364ee089d3756,4.634285714285714,0.0,2.08,1016
2069,rf,1024,mutation_only_ga,1024,16,1024,16.594914109626032,cf06af96a12bfd27,3.71265306122449,0.0,3.6,1016
2070,xgb,1024,matched_seed_random_walk,1023,16,1024,9.530918924871196,37597d5845bfdd05,8.097959183673469,0.0,1.9,1015
2070,xgb,1024,multi_start_hill_climb,1023,16,1024,4.1917130515966345,f9443a83c27458a4,4.2791836734693875,0.16,3.9,1015
2070,xgb,1024,multi_start_beam,1023,16,1024,8.505302739410979,785f178f1e7d25c4,7.538775510204082,0.06,2.1,1015
2070,xgb,1024,mutation_only_ga,1023,16,1023,2.4205231441599713,93f413add7ab85c3,5.2326530612244895,0.12,3.92,1015
2070,rf,1024,matched_seed_random_walk,1024,16,1024,17.43856252648197,816d7b159dd08459,7.435102040816327,0.0,2.06,1016
2070,rf,1024,multi_start_hill_climb,1024,16,1024,17.07921860842161,9d8e2163de87f377,6.542040816326531,0.04,3.38,1016
2070,rf,1024,multi_start_beam,1024,16,1024,17.113243725444807,069cacddc20584e1,7.110204081632653,0.0,2.38,1016
2070,rf,1024,mutation_only_ga,1024,16,1024,16.401552710925184,980da224fd289340,3.8048979591836734,0.0,4.08,1016
2071,xgb,1024,matched_seed_random_walk,1023,16,1024,9.719163482243676,12b7becf52a0c49d,7.887346938775511,0.0,2.16,1015
2071,xgb,1024,multi_start_hill_climb,1023,16,1024,3.7768904988435836,f219429594735874,3.883265306122449,0.0,4.22,1015
2071,xgb,1024,multi_start_beam,1023,16,1024,9.741763217170726,205e5ee6e2dba24d,7.40734693877551,0.0,2.1,1015
2071,xgb,1024,mutation_only_ga,1023,16,1023,4.786955441453577,b12ec02b396b3b70,6.784489795918367,0.02,4.24,1015
2071,rf,1024,matched_seed_random_walk,1024,16,1024,18.125961746770216,5514adfe91fad752,7.408163265306122,0.0,1.94,1016
2071,rf,1024,multi_start_hill_climb,1024,16,1024,17.082074985132866,e250480fac16f965,3.516734693877551,0.0,3.7,1016
2071,rf,1024,multi_start_beam,1024,16,1024,17.35131607063306,f2f69907e87feadb,5.176326530612245,0.0,1.94,1016
2071,rf,1024,mutation_only_ga,1024,16,1024,17.193592356088164,2874a7f9eefa71e7,4.099591836734694,0.0,3.28,1016
2072,xgb,1024,matched_seed_random_walk,913,16,1024,10.215217728091073,8814a6ed81ec70a9,7.42530612244898,0.0,1.88,905
2072,xgb,1024,multi_start_hill_climb,913,16,1024,5.833656047183832,469ca7b26f4d5f8b,6.462857142857143,0.0,3.78,905
2072,xgb,1024,multi_start_beam,913,16,1023,8.131537106055227,0066e4f15e4f01e0,6.6,0.0,1.72,905
2072,xgb,1024,mutation_only_ga,913,16,913,5.448597997934463,d1c44d0d5ff6db88,6.396734693877551,0.0,3.32,905
2072,rf,1024,matched_seed_random_walk,1023,16,1024,17.117445459303724,9a062adaa9a18e32,5.936326530612245,0.0,2.0,1015
2072,rf,1024,multi_start_hill_climb,1023,16,1024,16.01032567238919,f9d92969d14b4a4a,2.969795918367347,0.0,3.38,1015
2072,rf,1024,multi_start_beam,1023,16,1024,16.669337036135495,134ffb39e5964166,4.111836734693878,0.0,1.88,1015
2072,rf,1024,mutation_only_ga,1023,16,1023,16.01032567238919,f9d92969d14b4a4a,3.59265306122449,0.0,3.16,1015
2073,xgb,1024,matched_seed_random_walk,1023,16,1024,8.802761369534878,067d4a0162ddb91c,7.949387755102041,0.0,2.4,1015
2073,xgb,1024,multi_start_hill_climb,1023,16,1024,1.50963496601505,3b9655b802d3c0a3,2.463673469387755,0.0,3.08,1015
2073,xgb,1024,multi_start_beam,1023,16,1023,5.269349288654007,36b02d4c16bb049f,3.7110204081632654,0.0,2.08,1015
2073,xgb,1024,mutation_only_ga,1023,16,1024,0.6303160978088631,136b5ac678d0d46a,4.03265306122449,0.0,4.7,1015
2073,rf,1024,matched_seed_random_walk,1024,16,1024,16.16590286878844,d1735b0e04f76f19,6.428571428571429,0.04,2.02,1016
2073,rf,1024,multi_start_hill_climb,1024,16,1024,16.22627489690344,d76f8fff9e767b74,5.6571428571428575,0.0,3.82,1016
2073,rf,1024,multi_start_beam,1024,16,1024,15.964960257263499,9d5de478fdd0c8ad,5.543673469387755,0.0,2.34,1016
2073,rf,1024,mutation_only_ga,1024,16,1024,15.964960257263499,a3b9a797acb5db1a,3.6857142857142855,0.0,3.34,1016
2074,xgb,1024,matched_seed_random_walk,1023,16,1024,11.729263284716486,5cc5f127a0e1b9ac,7.604897959183673,0.0,1.74,1015
2074,xgb,1024,multi_start_hill_climb,1023,16,1024,5.664676902169398,f24f108405025ce3,3.5420408163265305,0.0,5.06,1015
2074,xgb,1024,multi_start_beam,1023,16,1024,9.316285463849136,8bb04a4307a02677,5.64734693877551,0.0,1.96,1015
2074,xgb,1024,mutation_only_ga,1023,16,1023,4.055525651499193,d73771880d2cdbca,3.873469387755102,0.0,3.78,1015
2074,rf,1024,matched_seed_random_walk,802,16,1024,17.924968708015275,c6d4b6a19ca81fe2,6.820408163265306,0.0,1.8,794
2074,rf,1024,multi_start_hill_climb,802,16,1024,17.192846211885872,79114110b8e8848a,3.476734693877551,0.0,3.24,794
2074,rf,1024,multi_start_beam,802,16,1019,17.924968708015275,c6d4b6a19ca81fe2,6.228571428571429,0.0,1.74,794
2074,rf,1024,mutation_only_ga,802,16,802,17.192846211885872,79114110b8e8848a,3.6620408163265306,0.0,2.8,794
2075,xgb,1024,matched_seed_random_walk,1017,16,1024,7.47225802116054,b675b4fc3d6d023c,7.470204081632653,0.0,2.02,1009
2075,xgb,1024,multi_start_hill_climb,1017,16,1024,3.6330189721735544,80e954a6ccf92635,3.266122448979592,0.0,4.54,1009
2075,xgb,1024,multi_start_beam,1017,16,1024,6.294158941751174,d0eb56617d79c5c6,5.134693877551021,0.0,1.96,1009
2075,xgb,1024,mutation_only_ga,1017,16,1017,2.5972781424310187,2a604fc19ffedac0,3.443265306122449,0.0,4.08,1009
2075,rf,1024,matched_seed_random_walk,1024,16,1024,17.17439296331812,b675b4fc3d6d023c,6.435102040816327,0.0,1.74,1016
2075,rf,1024,multi_start_hill_climb,1024,16,1024,16.790390656850143,96d9b8b6067f4b4c,3.742857142857143,0.0,4.1,1016
2075,rf,1024,multi_start_beam,1024,16,1024,16.880588180616982,0bd2799740af394c,4.795918367346939,0.0,1.8,1016
2075,rf,1024,mutation_only_ga,1024,16,1024,16.50353477842888,58c20726a73af700,4.2693877551020405,0.0,3.64,1016
2076,xgb,1024,matched_seed_random_walk,1022,16,1024,10.178612317796325,04be25f937279740,7.643265306122449,0.0,2.38,1014
2076,xgb,1024,multi_start_hill_climb,1022,16,1024,6.7383645649054245,2b0864cdb58208fc,3.1208163265306124,0.0,4.52,1014
2076,xgb,1024,multi_start_beam,1022,16,1022,7.882632816632855,c88d8ee6fe7b7c39,7.541224489795918,0.0,1.8,1014
2076,xgb,1024,mutation_only_ga,1022,16,1024,6.18898994712529,890c9a16222cc223,4.515918367346939,0.0,4.26,1014
2076,rf,1024,matched_seed_random_walk,1024,16,1024,20.178173611945372,95001d0af346d2cc,6.779591836734694,0.0,2.36,1016
2076,rf,1024,multi_start_hill_climb,1024,16,1024,18.6439275435956,4829ce01cb3f1068,3.6081632653061226,0.0,4.22,1016
2076,rf,1024,multi_start_beam,1024,16,1024,19.122138783328474,645e3b8fc58ffa83,6.6873469387755105,0.0,2.8,1016
2076,rf,1024,mutation_only_ga,1024,16,1024,18.90969061047511,e02f75ec310b9451,6.103673469387755,0.0,3.64,1016
2077,xgb,1024,matched_seed_random_walk,1024,16,1024,11.4036449770091,ebdb384378502b08,7.197551020408163,0.0,2.7,1016
2077,xgb,1024,multi_start_hill_climb,1024,16,1024,6.17305345415818,a734f44b63a39654,6.612244897959184,0.0,4.6,1016
2077,xgb,1024,multi_start_beam,1024,16,1024,9.003202927500848,337f57d3e3339de7,7.027755102040817,0.0,2.7,1016
2077,xgb,1024,mutation_only_ga,1024,16,1024,6.17305345415818,a734f44b63a39654,5.353469387755102,0.0,4.64,1016
2077,rf,1024,matched_seed_random_walk,1024,16,1024,18.634342777269215,9c98945c214c4cb5,5.442448979591837,0.0,1.98,1016
2077,rf,1024,multi_start_hill_climb,1024,16,1024,17.991463138252005,6d96177a4f2e7cd0,5.451428571428571,0.0,4.64,1016
2077,rf,1024,multi_start_beam,1024,16,1024,18.005652051846763,882970b5c40ad7b6,5.771428571428571,0.0,2.04,1016
2077,rf,1024,mutation_only_ga,1024,16,1024,17.960575096063966,69656f9d0f1bcfe0,5.187755102040816,0.0,4.24,1016
2078,xgb,1024,matched_seed_random_walk,1024,16,1024,8.729854213233583,9754e7ad5174ab16,7.933877551020408,0.0,2.02,1016
2078,xgb,1024,multi_start_hill_climb,1024,16,1024,2.6171368473457743,3ca01736de6869b0,4.782857142857143,0.0,3.8,1016
2078,xgb,1024,multi_start_beam,1024,16,1024,4.427813872530971,672e8470d062db78,7.292244897959184,0.1,2.72,1016
2078,xgb,1024,mutation_only_ga,1024,16,1024,3.35608148791478,5113aca0d40544bb,5.7877551020408164,0.02,4.02,1016
2078,rf,1024,matched_seed_random_walk,1024,16,1024,18.11780378057676,ac773b80c57dbfb7,6.764897959183673,0.0,2.04,1016
2078,rf,1024,multi_start_hill_climb,1024,16,1024,17.28068283677092,3366128ad9fb36b9,4.393469387755102,0.0,4.46,1016
2078,rf,1024,multi_start_beam,1024,16,1024,18.026407046638298,897d81a841199f31,5.738775510204082,0.02,2.24,1016
2078,rf,1024,mutation_only_ga,1024,16,1024,17.734106833198773,d333126e3bbbfd5d,6.118367346938776,0.0,3.48,1016
2079,xgb,1024,matched_seed_random_walk,928,16,1024,6.601051123522697,270d021ad0b8fabc,8.177142857142858,0.0,1.74,920
2079,xgb,1024,multi_start_hill_climb,928,16,1024,4.228914337639327,6a9d57c0684f0872,5.759183673469388,0.0,2.7,920
2079,xgb,1024,multi_start_beam,928,16,1024,4.695702442543521,dff5ff4de958dee5,5.528163265306122,0.0,1.8,920
2079,xgb,1024,mutation_only_ga,928,16,928,4.65818538875473,57680c77ec43e537,6.648979591836735,0.0,3.16,920
2079,rf,1024,matched_seed_random_walk,1024,16,1024,16.26664128903264,99cf3a1d66762c0d,7.075918367346938,0.0,1.9,1016
2079,rf,1024,multi_start_hill_climb,1024,16,1024,15.815365931360251,b2b2d9a5a70364d2,3.04,0.0,3.1,1016
2079,rf,1024,multi_start_beam,1024,16,1024,15.964546540897414,c59d0e6b5108df43,4.473469387755102,0.0,1.9,1016
2079,rf,1024,mutation_only_ga,1024,16,1024,15.824087787157056,31c2a72288d2313a,3.593469387755102,0.0,2.96,1016
2080,xgb,1024,matched_seed_random_walk,1024,16,1024,3.3439865660603845,9c00530eacac60cc,4.723265306122449,0.02,2.36,1016
2080,xgb,1024,multi_start_hill_climb,1024,16,1024,6.307312441304703,f199622e60dbc599,5.297142857142857,0.0,4.34,1016
2080,xgb,1024,multi_start_beam,1024,16,1024,4.1504379097356034,a8f26690824693d0,4.817142857142857,0.0,2.04,1016
2080,xgb,1024,mutation_only_ga,1024,16,1024,-0.3867903076831446,ac0f1f2b3898e7b5,3.182857142857143,0.0,3.74,1016
2080,rf,1024,matched_seed_random_walk,1023,16,1024,15.899996959062992,61d19e9426524533,5.325714285714286,0.0,1.98,1015
2080,rf,1024,multi_start_hill_climb,1023,16,1024,15.434676231668602,826a9dd35f5cdc0d,4.266938775510204,0.0,4.22,1015
2080,rf,1024,multi_start_beam,1023,16,1023,15.677582057906038,a7a74797715ce33e,4.8375510204081635,0.0,2.02,1015
2080,rf,1024,mutation_only_ga,1023,16,1024,15.448022790044737,dba599259d5c8a15,4.453061224489796,0.0,3.82,1015
2081,xgb,1024,matched_seed_random_walk,1023,16,1024,7.715898934665981,042112621d612063,8.11591836734694,0.0,1.78,1015
2081,xgb,1024,multi_start_hill_climb,1023,16,1024,6.993086267010526,a580697491400b95,6.6,0.0,4.3,1015
2081,xgb,1024,multi_start_beam,1023,16,1024,5.854699185535006,f9bc427520f1732e,7.291428571428572,0.0,1.94,1015
2081,xgb,1024,mutation_only_ga,1023,16,1023,5.854699185535006,f9bc427520f1732e,3.9183673469387754,0.0,2.84,1015
2081,rf,1024,matched_seed_random_walk,897,16,1024,17.08124236344064,d7fa3101a8556dfa,7.870204081632653,0.0,1.56,889
2081,rf,1024,multi_start_hill_climb,897,16,1024,17.006579633119237,8d484d04e7ba8dfa,2.6848979591836737,0.0,4.5,889
2081,rf,1024,multi_start_beam,897,16,1022,16.995993088255805,c6d4b6a19ca81fe2,5.835102040816326,0.0,1.82,889
2081,rf,1024,mutation_only_ga,897,16,897,16.642262966485664,12fe084dd8b34259,3.6881632653061223,0.0,2.88,889
2082,xgb,1024,matched_seed_random_walk,1024,16,1024,9.311914593540276,7864e9468fadc7dc,8.226938775510204,0.08,2.28,1016
2082,xgb,1024,multi_start_hill_climb,1024,16,1024,-0.4373358390749701,950176b43eb5296f,6.36734693877551,0.0,4.48,1016
2082,xgb,1024,multi_start_beam,1024,16,1024,5.215087223375474,61f520f67363e477,6.980408163265306,0.06,2.4,1016
2082,xgb,1024,mutation_only_ga,1024,16,1024,5.042527162438422,a5a82725f618e319,3.876734693877551,0.0,4.18,1016
2082,rf,1024,matched_seed_random_walk,1022,16,1024,19.367605909833348,3d0dc01fd5300053,7.586122448979592,0.0,2.1,1014
2082,rf,1024,multi_start_hill_climb,1022,16,1024,19.019267100612378,12f6ff3a1d4503d9,4.637551020408163,0.0,3.18,1014
2082,rf,1024,multi_start_beam,1022,16,1022,19.365975993287883,91edea746d06090e,5.533877551020408,0.0,1.94,1014
2082,rf,1024,mutation_only_ga,1022,16,1024,18.848676323333844,2f7fc92bd9e6e963,7.406530612244898,0.0,4.18,1014
2083,xgb,1024,matched_seed_random_walk,1024,16,1024,11.089907065890511,a8c54fd0f6d3fcb7,6.477551020408163,0.02,2.54,1016
2083,xgb,1024,multi_start_hill_climb,1024,16,1024,7.182807868638339,cd97ca077664b6ce,6.283265306122449,0.0,3.58,1016
2083,xgb,1024,multi_start_beam,1024,16,1024,10.56296877581136,5869855b4116c529,6.73469387755102,0.0,2.52,1016
2083,xgb,1024,mutation_only_ga,1024,16,1024,9.251375634724457,5c79209f81170772,5.801632653061224,0.0,4.04,1016
2083,rf,1024,matched_seed_random_walk,1023,16,1024,19.6581293480594,a8c54fd0f6d3fcb7,6.244897959183674,0.0,2.56,1015
2083,rf,1024,multi_start_hill_climb,1023,16,1024,19.325634306542884,47156a72d4986c6b,4.816326530612245,0.0,4.24,1015
2083,rf,1024,multi_start_beam,1023,16,1024,19.430265293179126,dc412bea144f591d,5.288979591836735,0.0,2.2,1015
2083,rf,1024,mutation_only_ga,1023,16,1023,19.2515790527726,45bf572b50409727,4.7306122448979595,0.0,2.74,1015
2084,xgb,1024,matched_seed_random_walk,1024,16,1024,6.296597442015349,a2607fd684d0decb,6.870204081632653,0.0,1.76,1016
2084,xgb,1024,multi_start_hill_climb,1024,16,1024,5.076622852509982,e3245797f6d3b18d,5.168163265306123,0.0,4.68,1016
2084,xgb,1024,multi_start_beam,1024,16,1024,6.296597442015349,a2607fd684d0decb,4.3763265306122445,0.0,2.1,1016
2084,xgb,1024,mutation_only_ga,1024,16,1024,5.322029486741675,ce63286fe39cc274,3.690612244897959,0.0,3.78,1016
2084,rf,1024,matched_seed_random_walk,1024,16,1024,17.941696125681652,d06a4dd5b59a8bf6,6.522448979591837,0.0,1.66,1016
2084,rf,1024,multi_start_hill_climb,1024,16,1024,17.428403092273275,c62497f59c37e558,3.3844897959183675,0.0,3.56,1016
2084,rf,1024,multi_start_beam,1024,16,1024,17.511227694167328,fe72138f278519b9,4.50530612244898,0.0,1.78,1016
2084,rf,1024,mutation_only_ga,1024,16,1024,17.535299431520947,4ec5fbd7305eb00b,4.16,0.0,2.78,1016
2085,xgb,1024,matched_seed_random_walk,1024,16,1024,5.995452937580029,730ab21a59821de4,6.906122448979592,0.0,2.26,1016
2085,xgb,1024,multi_start_hill_climb,1024,16,1024,2.0181200395061962,fc07014f18502c33,4.1722448979591835,0.0,4.96,1016
2085,xgb,1024,multi_start_beam,1024,16,1024,4.321305346311507,08f4288db61204db,5.804897959183673,0.0,2.04,1016
2085,xgb,1024,mutation_only_ga,1024,16,1024,4.0275552403728,fb07e020b04f3b67,5.2661224489795915,0.0,4.54,1016
2085,rf,1024,matched_seed_random_walk,1022,16,1024,17.506946975529154,c0eb0d5c097f92ca,6.682448979591837,0.0,2.34,1014
2085,rf,1024,multi_start_hill_climb,1022,16,1024,16.575539870652488,20596621d6b960be,4.803265306122449,0.0,4.32,1014
2085,rf,1024,multi_start_beam,1022,16,1022,17.506946975529154,c0eb0d5c097f92ca,6.290612244897959,0.0,2.34,1014
2085,rf,1024,mutation_only_ga,1022,16,1024,16.61693530647469,2dc4f295df13678d,4.097142857142857,0.0,4.0,1014
2086,xgb,1024,matched_seed_random_walk,1023,16,1024,8.107272163010263,98fa8bab8ab72b20,7.124897959183674,0.0,2.44,1015
2086,xgb,1024,multi_start_hill_climb,1023,16,1024,4.599122115885316,74ef090b58c2e146,4.67265306122449,0.0,4.56,1015
2086,xgb,1024,multi_start_beam,1023,16,1024,5.449840841051231,ee5cb39303f3967a,5.688979591836735,0.0,2.5,1015
2086,xgb,1024,mutation_only_ga,1023,16,1023,4.643699032601364,0a5988d1958e6bdd,4.994285714285715,0.0,4.5,1015
2086,rf,1024,matched_seed_random_walk,1024,16,1024,16.88400015728919,51b114aff1f52b15,8.204081632653061,0.0,2.3,1016
2086,rf,1024,multi_start_hill_climb,1024,16,1024,14.94907993942513,6e4dc3319e4ff088,3.286530612244898,0.0,2.86,1016
2086,rf,1024,multi_start_beam,1024,16,1024,16.826102772336142,5f6a52b3bdd12b63,7.68,0.0,2.3,1016
2086,rf,1024,mutation_only_ga,1024,16,1024,15.361855687413527,23a9d9e04a59e629,4.641632653061224,0.0,4.22,1016
2087,xgb,1024,matched_seed_random_walk,1024,16,1024,9.396345436434682,648a52c884f559bf,6.182857142857143,0.0,2.06,1016
2087,xgb,1024,multi_start_hill_climb,1024,16,1024,4.365564254037037,1f6509288858a111,3.0644897959183672,0.0,4.12,1016
2087,xgb,1024,multi_start_beam,1024,16,1024,6.109432893055381,ed253132c889adae,6.083265306122449,0.0,2.28,1016
2087,xgb,1024,mutation_only_ga,1024,16,1024,4.771129565000988,0d8ba2566fbb3bb0,4.476734693877551,0.0,4.0,1016
2087,rf,1024,matched_seed_random_walk,1024,16,1024,18.053925312960025,13a6e7eee0b568fe,7.746938775510204,0.0,2.16,1016
2087,rf,1024,multi_start_hill_climb,1024,16,1024,17.03633149044769,6dd39b22c8c4770f,3.349387755102041,0.0,4.44,1016
2087,rf,1024,multi_start_beam,1024,16,1024,17.756602998954484,f87f03ea01dec674,6.3093877551020405,0.0,2.4,1016
2087,rf,1024,mutation_only_ga,1024,16,1024,17.105001554274555,162330592abad8bd,3.6016326530612246,0.0,4.02,1016
2088,xgb,1024,matched_seed_random_walk,893,16,1024,9.95160746770216,f9fc1f699fee7f35,7.457959183673469,0.0,1.78,885
2088,xgb,1024,multi_start_hill_climb,893,16,1024,8.288451451080991,1470f959cd324afd,3.57469387755102,0.0,4.9,885
2088,xgb,1024,multi_start_beam,893,16,1019,9.699215064606836,4ec5fbd7305eb00b,5.6938775510204085,0.0,1.54,885
2088,xgb,1024,mutation_only_ga,893,16,893,8.154377967864557,e6a4d05868a5a948,4.391020408163265,0.0,3.18,885
2088,rf,1024,matched_seed_random_walk,1017,16,1024,18.24197989312079,c48bccc44c3cb187,7.75265306122449,0.0,1.68,1009
2088,rf,1024,multi_start_hill_climb,1017,16,1024,17.779790203049952,7e240cd8e2740b83,3.1322448979591835,0.0,4.66,1009
2088,rf,1024,multi_start_beam,1017,16,1017,18.24197989312079,c48bccc44c3cb187,7.740408163265307,0.0,1.96,1009
2088,rf,1024,mutation_only_ga,1017,16,1024,17.940457706892843,71fe9a95c4ba5c9f,5.155918367346938,0.0,3.86,1009
2089,xgb,1024,matched_seed_random_walk,1024,16,1024,8.919253441960647,f4aeefc5ae608b53,8.039183673469388,0.0,2.12,1016
2089,xgb,1024,multi_start_hill_climb,1024,16,1024,6.467460524796783,d7ec3720490ee7b6,4.651428571428571,0.04,4.48,1016
2089,xgb,1024,multi_start_beam,1024,16,1024,8.689362382400438,c677b2b3b8cd203c,5.364897959183674,0.02,2.04,1016
2089,xgb,1024,mutation_only_ga,1024,16,1024,7.205751875579703,6986e27c8c8a038d,6.067755102040817,0.08,4.26,1016
2089,rf,1024,matched_seed_random_walk,1024,16,1024,18.40936346647142,be2ee54b55e7b9d4,6.74204081632653,0.0,1.92,1016
2089,rf,1024,multi_start_hill_climb,1024,16,1024,17.683777527499515,f6fd9019471cfee9,4.248979591836735,0.06,3.5,1016
2089,rf,1024,multi_start_beam,1024,16,1024,18.028417875129897,c4d3ead404f5bc7a,5.997551020408164,0.02,2.06,1016
2089,rf,1024,mutation_only_ga,1024,16,1024,18.02058805317876,75c9e77ada655097,5.6873469387755105,0.06,3.24,1016
2090,xgb,1024,matched_seed_random_walk,1020,16,1024,12.968933108395948,af65e37a91a75c54,7.950204081632653,0.0,2.26,1012
2090,xgb,1024,multi_start_hill_climb,1020,16,1024,5.34543149612235,bfa0c80a8d20bcec,4.2424489795918365,0.0,4.04,1012
2090,xgb,1024,multi_start_beam,1020,16,1024,8.540601055763776,3c8697b6441e3b71,5.743673469387755,0.0,2.04,1012
2090,xgb,1024,mutation_only_ga,1020,16,1020,5.6781953033932995,b9cba11b699991aa,3.816326530612245,0.0,3.84,1012
2090,rf,1024,matched_seed_random_walk,819,16,1024,18.548194641822423,af65e37a91a75c54,6.745306122448979,0.0,2.16,811
2090,rf,1024,multi_start_hill_climb,819,16,1024,17.576604794537232,2b0ae362a26e0eb6,3.1175510204081633,0.0,3.08,811
2090,rf,1024,multi_start_beam,819,16,1024,17.779200167158738,0318d68e2e71b24d,3.3044897959183674,0.0,1.82,811
2090,rf,1024,mutation_only_ga,819,16,819,17.576604794537232,2b0ae362a26e0eb6,3.176326530612245,0.0,3.44,811
2091,xgb,1024,matched_seed_random_walk,722,16,1024,5.832217896815669,76c87557b06d1bc7,5.893061224489796,0.0,1.68,714
2091,xgb,1024,multi_start_hill_climb,722,16,1024,2.714866661126774,6c1d71b6bf9b0c10,3.6612244897959183,0.0,4.22,714
2091,xgb,1024,multi_start_beam,722,16,1024,4.77984647672434,d48131536390f69b,6.045714285714285,0.0,1.96,714
2091,xgb,1024,mutation_only_ga,722,16,722,4.382662981732265,4d0d92460a249b1e,5.746938775510204,0.0,3.7,714
2091,rf,1024,matched_seed_random_walk,1024,16,1024,18.21632277425692,fb317007b1b26394,6.304489795918367,0.0,1.88,1016
2091,rf,1024,multi_start_hill_climb,1024,16,1024,16.76145204991244,d53208c9b704447a,3.7812244897959184,0.0,4.06,1016
2091,rf,1024,multi_start_beam,1024,16,1024,17.732491458394485,2856a83c62d681ef,6.096326530612245,0.0,2.12,1016
2091,rf,1024,mutation_only_ga,1024,16,1024,17.22114515299154,53b48d65c0c6619d,4.723265306122449,0.0,4.14,1016
2092,xgb,1024,matched_seed_random_walk,1023,16,1024,10.519573838758664,8d8f5fd97df19a42,7.0253061224489795,0.02,2.18,1015
2092,xgb,1024,multi_start_hill_climb,1023,16,1024,6.66329734781236,405bd34ac3fb2387,3.5338775510204083,0.0,4.9,1015
2092,xgb,1024,multi_start_beam,1023,16,1023,10.486346293011055,3c509b3560b54b42,4.896326530612245,0.0,2.08,1015
2092,xgb,1024,mutation_only_ga,1023,16,1024,7.9996479529304905,3a67b5a04dd49dc1,5.597551020408163,0.0,3.88,1015
2092,rf,1024,matched_seed_random_walk,923,16,1024,17.920824234675027,fe060da74491f1b6,5.857142857142857,0.02,1.96,915
2092,rf,1024,multi_start_hill_climb,923,16,1024,18.199171331397242,4dbbdc6fd1eafd15,4.6636734693877555,0.0,4.54,915
2092,rf,1024,multi_start_beam,923,16,1024,17.837124855118358,73c1990e983e4c3a,5.548571428571429,0.0,1.8,915
2092,rf,1024,mutation_only_ga,923,16,923,17.85690001244594,a6fca190e3fe2ca3,5.155918367346938,0.0,3.5,915
2093,xgb,1024,matched_seed_random_walk,1024,16,1024,11.415987908094527,0f97ac8ac2cad9de,7.360816326530612,0.0,2.02,1016
2093,xgb,1024,multi_start_hill_climb,1024,16,1024,6.638961215272661,8640e25c0489933b,3.569795918367347,0.0,4.88,1016
2093,xgb,1024,multi_start_beam,1024,16,1024,11.070274873486543,246ad48bf5b71122,7.538775510204082,0.0,2.1,1016
2093,xgb,1024,mutation_only_ga,1024,16,1024,8.962447187437657,f94a02bf8b676931,5.8979591836734695,0.0,4.14,1016
2093,rf,1024,matched_seed_random_walk,1024,16,1024,19.97754014282568,0f97ac8ac2cad9de,7.061224489795919,0.0,2.22,1016
2093,rf,1024,multi_start_hill_climb,1024,16,1024,18.378434075848453,4757cb275f3f9523,3.1518367346938776,0.0,4.0,1016
2093,rf,1024,multi_start_beam,1024,16,1024,18.55558331562402,224608968deea6f8,6.9746938775510205,0.0,2.1,1016
2093,rf,1024,mutation_only_ga,1024,16,1024,18.716968939438033,89b7d3661f7d2cf6,4.1257142857142854,0.0,4.44,1016
2094,xgb,1024,matched_seed_random_walk,1016,16,1024,9.123092420963326,5dbc3f1ddab4bc91,8.177959183673469,0.0,1.9,1008
2094,xgb,1024,multi_start_hill_climb,1016,16,1024,7.477712141191364,668386832568905f,4.111020408163266,0.0,3.0,1008
2094,xgb,1024,multi_start_beam,1016,16,1023,7.477712141191364,668386832568905f,4.497959183673469,0.0,1.78,1008
2094,xgb,1024,mutation_only_ga,1016,16,1016,7.477712141191364,668386832568905f,3.455510204081633,0.0,2.94,1008
2094,rf,1024,matched_seed_random_walk,695,16,1024,16.82197540630098,0bb222878fe3215c,7.188571428571429,0.0,2.96,687
2094,rf,1024,multi_start_hill_climb,695,16,1024,16.630516648586152,09f89df5f8001ea7,5.989387755102041,0.0,3.74,687
2094,rf,1024,multi_start_beam,695,16,1019,16.509637228236837,875f3f7705575515,6.652244897959184,0.0,2.34,687
2094,rf,1024,mutation_only_ga,695,16,695,16.555462888842815,ad28afb0d2c02ab3,4.2057142857142855,0.0,2.36,687
2095,xgb,1024,matched_seed_random_walk,1024,16,1024,12.052668064733576,63a88f65e90d7cbc,8.306122448979592,0.0,2.76,1016
2095,xgb,1024,multi_start_hill_climb,1024,16,1024,8.257328550392046,ee5cb39303f3967a,5.542857142857143,0.0,3.98,1016
2095,xgb,1024,multi_start_beam,1024,16,1024,9.665385601007163,36234e4cd0290fe6,8.02530612244898,0.0,2.32,1016
2095,xgb,1024,mutation_only_ga,1024,16,1024,8.789237784685364,bfb04baac2a890e1,3.3869387755102043,0.0,4.12,1016
2095,rf,1024,matched_seed_random_walk,1024,16,1024,19.246229396882455,765103c8ed1395a8,7.857142857142857,0.0,2.66,1016
2095,rf,1024,multi_start_hill_climb,1024,16,1024,18.587267629501838,bb7ce40e3e47731f,6.1387755102040815,0.0,4.24,1016
2095,rf,1024,multi_start_beam,1024,16,1024,18.929206603856805,60efbf67e02cb059,7.427755102040816,0.0,2.6,1016
2095,rf,1024,mutation_only_ga,1024,16,1024,18.154744041703076,90a8c31625415177,6.691428571428571,0.0,4.58,1016
2096,xgb,1024,matched_seed_random_walk,1024,16,1024,11.048916680124146,f0bfbbf7d09be2ee,7.849795918367347,0.0,1.8,1016
2096,xgb,1024,multi_start_hill_climb,1024,16,1024,7.280351999710422,8b2a04ed0237c437,5.833469387755102,0.0,4.76,1016
2096,xgb,1024,multi_start_beam,1024,16,1024,10.169023343654546,c9603fa5c941c9d0,6.838367346938775,0.0,2.06,1016
2096,xgb,1024,mutation_only_ga,1024,16,1024,7.894079940648136,383ca6a088498a5d,5.645714285714286,0.0,4.44,1016
2096,rf,1024,matched_seed_random_walk,1024,16,1024,16.90353138144212,da89e229837c0f7a,6.394285714285714,0.0,1.88,1016
2096,rf,1024,multi_start_hill_climb,1024,16,1024,16.735848545941714,a8e6b515568364e5,2.7624489795918366,0.0,3.9,1016
2096,rf,1024,multi_start_beam,1024,16,1024,16.85477243052395,ab7d76832252a3c0,3.996734693877551,0.0,1.96,1016
2096,rf,1024,mutation_only_ga,1024,16,1024,16.762048772008463,f89fbe68ae055234,3.7648979591836733,0.0,4.06,1016
2097,xgb,1024,matched_seed_random_walk,1022,16,1024,8.925571014479923,7a9f80eade57baa7,6.515918367346939,0.0,2.26,1014
2097,xgb,1024,multi_start_hill_climb,1022,16,1024,5.349800300763073,773b9f7d69e2045e,4.194285714285714,0.0,3.96,1014
2097,xgb,1024,multi_start_beam,1022,16,1024,5.9973439479119435,294e574b88f184f6,4.833469387755102,0.0,2.0,1014
2097,xgb,1024,mutation_only_ga,1022,16,1022,3.9536627538005433,7260d143a9131c98,3.4604081632653063,0.0,3.74,1014
2097,rf,1024,matched_seed_random_walk,1024,16,1024,15.941803855054195,2257d0ff1c32bbca,6.148571428571429,0.0,1.92,1016
2097,rf,1024,multi_start_hill_climb,1024,16,1024,15.080145621275047,1c7766256dd2f099,3.246530612244898,0.0,3.76,1016
2097,rf,1024,multi_start_beam,1024,16,1024,15.562508890986367,ddc78b12020fa436,5.732244897959184,0.0,1.96,1016
2097,rf,1024,mutation_only_ga,1024,16,1024,15.107584092053173,2f6f95c62b89e14b,4.56734693877551,0.0,4.08,1016
2098,xgb,1024,matched_seed_random_walk,1024,16,1024,9.260733537811792,f807e747bebcb622,7.457142857142857,0.0,2.22,1016
2098,xgb,1024,multi_start_hill_climb,1024,16,1024,5.5375647901355824,3c6e5a9110147613,4.768979591836735,0.0,4.66,1016
2098,xgb,1024,multi_start_beam,1024,16,1024,8.068912467184465,99566889236dd2e4,6.909387755102041,0.0,2.26,1016
2098,xgb,1024,mutation_only_ga,1024,16,1024,7.795926618855882,60373ff263290eff,5.589387755102041,0.0,4.14,1016
2098,rf,1024,matched_seed_random_walk,810,16,1024,18.013847405855103,4ec5fbd7305eb00b,6.986122448979592,0.0,1.84,802
2098,rf,1024,multi_start_hill_climb,810,16,1024,18.013847405855103,4ec5fbd7305eb00b,5.962448979591837,0.0,3.04,802
2098,rf,1024,multi_start_beam,810,16,1021,18.013847405855103,4ec5fbd7305eb00b,6.387755102040816,0.0,1.78,802
2098,rf,1024,mutation_only_ga,810,16,810,18.013847405855103,4ec5fbd7305eb00b,5.919183673469388,0.0,2.38,802
2099,xgb,1024,matched_seed_random_walk,1024,16,1024,9.012530052961505,66f797f5bdd57494,6.481632653061224,0.0,2.12,1016
2099,xgb,1024,multi_start_hill_climb,1024,16,1024,1.4961379351699933,981b1a78a8712678,3.012244897959184,0.0,4.42,1016
2099,xgb,1024,multi_start_beam,1024,16,1024,5.591219480386103,a572ee2ea6f67692,4.502857142857143,0.0,2.0,1016
2099,xgb,1024,mutation_only_ga,1024,16,1024,2.9573689732931463,2206b32bed8dd3f0,4.693061224489796,0.0,3.78,1016
2099,rf,1024,matched_seed_random_walk,714,16,1024,16.35436971687503,66f797f5bdd57494,6.609795918367347,0.0,1.76,706
2099,rf,1024,multi_start_hill_climb,714,16,1024,15.852796885791113,44bd94e0f005ea09,2.7820408163265307,0.0,3.6,706
2099,rf,1024,multi_start_beam,714,16,1024,16.00112422571106,4233a1796daadfc5,3.1346938775510202,0.0,1.72,706
2099,rf,1024,mutation_only_ga,714,16,714,16.00112422571106,4233a1796daadfc5,3.5420408163265305,0.0,2.56,706
2100,xgb,1024,matched_seed_random_walk,1023,16,1024,7.790155922784976,1e6345a055bf7372,7.42530612244898,0.0,2.04,1015
2100,xgb,1024,multi_start_hill_climb,1023,16,1024,1.2885798228658452,2360bd002237c599,3.306122448979592,0.0,4.62,1015
2100,xgb,1024,multi_start_beam,1023,16,1024,4.600595813992484,2b7daa2eeca02f4c,4.621224489795918,0.0,2.12,1015
2100,xgb,1024,mutation_only_ga,1023,16,1023,1.6305751444312737,bce657ec369e6438,4.508571428571429,0.0,4.1,1015
2100,rf,1024,matched_seed_random_walk,1024,16,1024,16.098688615342684,72bb804e896f2d3d,7.558367346938775,0.0,1.8,1016
2100,rf,1024,multi_start_hill_climb,1024,16,1024,15.558980564592549,62a7801ed519f817,4.664489795918367,0.0,4.24,1016
2100,rf,1024,multi_start_beam,1024,16,1024,16.059804959014173,7c1cea9eab1e9e93,6.920816326530613,0.0,2.1,1016
2100,rf,1024,mutation_only_ga,1024,16,1024,15.494664105422993,b7cd456050755423,5.0383673469387755,0.0,4.16,1016
