method,model,n_features,mean_spearman,control_mean_spearman,mean_delta,min_delta,passes_max_drop
mutual_info,ET,83,0.3421882511765698,0.30400386252414074,0.03818438865242909,0.017788611178819858,True
mutual_info,GBR,83,0.33093565196350466,0.2916156600978756,0.03931999186562908,-0.011155569722310743,True
mutual_info,XGB,83,0.32204822530140814,0.28072221701385636,0.04132600828755177,0.0013404458777867,True
spearman,ET,131,0.3479300620628879,0.30400386252414074,0.04392619953874714,0.027459171619822642,True
spearman,GBR,131,0.34335462096638103,0.2916156600978756,0.051738960868505456,-0.0008070050437815057,True
spearman,XGB,131,0.3200989256182851,0.28072221701385636,0.03937670860442877,-0.025015468846680267,True
tree_importance,ET,100,0.3326684416777605,0.30400386252414074,0.02866457915361973,0.0073402958768492566,True
tree_importance,GBR,100,0.3344722779517372,0.2916156600978756,0.04285661785386158,-0.016639228995181277,True
tree_importance,XGB,100,0.3312429827686423,0.28072221701385636,0.05052076575478594,0.01832880205501286,True
