fold_id,method,model,n_features,Spearman
0,all,ET,1495,0.31952055950349684
0,all,GBR,1495,0.261255507846924
0,all,XGB,1495,0.23718841992762457
0,mutual_info,ET,83,0.34655335345845906
0,mutual_info,GBR,83,0.33845292783079894
0,mutual_info,XGB,83,0.33508240676504225
0,spearman,ET,131,0.3469797311233195
0,spearman,GBR,131,0.33472071700448125
0,spearman,XGB,131,0.29159357245982787
0,tree_importance,ET,100,0.355852474077963
0,tree_importance,GBR,100,0.36576884855530345
0,tree_importance,XGB,100,0.35039768998556237
1,all,ET,1495,0.25191701198132493
1,all,GBR,1495,0.25635591472446706
1,all,XGB,1495,0.2402926893293083
1,mutual_info,ET,83,0.29980387377421114
1,mutual_info,GBR,83,0.25233918269829136
1,mutual_info,XGB,83,0.25181801136257104
1,spearman,ET,131,0.2915375096094351
1,spearman,GBR,131,0.25554890968068555
1,spearman,XGB,131,0.21527722048262804
1,tree_importance,ET,100,0.28978249864061656
1,tree_importance,GBR,100,0.26956912230701446
1,tree_importance,XGB,100,0.25862149138432117
2,all,ET,1495,0.29224870155438465
2,all,GBR,1495,0.27447171544822146
2,all,XGB,1495,0.30782461140382134
2,mutual_info,ET,83,0.34674216713854455
2,mutual_info,GBR,83,0.3334993343708398
2,mutual_info,XGB,83,0.3282479890499316
2,spearman,ET,131,0.3471979824873906
2,spearman,GBR,131,0.3802403765023531
2,spearman,XGB,131,0.3543474021712636
2,tree_importance,ET,100,0.30799823748898425
2,tree_importance,GBR,100,0.32110944443402767
2,tree_importance,XGB,100,0.3345579659872874
3,all,ET,1495,0.3580186751167195
3,all,GBR,1495,0.3218121988262427
3,all,XGB,1495,0.3087467421671385
3,mutual_info,ET,83,0.37580728629553933
3,mutual_info,GBR,83,0.3973594209963812
3,mutual_info,XGB,83,0.38419365121032
3,spearman,ET,131,0.3923867024168901
3,spearman,GBR,131,0.3949571559822249
3,spearman,XGB,131,0.3847585922412015
3,tree_importance,ET,100,0.36535897099356873
3,tree_importance,GBR,100,0.38837023981399876
3,tree_importance,XGB,100,0.37137082106763164
4,all,ET,1495,0.29831436446477794
4,all,GBR,1495,0.3441829636435228
4,all,XGB,1495,0.3095586222413891
4,mutual_info,ET,83,0.3420345752160952
4,mutual_info,GBR,83,0.33302739392121206
4,mutual_info,XGB,83,0.3108990681191758
4,spearman,ET,131,0.3615483846774043
4,spearman,GBR,131,0.35130594566216045
4,spearman,XGB,131,0.3545178407365046
4,tree_importance,ET,100,0.34435002718766994
4,tree_importance,GBR,100,0.3275437346483415
4,tree_importance,XGB,100,0.3412669454184089
