seed,method,model,n_selected,selected_sha256,Spearman,Kendall,RMSE,MAE,R2,Pearson
1,all,ET,1495,ebe73e1f92f5a1127352dc58b86c3055e5f8ba58b892b84dabfebe7225fa685f,0.2960802880018,0.20095238095238097,8.85656024171815,7.244904689531699,0.06803018554059137,0.28625548674193324
1,all,GBR,1495,ebe73e1f92f5a1127352dc58b86c3055e5f8ba58b892b84dabfebe7225fa685f,0.24717416983856144,0.16794486215538848,8.971745004247882,7.305759466454417,0.0436309186985655,0.24448565009421808
1,all,XGB,1495,ebe73e1f92f5a1127352dc58b86c3055e5f8ba58b892b84dabfebe7225fa685f,0.2808715054469091,0.18939849624060154,8.803941337619971,7.2224704672774065,0.07907139164402743,0.28745778894775115
1,spearman,ET,130,268655373604df2ad54a1d82c4bd028607bd799bd1620f03e12ccb6d62c3c6de,0.3497626235163969,0.2405263157894737,8.597122681694161,6.935520038035747,0.12183134279635721,0.3501493790937782
1,spearman,GBR,130,268655373604df2ad54a1d82c4bd028607bd799bd1620f03e12ccb6d62c3c6de,0.31277801736260846,0.20967418546365918,8.787613976573114,7.049026027660859,0.08248404297471557,0.3084715014025618
1,spearman,XGB,130,268655373604df2ad54a1d82c4bd028607bd799bd1620f03e12ccb6d62c3c6de,0.3146663416646355,0.2124310776942356,8.7640580769099,7.103264579789056,0.08739639946000666,0.3179166629507956
1,mutual_info,ET,113,a72fc420bbdf1d4d71c2ac29ebd4834e7c582df9d9a67727e7458706b1cfef9a,0.3381294883093019,0.2317794486215539,8.629253810263094,7.015656310242325,0.11525489164145875,0.3430877510321526
1,mutual_info,GBR,113,a72fc420bbdf1d4d71c2ac29ebd4834e7c582df9d9a67727e7458706b1cfef9a,0.290775879849249,0.19446115288220553,8.951381973750753,7.218519585512312,0.047967304137952804,0.26818691823012847
1,mutual_info,XGB,113,a72fc420bbdf1d4d71c2ac29ebd4834e7c582df9d9a67727e7458706b1cfef9a,0.3040714004462528,0.20443609022556394,8.832187655807939,7.145792050514237,0.07315254894901047,0.2948149482472082
1,tree_importance,ET,112,2b8af3634008fb6df4fbc1931482bd588246f03418b9299b4ad8d61cd7e526d5,0.33896836855230345,0.23365914786967423,8.630532010531132,6.960882065265345,0.11499276812188208,0.34063002022561517
1,tree_importance,GBR,112,2b8af3634008fb6df4fbc1931482bd588246f03418b9299b4ad8d61cd7e526d5,0.36476084225526406,0.24583959899749377,8.603942695411837,6.9031539863747255,0.12043750486555305,0.35481851640381157
1,tree_importance,XGB,112,2b8af3634008fb6df4fbc1931482bd588246f03418b9299b4ad8d61cd7e526d5,0.3406463165394784,0.22619047619047622,8.708916061184889,7.074277138590414,0.09884417633315423,0.3326807010133903
2,all,ET,1495,ebe73e1f92f5a1127352dc58b86c3055e5f8ba58b892b84dabfebe7225fa685f,0.28608197551234693,0.19270676691729327,9.016795882917366,7.22652120664027,0.06413425341443679,0.2910732717707728
2,all,GBR,1495,ebe73e1f92f5a1127352dc58b86c3055e5f8ba58b892b84dabfebe7225fa685f,0.26925224532653336,0.17997493734335843,9.069914252855954,7.210645792588732,0.053075316190345,0.26790659764158387
2,all,XGB,1495,ebe73e1f92f5a1127352dc58b86c3055e5f8ba58b892b84dabfebe7225fa685f,0.27968368552303463,0.1899749373433584,8.94579806196535,7.118604145687514,0.07881415510866441,0.2874274355687615
2,spearman,ET,137,74eb4dfffd83e236b83f0f24a20d80a699c069cf7159b23a8ecdeaba31b6f7f5,0.31665666660416625,0.21624060150375943,8.879443977251759,6.971029088423664,0.09242898356232965,0.310455870602305
2,spearman,GBR,137,74eb4dfffd83e236b83f0f24a20d80a699c069cf7159b23a8ecdeaba31b6f7f5,0.31729829561434764,0.21689223057644114,8.907802464015406,7.0180593689754245,0.08662266512741201,0.3099622686722411
2,spearman,XGB,137,74eb4dfffd83e236b83f0f24a20d80a699c069cf7159b23a8ecdeaba31b6f7f5,0.32379427371421077,0.2198997493734336,8.847079245944252,6.970131834589922,0.09903294676822882,0.32558769560404727
2,mutual_info,ET,102,3f929a04872719cc38b3f73ae89fe2ff0f19e5e172bcc8761b8704b2d49c5210,0.3247964674779218,0.22075187969924814,8.841965019047759,7.005881375643163,0.10007428888996817,0.3243951451860393
2,mutual_info,GBR,102,3f929a04872719cc38b3f73ae89fe2ff0f19e5e172bcc8761b8704b2d49c5210,0.2751304070650442,0.18882205513784464,9.05581679932825,7.181192576206772,0.056016656524482955,0.28035782326446657
2,mutual_info,XGB,102,3f929a04872719cc38b3f73ae89fe2ff0f19e5e172bcc8761b8704b2d49c5210,0.29280220501378135,0.19849624060150378,8.957936390964749,7.082660028087759,0.07631259117166689,0.29584601586720705
2,tree_importance,ET,114,b2a1fcd920d9b7bb50b2cb53d1ef93ffc5ed27a1b1a432643828fe5933a09d1f,0.3084341777136108,0.2098496240601504,8.909230667796438,6.993647518211953,0.0863297548290618,0.3015782300349543
2,tree_importance,GBR,114,b2a1fcd920d9b7bb50b2cb53d1ef93ffc5ed27a1b1a432643828fe5933a09d1f,0.31870267939174624,0.21771929824561406,8.863157988843723,7.034408628406113,0.0957551234178523,0.33352070468586076
2,tree_importance,XGB,114,b2a1fcd920d9b7bb50b2cb53d1ef93ffc5ed27a1b1a432643828fe5933a09d1f,0.3201256257851612,0.2173934837092732,8.89482335539626,7.033231819624237,0.08928239790782333,0.3246928352694929
3,all,ET,1495,ebe73e1f92f5a1127352dc58b86c3055e5f8ba58b892b84dabfebe7225fa685f,0.3418361989762436,0.2281704260651629,9.353353034504442,7.510569302238857,0.06090337566629456,0.3153486368529927
3,all,GBR,1495,ebe73e1f92f5a1127352dc58b86c3055e5f8ba58b892b84dabfebe7225fa685f,0.23034931468321676,0.153609022556391,9.56302959941531,7.58876491625708,0.01832749801533129,0.21425519805928117
3,all,XGB,1495,ebe73e1f92f5a1127352dc58b86c3055e5f8ba58b892b84dabfebe7225fa685f,0.27681266757917244,0.18448621553884714,9.364317404482543,7.401044799477645,0.05870039287740492,0.268871340598483
3,spearman,ET,141,d2c01cff839978918c102572966b7bb625455e710977e74a84ccc55fb187c450,0.3552290326814542,0.23699248120300753,9.149962551957605,7.239759416067194,0.10130099836790363,0.34203064698017327
3,spearman,GBR,141,d2c01cff839978918c102572966b7bb625455e710977e74a84ccc55fb187c450,0.31948193426208915,0.21639097744360905,9.23934035791147,7.253093619614372,0.0836580736113881,0.3191219224324391
3,spearman,XGB,141,d2c01cff839978918c102572966b7bb625455e710977e74a84ccc55fb187c450,0.30461984137400855,0.20659147869674188,9.27961248412458,7.301673286509397,0.07565242339363232,0.3063165980662882
3,mutual_info,ET,104,b86ab1b9e5eaa4a4a492e4eac8fa8c03d2a5175cac13fad64c307a957379e9c1,0.3650942193388709,0.24501253132832082,9.164102274790524,7.263941541721701,0.0985212769740389,0.34709184386967484
3,mutual_info,GBR,104,b86ab1b9e5eaa4a4a492e4eac8fa8c03d2a5175cac13fad64c307a957379e9c1,0.319520372002325,0.21786967418546369,9.32171125655196,7.3370962250685965,0.06724643260818586,0.29921224470322183
3,mutual_info,XGB,104,b86ab1b9e5eaa4a4a492e4eac8fa8c03d2a5175cac13fad64c307a957379e9c1,0.30597116231976446,0.20761904761904765,9.320804407398505,7.357053991390896,0.06742790693521272,0.29749125431825973
3,tree_importance,ET,118,30bd35cdf3648e4c382f158319b283a26b610e972ec53f253fc8e106073748d9,0.33950180938630864,0.22438596491228074,9.191780974327289,7.275760655488582,0.093067509795416,0.32784064147162495
3,tree_importance,GBR,118,30bd35cdf3648e4c382f158319b283a26b610e972ec53f253fc8e106073748d9,0.31764011025068906,0.21330827067669175,9.226878146775318,7.358582229036154,0.08612836793785172,0.31791205883698664
3,tree_importance,XGB,118,30bd35cdf3648e4c382f158319b283a26b610e972ec53f253fc8e106073748d9,0.3546189038681491,0.23917293233082712,9.064196032671205,7.221804285746406,0.11806981920725157,0.3589314956154091
4,all,ET,1495,ebe73e1f92f5a1127352dc58b86c3055e5f8ba58b892b84dabfebe7225fa685f,0.35561472259201615,0.24553884711779453,9.395983869381528,7.639722549224286,0.07244479400823323,0.34134647436459703
4,all,GBR,1495,ebe73e1f92f5a1127352dc58b86c3055e5f8ba58b892b84dabfebe7225fa685f,0.27437533984587403,0.18734335839599,9.46760779486746,7.529924937953083,0.058249717138557755,0.2818121440584359
4,all,XGB,1495,ebe73e1f92f5a1127352dc58b86c3055e5f8ba58b892b84dabfebe7225fa685f,0.28256370352314697,0.19167919799498748,9.47291234940861,7.560744492058722,0.057194125205084156,0.2766621360313055
4,spearman,ET,136,3a7459fb5e3325391869a46e118f7b40896b9bc78db1f58333f766703130b404,0.36891811823823895,0.25528822055137845,9.167569136044936,7.351256598330285,0.11699405029502385,0.3651712393445261
4,spearman,GBR,136,3a7459fb5e3325391869a46e118f7b40896b9bc78db1f58333f766703130b404,0.33800723754523465,0.23030075187969928,9.289706153169634,7.371306103276588,0.0933092274188827,0.33861976577193365
4,spearman,XGB,136,3a7459fb5e3325391869a46e118f7b40896b9bc78db1f58333f766703130b404,0.30942062137888365,0.2117042606516291,9.369651294641479,7.43360737542321,0.07763652087427986,0.30875390604395625
4,mutual_info,ET,106,cd4e93e50a17757c9a70a1f09c08e327a250feed0c8d4379aabec76fe5f7ec00,0.3803721898261865,0.2630075187969925,9.192188357380594,7.391215420931071,0.11224511234031953,0.37207043827542385
4,mutual_info,GBR,106,cd4e93e50a17757c9a70a1f09c08e327a250feed0c8d4379aabec76fe5f7ec00,0.3946057787861174,0.26701754385964915,9.165571585195321,7.247956443300267,0.11737881033195541,0.37936401508316797
4,mutual_info,XGB,106,cd4e93e50a17757c9a70a1f09c08e327a250feed0c8d4379aabec76fe5f7ec00,0.364523465771661,0.25315789473684214,9.238130134904305,7.290149271057137,0.10334908975386037,0.34700639632899477
4,tree_importance,ET,113,2adf2480204cfe160b0fb8a2318e170ee1a8812dcd02b4e4b9c06374e05cf464,0.360532128325802,0.24894736842105267,9.209205105558656,7.362434913817521,0.10895521363916039,0.35667376927524985
4,tree_importance,GBR,113,2adf2480204cfe160b0fb8a2318e170ee1a8812dcd02b4e4b9c06374e05cf464,0.40240789004931277,0.276015037593985,9.028173459919515,7.110617472534688,0.14364264608573885,0.4002382233187051
4,tree_importance,XGB,113,2adf2480204cfe160b0fb8a2318e170ee1a8812dcd02b4e4b9c06374e05cf464,0.36251814073837957,0.2492230576441103,9.180586894488883,7.253327471047444,0.11448456950541175,0.3669462998801106
5,all,ET,1495,ebe73e1f92f5a1127352dc58b86c3055e5f8ba58b892b84dabfebe7225fa685f,0.34765886036787724,0.23268170426065166,8.87308479231105,7.0659384366615425,0.07777945366091255,0.33037567584355126
5,all,GBR,1495,ebe73e1f92f5a1127352dc58b86c3055e5f8ba58b892b84dabfebe7225fa685f,0.24952562203513767,0.16879699248120303,9.065161090653518,7.2942130577299364,0.03742055741191963,0.24032986341073528
5,all,XGB,1495,ebe73e1f92f5a1127352dc58b86c3055e5f8ba58b892b84dabfebe7225fa685f,0.24750060937880858,0.16551378446115292,8.982876847422839,7.114052337117675,0.05481586869899935,0.2518741801739724
5,spearman,ET,137,3c291b32405eaa4835e7b93f67b3a3a3ca420a7b5d95f0b335c5462770476043,0.32893461834136467,0.2211278195488722,8.778065565432243,6.897508278129792,0.09742526807767926,0.3147190283042501
5,spearman,GBR,137,3c291b32405eaa4835e7b93f67b3a3a3ca420a7b5d95f0b335c5462770476043,0.30164401027506416,0.2042606516290727,8.936125914078698,7.011885391899067,0.06462859424906153,0.29024178953341695
5,spearman,XGB,137,3c291b32405eaa4835e7b93f67b3a3a3ca420a7b5d95f0b335c5462770476043,0.33301089381808635,0.22741854636591483,8.812412951903571,6.883354121453481,0.09034814284243897,0.31796214019537117
5,mutual_info,ET,103,4258d6e0b3b8031024edec1259cb1dcf1848ccf0fbf995e08df4880b5f14376e,0.38439221495134346,0.25817042606516294,8.692365679081373,6.849326359203026,0.1149628374376126,0.358645569484824
5,mutual_info,GBR,103,4258d6e0b3b8031024edec1259cb1dcf1848ccf0fbf995e08df4880b5f14376e,0.33025481409258806,0.22175438596491232,8.82947519868015,6.901618331406402,0.0868222686373491,0.3083698804577679
5,mutual_info,XGB,103,4258d6e0b3b8031024edec1259cb1dcf1848ccf0fbf995e08df4880b5f14376e,0.3281943637147732,0.22025062656641606,8.849231697713286,6.910322939007776,0.08273111288746704,0.30591763319963894
5,tree_importance,ET,121,d5839dd7db392f920b9483ae6d70f14c052d18a553005997ef48c9e35934ee40,0.3320653254082837,0.22300751879699252,8.777298450727251,6.896485241547927,0.09758301310489403,0.31542714689988516
5,tree_importance,GBR,121,d5839dd7db392f920b9483ae6d70f14c052d18a553005997ef48c9e35934ee40,0.32869855436596473,0.21972431077694238,8.810302569276436,6.91726676779379,0.09078377463173415,0.31769238595233473
5,tree_importance,XGB,121,d5839dd7db392f920b9483ae6d70f14c052d18a553005997ef48c9e35934ee40,0.32152813455084095,0.2167919799498747,8.822542575330647,6.940903870969445,0.08825570194596233,0.3180296178661695
6,all,ET,1495,ebe73e1f92f5a1127352dc58b86c3055e5f8ba58b892b84dabfebe7225fa685f,0.28094444340277125,0.18781954887218047,9.15089379784944,7.47630430289443,0.058892306378913184,0.29098905718564144
6,all,GBR,1495,ebe73e1f92f5a1127352dc58b86c3055e5f8ba58b892b84dabfebe7225fa685f,0.2384542403390021,0.16022556390977447,9.27516356649102,7.450120237599574,0.03315813420435254,0.240071348804289
6,all,XGB,1495,ebe73e1f92f5a1127352dc58b86c3055e5f8ba58b892b84dabfebe7225fa685f,0.2532574578591117,0.17070175438596494,9.1762874523329,7.420529432769988,0.0536619271973342,0.26002819263156085
6,spearman,ET,134,5398904a3d58593dcf58b8387238e09c277b5ad82f2672fe270c762419a80fb8,0.3214686966793542,0.21812030075187974,8.9623920811891,7.181994185923352,0.09726522607532495,0.3272134745071942
6,spearman,GBR,134,5398904a3d58593dcf58b8387238e09c277b5ad82f2672fe270c762419a80fb8,0.31335139594622463,0.2111779448621554,9.02086496178382,7.244522587317508,0.08544746692018368,0.3168177254935104
6,spearman,XGB,134,5398904a3d58593dcf58b8387238e09c277b5ad82f2672fe270c762419a80fb8,0.31992462452890336,0.21686716791979954,8.999190908526526,7.181547045429238,0.08983690132069222,0.3279897332718521
6,mutual_info,ET,105,a46a010c43c8c0f5473e1b0a7dd77c057b99c987157c33497de6d19331bb32b9,0.34798661241632756,0.23771929824561405,8.896170094617677,7.210241691996143,0.11055632800484849,0.35745405617304354
6,mutual_info,GBR,105,a46a010c43c8c0f5473e1b0a7dd77c057b99c987157c33497de6d19331bb32b9,0.3319612622578891,0.2234335839598998,8.984547870092765,7.212053646224758,0.09279643632834444,0.32031861184612326
6,mutual_info,XGB,105,a46a010c43c8c0f5473e1b0a7dd77c057b99c987157c33497de6d19331bb32b9,0.31449346558415986,0.21390977443609024,8.939086217307397,7.139471883739159,0.10195407668049339,0.33092971781860636
6,tree_importance,ET,115,326f3baf62b983c4a587ec00e5557b27db3bb0b5ca1cbcd32f807b1a308f4d82,0.3235182719891999,0.21902255639097748,8.975904548223438,7.199195481307124,0.09454109410995082,0.32462495828573046
6,tree_importance,GBR,115,326f3baf62b983c4a587ec00e5557b27db3bb0b5ca1cbcd32f807b1a308f4d82,0.29797611235070215,0.19964912280701758,9.127145943268856,7.309003740253258,0.06377058152327242,0.2908500145128913
6,tree_importance,XGB,115,326f3baf62b983c4a587ec00e5557b27db3bb0b5ca1cbcd32f807b1a308f4d82,0.2950578441115257,0.19779448621553886,9.083980811650534,7.2812588950983494,0.07260508569792679,0.30877900168773753
7,all,ET,1495,ebe73e1f92f5a1127352dc58b86c3055e5f8ba58b892b84dabfebe7225fa685f,0.4086516790729942,0.28062656641604017,8.77793468978057,7.010117906334184,0.0839567717210078,0.39436328274045185
7,all,GBR,1495,ebe73e1f92f5a1127352dc58b86c3055e5f8ba58b892b84dabfebe7225fa685f,0.33261001631260195,0.22441102756892234,8.738386411877263,6.9270901830221225,0.09219249514008143,0.3372147823328971
7,all,XGB,1495,ebe73e1f92f5a1127352dc58b86c3055e5f8ba58b892b84dabfebe7225fa685f,0.3221553259707873,0.2154636591478697,8.77831581645899,6.976072787764216,0.08387722314732216,0.32569837415309977
7,spearman,ET,131,ca7758d3099dc06a1f495fe8c43766378cae977ca86261a71b46df97d69477f9,0.3939975249845311,0.2688721804511279,8.554644562090708,6.73421211758035,0.12996801777955258,0.39726093726918243
7,spearman,GBR,131,ca7758d3099dc06a1f495fe8c43766378cae977ca86261a71b46df97d69477f9,0.3816901355633473,0.2539598997493735,8.664197609202803,6.800450302044486,0.10754161153558117,0.36763800992256634
7,spearman,XGB,131,ca7758d3099dc06a1f495fe8c43766378cae977ca86261a71b46df97d69477f9,0.3595934974593591,0.24072681704260654,8.703718691778953,6.834538263742318,0.09938127953888776,0.35367472045125337
7,mutual_info,ET,105,8ca74695abc0939a8df84e4984190c821a224c1d316cc2535ec1fea370a63a2c,0.40919899499371876,0.2792731829573935,8.538731058277541,6.7465588011327124,0.13320190542218713,0.4111938303768594
7,mutual_info,GBR,105,8ca74695abc0939a8df84e4984190c821a224c1d316cc2535ec1fea370a63a2c,0.37177451109069426,0.24646616541353383,8.63027152912439,6.807201802830705,0.11451706099902903,0.3776741810625265
7,mutual_info,XGB,105,8ca74695abc0939a8df84e4984190c821a224c1d316cc2535ec1fea370a63a2c,0.3865897286858043,0.26195488721804516,8.572151144638456,6.759969766670378,0.12640343445257574,0.39132376938440383
7,tree_importance,ET,111,2d30d6494e08d1a8751e09297bdaa7225d0796463d5535e1f8da01a51f470a80,0.37778092363077265,0.2565413533834587,8.618992658215697,6.775277171217565,0.11683001756778111,0.37973261224329347
7,tree_importance,GBR,111,2d30d6494e08d1a8751e09297bdaa7225d0796463d5535e1f8da01a51f470a80,0.3505478784242401,0.23699248120300753,8.786616379250642,6.94281153066958,0.08214387701794812,0.343370569053017
7,tree_importance,XGB,111,2d30d6494e08d1a8751e09297bdaa7225d0796463d5535e1f8da01a51f470a80,0.38358183488646796,0.25929824561403514,8.699484425613914,6.8183568935898915,0.10025734916085882,0.36610271171280173
8,all,ET,1495,ebe73e1f92f5a1127352dc58b86c3055e5f8ba58b892b84dabfebe7225fa685f,0.2960896630603942,0.20305764411027571,9.379989341302409,7.65732504901111,0.06226568994724935,0.27581874983882304
8,all,GBR,1495,ebe73e1f92f5a1127352dc58b86c3055e5f8ba58b892b84dabfebe7225fa685f,0.22261320383252403,0.14711779448621554,9.555759698056535,7.749738523477358,0.026792255323907277,0.21384063987052054
8,all,XGB,1495,ebe73e1f92f5a1127352dc58b86c3055e5f8ba58b892b84dabfebe7225fa685f,0.23768511053194083,0.15766917293233085,9.42006960209278,7.620471359670903,0.05423477796348153,0.24343382306918437
8,spearman,ET,135,3c34ccbfbdea397f483f1b389a739c1bf6cf914a8bbfd7a31a74dee983b19600,0.3172827330170814,0.21781954887218047,9.230522045369833,7.4305409569820196,0.09191261129642314,0.30681767518254544
8,spearman,GBR,135,3c34ccbfbdea397f483f1b389a739c1bf6cf914a8bbfd7a31a74dee983b19600,0.2857671610447566,0.19203007518796997,9.334640676539856,7.492139584341342,0.07131094602550392,0.2847818635252739
8,spearman,XGB,135,3c34ccbfbdea397f483f1b389a739c1bf6cf914a8bbfd7a31a74dee983b19600,0.2982532390827443,0.19954887218045114,9.3331587115277,7.444577391832029,0.07160579946090839,0.29301573141755893
8,mutual_info,ET,114,26acb0ce7655c0b095b103176ef8fa542c0731bc22c0930c60baccbe0a187355,0.29404177526109543,0.2025062656641604,9.263057982702874,7.452840798584577,0.08549963801504523,0.2947536545331318
8,mutual_info,GBR,114,26acb0ce7655c0b095b103176ef8fa542c0731bc22c0930c60baccbe0a187355,0.2973629835186471,0.20155388471177946,9.342190091056105,7.387801299221888,0.0698081792937153,0.29450769674185595
8,mutual_info,XGB,114,26acb0ce7655c0b095b103176ef8fa542c0731bc22c0930c60baccbe0a187355,0.32240114000712505,0.21922305764411032,9.238412951226277,7.3389031341056965,0.09035935246575688,0.31761039205115715
8,tree_importance,ET,111,acbc29fa0e61d342ed4cb6e5d2cd77a4f0c4311be62a9124e6aceb00b79c3eff,0.30046762792267456,0.20646616541353385,9.280869010262995,7.487674720320705,0.08197945047745958,0.29085302058422835
8,tree_importance,GBR,111,acbc29fa0e61d342ed4cb6e5d2cd77a4f0c4311be62a9124e6aceb00b79c3eff,0.31937562109763185,0.21456140350877195,9.299051315009335,7.434618463686962,0.07837890835180306,0.3079486052572914
8,tree_importance,XGB,111,acbc29fa0e61d342ed4cb6e5d2cd77a4f0c4311be62a9124e6aceb00b79c3eff,0.32246695291845584,0.2179448621553885,9.253835564061609,7.371219039354294,0.08731970796382071,0.3128145471758318
9,all,ET,1495,ebe73e1f92f5a1127352dc58b86c3055e5f8ba58b892b84dabfebe7225fa685f,0.27882380514878213,0.18759398496240604,8.858391379194813,7.10762734813377,0.05828638360102112,0.27481683987020467
9,all,GBR,1495,ebe73e1f92f5a1127352dc58b86c3055e5f8ba58b892b84dabfebe7225fa685f,0.2573142332139575,0.17255639097744363,8.989744666226011,7.128672018560021,0.03015164177149121,0.2339141294087862
9,all,XGB,1495,ebe73e1f92f5a1127352dc58b86c3055e5f8ba58b892b84dabfebe7225fa685f,0.28313089456809104,0.1880701754385965,8.898210405263587,7.025913811159651,0.04980123192211772,0.25454023279465354
9,spearman,ET,136,135e747bba15227cb5b80bab039854a909370127f69bcf44847f7212fca260f8,0.3330695816848855,0.2247869674185464,8.630849575267659,6.852857431836274,0.10604385007546879,0.3297067882607586
9,spearman,GBR,136,135e747bba15227cb5b80bab039854a909370127f69bcf44847f7212fca260f8,0.24972099825623903,0.16776942355889726,9.073458482262986,7.157246602623259,0.0120048010588234,0.2217676741723784
9,spearman,XGB,136,135e747bba15227cb5b80bab039854a909370127f69bcf44847f7212fca260f8,0.26221945137157104,0.17501253132832081,9.033285304499188,7.158849678170307,0.020734226586328508,0.244862897730362
9,mutual_info,ET,116,1137cd788cf5b1bfefcd10bdb96ae00db9ba9888e4d47186f6976cf28199d495,0.35889599309995684,0.24736842105263163,8.590404276016407,6.8225889551017485,0.11440261175600508,0.35083411465777087
9,mutual_info,GBR,116,1137cd788cf5b1bfefcd10bdb96ae00db9ba9888e4d47186f6976cf28199d495,0.3195588097425609,0.21451127819548876,8.777295228701599,6.920516800549831,0.07544972074651712,0.3134093886467584
9,mutual_info,XGB,116,1137cd788cf5b1bfefcd10bdb96ae00db9ba9888e4d47186f6976cf28199d495,0.3474514840717754,0.23501253132832084,8.6200066295944,6.8333544467342,0.10828859531083068,0.3475421181649985
9,tree_importance,ET,111,13a14bd2054a88dad28317b3fd9bd21c17ad0cff3911bf9753ea0d5c1f47b23b,0.3314514465715411,0.2248621553884712,8.630951539173928,6.85655487626564,0.10602272775171373,0.32990139195414525
9,tree_importance,GBR,111,13a14bd2054a88dad28317b3fd9bd21c17ad0cff3911bf9753ea0d5c1f47b23b,0.3580123000768754,0.2421052631578948,8.58482421863533,6.829377470694078,0.11555275070234639,0.3531134334580444
9,tree_importance,XGB,111,13a14bd2054a88dad28317b3fd9bd21c17ad0cff3911bf9753ea0d5c1f47b23b,0.3442437140232126,0.23182957393483714,8.638185957638527,6.870529431774819,0.10452344551643822,0.3388431163095211
10,all,ET,1495,ebe73e1f92f5a1127352dc58b86c3055e5f8ba58b892b84dabfebe7225fa685f,0.3455230345189657,0.23395989974937348,9.18973862757927,7.422975428277769,0.0779658286088244,0.3419080571735152
10,all,GBR,1495,ebe73e1f92f5a1127352dc58b86c3055e5f8ba58b892b84dabfebe7225fa685f,0.32818386364914776,0.22345864661654138,9.042211976546982,7.257542132912547,0.10733179632544643,0.3307169721458898
10,all,XGB,1495,ebe73e1f92f5a1127352dc58b86c3055e5f8ba58b892b84dabfebe7225fa685f,0.2990776817355108,0.2028822055137845,9.115595273044335,7.338879971066771,0.09278386251455717,0.3057846544437955
10,spearman,ET,138,d06230d3e94e720cb7b26f2f3680e8c6facd6f1acdb93eb353c1dd99f9356fff,0.3987118669491684,0.27065162907268175,8.848540306351266,7.039396995248344,0.14516171416697454,0.390012893426933
10,spearman,GBR,138,d06230d3e94e720cb7b26f2f3680e8c6facd6f1acdb93eb353c1dd99f9356fff,0.3682800517503234,0.24874686716791983,9.003009439614848,7.167372637798862,0.11505534851760524,0.3491039615866699
10,spearman,XGB,138,d06230d3e94e720cb7b26f2f3680e8c6facd6f1acdb93eb353c1dd99f9356fff,0.37448990306189417,0.25100250626566417,8.948801058716333,7.164566107490108,0.12568001702487253,0.3616961110771071
10,mutual_info,ET,110,eef314fe6279c63e848009b90c9adb1a2a67b3441e7f03c178a4b4fef0ff5ae6,0.3870389814936343,0.26218045112781957,8.96614266637963,7.1987439164303035,0.12228809779104777,0.3848828874716401
10,mutual_info,GBR,110,eef314fe6279c63e848009b90c9adb1a2a67b3441e7f03c178a4b4fef0ff5ae6,0.35674291714323214,0.24177944862155393,9.002002904018282,7.240047707441463,0.11525321091173302,0.3472328666175044
10,mutual_info,XGB,110,eef314fe6279c63e848009b90c9adb1a2a67b3441e7f03c178a4b4fef0ff5ae6,0.37557984737404604,0.2542857142857143,8.893661060904028,7.117136983037171,0.13642145007044904,0.37358621187540075
10,tree_importance,ET,113,d48f82716c4374fc9cc7d780066dd9703a28a8e12fe9224c3449c9cc8beabfea,0.38659910374439843,0.265062656641604,8.870099233144977,7.066029247897027,0.14099111733777292,0.3863518362433364
10,tree_importance,GBR,113,d48f82716c4374fc9cc7d780066dd9703a28a8e12fe9224c3449c9cc8beabfea,0.3908938180863631,0.2670676691729324,8.817605099407013,6.967060630794926,0.15112843232423612,0.3958590833220541
10,tree_importance,XGB,113,d48f82716c4374fc9cc7d780066dd9703a28a8e12fe9224c3449c9cc8beabfea,0.40717004481278,0.2780200501253133,8.730943782276084,6.953912632096717,0.16773222083471506,0.4164057051771145
11,all,ET,1495,ebe73e1f92f5a1127352dc58b86c3055e5f8ba58b892b84dabfebe7225fa685f,0.26989912436952734,0.1811528822055138,9.391789180588292,7.62831224501161,0.04811455521440422,0.2503383283876175
11,all,GBR,1495,ebe73e1f92f5a1127352dc58b86c3055e5f8ba58b892b84dabfebe7225fa685f,0.23140288376802357,0.1536842105263158,9.556950106937483,7.710013834618024,0.014341088155871984,0.2215589947686507
11,all,XGB,1495,ebe73e1f92f5a1127352dc58b86c3055e5f8ba58b892b84dabfebe7225fa685f,0.22052856580353628,0.14761904761904765,9.481881624215712,7.686902937900296,0.029764695095937932,0.2279311305654308
11,spearman,ET,129,476289d4649dd896fcbcdd1dd5ad6a56719feb3752a31d2cdc488f3891f720ec,0.2921759510996944,0.1978947368421053,9.310961560480475,7.4602096533414946,0.06442828606735373,0.2746628325023625
11,spearman,GBR,129,476289d4649dd896fcbcdd1dd5ad6a56719feb3752a31d2cdc488f3891f720ec,0.2990962443515272,0.1980451127819549,9.35627537529221,7.4347162643332965,0.05529980160328807,0.28792350127622696
11,spearman,XGB,129,476289d4649dd896fcbcdd1dd5ad6a56719feb3752a31d2cdc488f3891f720ec,0.31286145538409615,0.2092731829573935,9.303362449914806,7.399308934751835,0.06595479042404662,0.29097548549073904
11,mutual_info,ET,103,9b30107b9c2124a16b3a39d849e4bbd2939a70e3dca0c5959f078e5e83ef37ad,0.2652886580541129,0.17909774436090228,9.379954335484157,7.53209023148409,0.05051203638710011,0.2501698140798938
11,mutual_info,GBR,103,9b30107b9c2124a16b3a39d849e4bbd2939a70e3dca0c5959f078e5e83ef37ad,0.2794138713366959,0.19150375939849626,9.448675245675428,7.467268313725745,0.036548493281664096,0.2632729963464605
11,mutual_info,XGB,103,9b30107b9c2124a16b3a39d849e4bbd2939a70e3dca0c5959f078e5e83ef37ad,0.2894875592972457,0.19799498746867172,9.40361491307739,7.464921566935929,0.045715900514197494,0.27105786775796964
11,tree_importance,ET,111,ce5df3f3dd6dbfedbb39d7d89850220c39c1b3c2527047592ef6d7eb94ca6d12,0.28667297920612006,0.19401002506265666,9.313498499947062,7.465188677564424,0.06391838982529474,0.2724674245702776
11,tree_importance,GBR,111,ce5df3f3dd6dbfedbb39d7d89850220c39c1b3c2527047592ef6d7eb94ca6d12,0.3105565034781468,0.20992481203007524,9.297390233713744,7.384447641174677,0.0671536106323567,0.29525588887132337
11,tree_importance,XGB,111,ce5df3f3dd6dbfedbb39d7d89850220c39c1b3c2527047592ef6d7eb94ca6d12,0.30735079594247466,0.2079949874686717,9.298624666352127,7.43896407991254,0.06690588251800911,0.29940128233904106
12,all,ET,1495,ebe73e1f92f5a1127352dc58b86c3055e5f8ba58b892b84dabfebe7225fa685f,0.2668497928112051,0.18122807017543863,9.143968740155136,7.3027464022038195,0.06039152026222705,0.263065349777454
12,all,GBR,1495,ebe73e1f92f5a1127352dc58b86c3055e5f8ba58b892b84dabfebe7225fa685f,0.21921080756754727,0.14448621553884713,9.377482606262388,7.467514272591634,0.011788288077650644,0.19696618475964411
12,all,XGB,1495,ebe73e1f92f5a1127352dc58b86c3055e5f8ba58b892b84dabfebe7225fa685f,0.21385296158100986,0.14328320802005015,9.300405942699882,7.400343749173976,0.02796641166497893,0.20503783414928015
12,spearman,ET,136,36790b212ecfccafc2cbc46969cb03f5f559301da363a2c9661b6a22e00d093d,0.34420415127594545,0.23200501253132835,8.875723328417495,7.015058649319818,0.11471119109871308,0.34110482633448996
12,spearman,GBR,136,36790b212ecfccafc2cbc46969cb03f5f559301da363a2c9661b6a22e00d093d,0.2902625016406353,0.19518796992481205,9.173340123014118,7.243669697374433,0.054345584548924464,0.26724175407523204
12,spearman,XGB,136,36790b212ecfccafc2cbc46969cb03f5f559301da363a2c9661b6a22e00d093d,0.2820874505465659,0.1904511278195489,9.121028983157338,7.212571536564979,0.06510005628800664,0.27985077957418647
12,mutual_info,ET,120,29c09ce0f5dfdd66ef6d5232f627d746c3befde5c48d0360aea5c40269abb85a,0.3397590609941312,0.23140350877192986,8.893283578323798,7.038471777418652,0.11120471154786349,0.3418782941689108
12,mutual_info,GBR,120,29c09ce0f5dfdd66ef6d5232f627d746c3befde5c48d0360aea5c40269abb85a,0.30039431496446845,0.2042606516290727,9.10929265042217,7.0984248793443205,0.06750444237718334,0.281575926156712
12,mutual_info,XGB,120,29c09ce0f5dfdd66ef6d5232f627d746c3befde5c48d0360aea5c40269abb85a,0.30990774942343385,0.20962406015037596,9.051614770637046,7.089368404919354,0.07927573874580285,0.29485923368226985
12,tree_importance,ET,116,5ab83fca8141ccb9a3ad0a753668a36613f50ed4700f765a478fcec5f2f448e4,0.335476346727167,0.22548872180451132,8.912071439286256,7.066890631341631,0.10744542494393516,0.32961220119791784
12,tree_importance,GBR,116,5ab83fca8141ccb9a3ad0a753668a36613f50ed4700f765a478fcec5f2f448e4,0.3246625916411977,0.21817042606516293,8.999932075775204,7.113867096723469,0.08975998071559665,0.3146132080586006
12,tree_importance,XGB,116,5ab83fca8141ccb9a3ad0a753668a36613f50ed4700f765a478fcec5f2f448e4,0.33143850899068117,0.2235839598997494,9.012629327334704,7.134653792945996,0.08718980591984504,0.3046345501502329
13,all,ET,1495,ebe73e1f92f5a1127352dc58b86c3055e5f8ba58b892b84dabfebe7225fa685f,0.37611928824555146,0.2540350877192983,9.58308857216712,7.731039034713192,0.0741012642986072,0.3448392634381032
13,all,GBR,1495,ebe73e1f92f5a1127352dc58b86c3055e5f8ba58b892b84dabfebe7225fa685f,0.30362158513490706,0.20398496240601507,9.634506513309985,7.60268466803912,0.06413881307404867,0.2740596856951965
13,all,XGB,1495,ebe73e1f92f5a1127352dc58b86c3055e5f8ba58b892b84dabfebe7225fa685f,0.3420205126282039,0.2310275689223058,9.55606278280556,7.50194978861173,0.07931625515421048,0.2959017052261923
13,spearman,ET,143,0518a55663431e870551735c5acc9d58e826b62436882c1e87dfd9e33a812a6c,0.39757767236045216,0.27032581453634086,9.348124207775157,7.40329786142235,0.11894821550218349,0.36464454535597296
13,spearman,GBR,143,0518a55663431e870551735c5acc9d58e826b62436882c1e87dfd9e33a812a6c,0.39186094913093206,0.2705513784461153,9.335014193858784,7.293669412819818,0.12141769525905799,0.36497321862176907
13,spearman,XGB,143,0518a55663431e870551735c5acc9d58e826b62436882c1e87dfd9e33a812a6c,0.4011681323008268,0.27516290726817044,9.352023571296257,7.310839705717992,0.11821303962254082,0.36258898955298036
13,mutual_info,ET,95,3222aac079745c3c21834439ef6979e4a6d65c6e3a237e27de037611a60675c1,0.40151125944537147,0.27586466165413537,9.377077016783245,7.433374282831843,0.11348221476875575,0.3665690116490783
13,mutual_info,GBR,95,3222aac079745c3c21834439ef6979e4a6d65c6e3a237e27de037611a60675c1,0.4025824536403352,0.27724310776942357,9.323060104790295,7.329571152483923,0.12366641738097173,0.3686586126242399
13,mutual_info,XGB,95,3222aac079745c3c21834439ef6979e4a6d65c6e3a237e27de037611a60675c1,0.39226538915868225,0.27195488721804517,9.331557468401787,7.304417767039379,0.12206824713972719,0.36633419996619965
13,tree_importance,ET,114,e536f5a7c52b8689b8a618b6517d6045c14ff267782209f6a726c1c402966198,0.4042542140888381,0.2744862155388471,9.33128713247867,7.360715840007365,0.12211911390099806,0.37058218853043867
13,tree_importance,GBR,114,e536f5a7c52b8689b8a618b6517d6045c14ff267782209f6a726c1c402966198,0.42076350477190483,0.2908771929824562,9.30212352066038,7.279869047531507,0.12759792278095006,0.37581003612327024
13,tree_importance,XGB,114,e536f5a7c52b8689b8a618b6517d6045c14ff267782209f6a726c1c402966198,0.4198177488609303,0.2898997493734336,9.28237445317078,7.229416370410345,0.13129833336644103,0.3772508692735733
14,all,ET,1495,ebe73e1f92f5a1127352dc58b86c3055e5f8ba58b892b84dabfebe7225fa685f,0.31574747342170884,0.21385964912280706,9.34788548437876,7.614312646006063,0.06801736391252722,0.311936360420465
14,all,GBR,1495,ebe73e1f92f5a1127352dc58b86c3055e5f8ba58b892b84dabfebe7225fa685f,0.25761854761592257,0.1718295739348371,9.412781923779692,7.629503809147322,0.05503211712516776,0.25925205543790875
14,all,XGB,1495,ebe73e1f92f5a1127352dc58b86c3055e5f8ba58b892b84dabfebe7225fa685f,0.2774533590834942,0.1823558897243108,9.34491836097892,7.574007208121673,0.06860891343945286,0.2701465718175137
14,spearman,ET,126,2e50bdb6f9feafe1159c6d3641e97def61d4e42340f147451bb53ae20dfe61fb,0.33311776948605926,0.22766917293233088,9.158417181726643,7.35348896369283,0.10541440825434434,0.33057277375696387
14,spearman,GBR,126,2e50bdb6f9feafe1159c6d3641e97def61d4e42340f147451bb53ae20dfe61fb,0.34111113194457454,0.2304010025062657,9.101612119455408,7.315333693770324,0.11647732297119151,0.3475474752645928
14,spearman,XGB,126,2e50bdb6f9feafe1159c6d3641e97def61d4e42340f147451bb53ae20dfe61fb,0.31169369808561304,0.20889724310776944,9.245115062222997,7.424424036486923,0.08839710567679093,0.3122005822244256
14,mutual_info,ET,106,76ef01189c098c6d8c6d31c2894527364b98362fb018e6cfe9a74c5f2da82588,0.3353608460052876,0.2308521303258146,9.204586411028476,7.433125556762661,0.09637213976482095,0.32573699210779294
14,mutual_info,GBR,106,76ef01189c098c6d8c6d31c2894527364b98362fb018e6cfe9a74c5f2da82588,0.30673729210807565,0.21085213032581454,9.312410276329373,7.429274702528073,0.07507768623400424,0.29227280053070126
14,mutual_info,XGB,106,76ef01189c098c6d8c6d31c2894527364b98362fb018e6cfe9a74c5f2da82588,0.3242200888755554,0.2186466165413534,9.223295839305763,7.34412600157009,0.0926949419006714,0.31622768061943657
14,tree_importance,ET,113,cc9ef75c8b9293c03c18d7b6178db38bb6ef428dabdb6535fc06539019649e75,0.306373539834624,0.2100501253132832,9.249619004744932,7.424257469633394,0.08750867819391195,0.30161339011689314
14,tree_importance,GBR,113,cc9ef75c8b9293c03c18d7b6178db38bb6ef428dabdb6535fc06539019649e75,0.32051994074962964,0.2154135338345865,9.185454014974013,7.4201622928869115,0.1001247469046741,0.32717822178105965
14,tree_importance,XGB,113,cc9ef75c8b9293c03c18d7b6178db38bb6ef428dabdb6535fc06539019649e75,0.3210575066094163,0.21829573934837096,9.165789325622555,7.3383640601638005,0.10397362041204705,0.33375730358858535
15,all,ET,1495,ebe73e1f92f5a1127352dc58b86c3055e5f8ba58b892b84dabfebe7225fa685f,0.2975088594303715,0.20090225563909778,9.1897812937196,7.444378295019622,0.06305424745107435,0.2820869891560016
15,all,GBR,1495,ebe73e1f92f5a1127352dc58b86c3055e5f8ba58b892b84dabfebe7225fa685f,0.28111638197738736,0.19127819548872182,9.20562954672691,7.359177376743453,0.05981983810891034,0.2614713974236975
15,all,XGB,1495,ebe73e1f92f5a1127352dc58b86c3055e5f8ba58b892b84dabfebe7225fa685f,0.2571634822717642,0.17443609022556392,9.251965084612566,7.398345344820789,0.05033142886907205,0.2424284702419281
15,spearman,ET,138,e25e910006f1fd017e0eadc0b73a2a4d8189032edae6f92fa5c43e49ddc0da96,0.3244552153450959,0.2209273182957394,9.060654701856071,7.189911307367588,0.08919951122623349,0.3007265641926614
15,spearman,GBR,138,e25e910006f1fd017e0eadc0b73a2a4d8189032edae6f92fa5c43e49ddc0da96,0.2969319183244895,0.20363408521303258,9.186085619985041,7.228800682162857,0.06380768204231135,0.27875839749344256
15,spearman,XGB,138,e25e910006f1fd017e0eadc0b73a2a4d8189032edae6f92fa5c43e49ddc0da96,0.28975099844374025,0.1972932330827068,9.128264399096336,7.2200096763312445,0.0755561939859265,0.2942893744980152
15,mutual_info,ET,102,764c693064d7f9c123b1dad6ae0a5369e814cab82b4eb4cb636309a5f3042009,0.3219753248457803,0.21974937343358397,9.0605444892338,7.211229265485128,0.08922166880822335,0.3030946275031664
15,mutual_info,GBR,102,764c693064d7f9c123b1dad6ae0a5369e814cab82b4eb4cb636309a5f3042009,0.25573172332327077,0.17350877192982458,9.26097330116323,7.327403900864717,0.04848123060719278,0.2500669780810515
15,mutual_info,XGB,102,764c693064d7f9c123b1dad6ae0a5369e814cab82b4eb4cb636309a5f3042009,0.2888899930624566,0.19724310776942358,9.143292103484145,7.253993968267204,0.07250989669808572,0.28112300621790653
15,tree_importance,ET,119,0be56c48a99c07cc5d71aa9ca4aa170d1f7e59850181f756ee81b72126537aa0,0.324396152475953,0.22192982456140353,9.072645105627544,7.184830345318489,0.08678730327199902,0.2961945850933818
15,tree_importance,GBR,119,0be56c48a99c07cc5d71aa9ca4aa170d1f7e59850181f756ee81b72126537aa0,0.2878041737760861,0.1948621553884712,9.184796654440628,7.270305538245333,0.06407039132436343,0.2763121678206069
15,tree_importance,XGB,119,0be56c48a99c07cc5d71aa9ca4aa170d1f7e59850181f756ee81b72126537aa0,0.28359552247201547,0.19468671679197996,9.174174781387105,7.262357300266847,0.06623387462814156,0.2788715447091646
16,all,ET,1495,ebe73e1f92f5a1127352dc58b86c3055e5f8ba58b892b84dabfebe7225fa685f,0.26436952730954577,0.178671679197995,9.002140825268869,7.109805172619301,0.05710662941594302,0.25143308796039365
16,all,GBR,1495,ebe73e1f92f5a1127352dc58b86c3055e5f8ba58b892b84dabfebe7225fa685f,0.2059014118838243,0.14152882205513787,9.238449771464495,7.293773745424495,0.006954423899998119,0.1944792370683198
16,all,XGB,1495,ebe73e1f92f5a1127352dc58b86c3055e5f8ba58b892b84dabfebe7225fa685f,0.1720313876961731,0.11661654135338348,9.306883280203452,7.404949819039171,-0.007811969077269776,0.16110768991520963
16,spearman,ET,136,d43feacfd0e5ca2f284405d9abcf2675835106cc879dd247e13454c09d7e78e4,0.2546382164888531,0.17398496240601508,9.059452774136153,7.091710821026016,0.04506258856407219,0.23631577043318444
16,spearman,GBR,136,d43feacfd0e5ca2f284405d9abcf2675835106cc879dd247e13454c09d7e78e4,0.28391277445484037,0.1936591478696742,9.028970103573878,6.998540353479309,0.051478002633189024,0.26569356121958715
16,spearman,XGB,136,d43feacfd0e5ca2f284405d9abcf2675835106cc879dd247e13454c09d7e78e4,0.26385127407046294,0.18135338345864663,9.077135683510502,6.974072562854939,0.041331115622543546,0.25747615368849397
16,mutual_info,ET,102,1293e046a9dd49f5acce3af57cbc1cf7f298c63eb6126914298bb71e0813b74a,0.25115050719066995,0.17,9.014338762564453,7.072065519297358,0.05454964955415742,0.24676027747949947
16,mutual_info,GBR,102,1293e046a9dd49f5acce3af57cbc1cf7f298c63eb6126914298bb71e0813b74a,0.2325447659047869,0.15882205513784464,9.263089521476383,7.099614124091366,0.0016502819668088309,0.20847282259465788
16,mutual_info,XGB,102,1293e046a9dd49f5acce3af57cbc1cf7f298c63eb6126914298bb71e0813b74a,0.2285988037425234,0.1580200501253133,9.204321043765365,7.051805408071991,0.01427789959975001,0.22260801503716754
16,tree_importance,ET,114,44cab1c977813a2532b392bce2e81e4d5cf0f9604e37e5bc400f5a90b721a966,0.25770854817842614,0.17583959899749374,9.0359311026364,7.062432323495224,0.05001488870962589,0.24208696088898785
16,tree_importance,GBR,114,44cab1c977813a2532b392bce2e81e4d5cf0f9604e37e5bc400f5a90b721a966,0.29535972099825625,0.20498746867167922,8.995347376379167,6.9577747682516655,0.058529197913197106,0.2830034104459678
16,tree_importance,XGB,114,44cab1c977813a2532b392bce2e81e4d5cf0f9604e37e5bc400f5a90b721a966,0.2841880261751636,0.1960902255639098,9.033933735433825,6.988997186014708,0.05043482537527022,0.2729230385267213
17,all,ET,1495,ebe73e1f92f5a1127352dc58b86c3055e5f8ba58b892b84dabfebe7225fa685f,0.33864886655541593,0.22967418546365917,9.350535561366438,7.622551538734854,0.07865176068356128,0.32226633447508213
17,all,GBR,1495,ebe73e1f92f5a1127352dc58b86c3055e5f8ba58b892b84dabfebe7225fa685f,0.3602304389402433,0.24511278195488723,9.102455309977515,7.344763697242309,0.12689203824866357,0.3582379101409261
17,all,XGB,1495,ebe73e1f92f5a1127352dc58b86c3055e5f8ba58b892b84dabfebe7225fa685f,0.34687923049519054,0.2354887218045113,9.18648027175151,7.478725984206208,0.11069828223697964,0.33403951870964055
17,spearman,ET,137,0959dceb98c0fa3b0ac0dc22052e2a24f273aa192c6b54aade9cf7f7a331ad3f,0.3829060806630041,0.2601503759398497,9.101630763928009,7.339338602717964,0.1270502120796272,0.3628865421693489
17,spearman,GBR,137,0959dceb98c0fa3b0ac0dc22052e2a24f273aa192c6b54aade9cf7f7a331ad3f,0.36641610260064117,0.24769423558897244,9.08284449715189,7.3356553171796035,0.13065012583599456,0.36191967011361476
17,spearman,XGB,137,0959dceb98c0fa3b0ac0dc22052e2a24f273aa192c6b54aade9cf7f7a331ad3f,0.39063862899143115,0.2650125313283208,8.998707423563626,7.2079709623215376,0.1466816178525423,0.38386145033569685
17,mutual_info,ET,110,56fd511e2f9f238314b24a19c785f629e5bc3b9240083aa99085513609904e7c,0.39069169182307384,0.2675689223057644,9.041111741551662,7.364075915909759,0.1386205402853391,0.38922059366682127
17,mutual_info,GBR,110,56fd511e2f9f238314b24a19c785f629e5bc3b9240083aa99085513609904e7c,0.4014325089531809,0.2728070175438597,8.962561561397717,7.256840684129904,0.15352304084353297,0.39198824126721227
17,mutual_info,XGB,110,56fd511e2f9f238314b24a19c785f629e5bc3b9240083aa99085513609904e7c,0.36164251026568917,0.24491228070175441,9.064183288162427,7.330206308651448,0.1342187114351755,0.36645113438607985
17,tree_importance,ET,112,ad32e410328614563602826d5239debd98fac30e7586f499b152a53f42b4cab5,0.39531059569122307,0.2691228070175439,9.040772871555209,7.3402142469054885,0.13868510981893878,0.3844156785956995
17,tree_importance,GBR,112,ad32e410328614563602826d5239debd98fac30e7586f499b152a53f42b4cab5,0.4037166482290514,0.2734586466165414,9.055035900862682,7.280211335507731,0.1359652870161141,0.3707829268338372
17,tree_importance,XGB,112,ad32e410328614563602826d5239debd98fac30e7586f499b152a53f42b4cab5,0.38277614235088964,0.2579197994987469,9.049946583640796,7.232723717204803,0.13693626295586991,0.37218160518731763
18,all,ET,1495,ebe73e1f92f5a1127352dc58b86c3055e5f8ba58b892b84dabfebe7225fa685f,0.3299368121050757,0.21939849624060154,9.149001669048525,7.220505312052951,0.04466869298593035,0.2983108437100257
18,all,GBR,1495,ebe73e1f92f5a1127352dc58b86c3055e5f8ba58b892b84dabfebe7225fa685f,0.3204702529390809,0.2167919799498747,9.160126539751865,7.193715168088315,0.04234398057319333,0.2884043186831561
18,all,XGB,1495,ebe73e1f92f5a1127352dc58b86c3055e5f8ba58b892b84dabfebe7225fa685f,0.318621866386665,0.21664160401002508,9.060792180527246,7.119670878163784,0.06300141400787784,0.30327669897730336
18,spearman,ET,127,788c9b0df80273b2e0b0fcf427e1d5a60369f6c307482a57d87c8b0bb7ced582,0.3861963512271952,0.2642105263157895,8.876236835484868,6.878330360640529,0.10078330884341946,0.3573153907778073
18,spearman,GBR,127,788c9b0df80273b2e0b0fcf427e1d5a60369f6c307482a57d87c8b0bb7ced582,0.3714610091313071,0.2542355889724311,8.946841088221678,6.997450195176069,0.08642113552745878,0.347698944828773
18,spearman,XGB,127,788c9b0df80273b2e0b0fcf427e1d5a60369f6c307482a57d87c8b0bb7ced582,0.3652277201732511,0.2490225563909775,8.889839693591613,6.9840801324686845,0.09802509271924831,0.35371631044634777
18,mutual_info,ET,113,407f256618152327db52bc3add4683cce2f9e7f2b10c91abe241a81e4a606246,0.36656122850767814,0.25125313283208023,8.897582723093393,6.946492686819642,0.09645317239457563,0.35541274109590515
18,mutual_info,GBR,113,407f256618152327db52bc3add4683cce2f9e7f2b10c91abe241a81e4a606246,0.3445221532634579,0.23566416040100255,8.996801229884518,7.020802451556127,0.07618959894765376,0.3307397558002766
18,mutual_info,XGB,113,407f256618152327db52bc3add4683cce2f9e7f2b10c91abe241a81e4a606246,0.3487812423827649,0.23528822055137846,8.937597384637263,7.031560858925737,0.08830794442721568,0.33953941806795773
18,tree_importance,ET,116,f345ead9f928035ce39b10c1c65c0b2ae45b073ca92eec8c1c243fd0d4a0d331,0.3702670016687605,0.2531829573934838,8.925732153326678,6.9261231192947,0.09072699649207339,0.3426909106898012
18,tree_importance,GBR,116,f345ead9f928035ce39b10c1c65c0b2ae45b073ca92eec8c1c243fd0d4a0d331,0.37900268126675796,0.2605513784461153,8.930089802502836,6.950344650743512,0.08983894385820246,0.3569095061168951
18,tree_importance,XGB,116,f345ead9f928035ce39b10c1c65c0b2ae45b073ca92eec8c1c243fd0d4a0d331,0.35583578647366554,0.24285714285714285,9.004579141449689,7.0286642505393715,0.07459160398433196,0.3336688917466997
19,all,ET,1495,ebe73e1f92f5a1127352dc58b86c3055e5f8ba58b892b84dabfebe7225fa685f,0.3254994093713086,0.22501253132832083,9.22020614530549,7.426443685744639,0.07741517554291444,0.3200777487185167
19,all,GBR,1495,ebe73e1f92f5a1127352dc58b86c3055e5f8ba58b892b84dabfebe7225fa685f,0.30672697954362227,0.20696741854636594,9.14993066838737,7.330728723827235,0.09142527559509572,0.3055638875516773
19,all,XGB,1495,ebe73e1f92f5a1127352dc58b86c3055e5f8ba58b892b84dabfebe7225fa685f,0.300495565597285,0.20388471177944864,9.113010454639763,7.319501532565731,0.09874272907491788,0.31485022805400065
19,spearman,ET,134,157e7c3ac6a017d1c10dfcf0d56b01e758ce564d4e3cf0caac3f96b80686e0b3,0.3555762848517804,0.24634085213032583,8.998360086500236,7.167320970808751,0.1212774307941803,0.34967729341868403
19,spearman,GBR,134,157e7c3ac6a017d1c10dfcf0d56b01e758ce564d4e3cf0caac3f96b80686e0b3,0.36292783079894253,0.2460651629072682,8.910688968128408,7.109894432847059,0.1383168236923723,0.37211063415622336
19,spearman,XGB,134,157e7c3ac6a017d1c10dfcf0d56b01e758ce564d4e3cf0caac3f96b80686e0b3,0.36172219826373914,0.2453884711779449,8.969984050765046,7.135181398874404,0.12681073852170754,0.3582034166591308
19,mutual_info,ET,108,82c706542bbcb025428243f1a0e9c87833b28c8bfbe97833e506afcbcbd8f3bf,0.35142125888286807,0.24112781954887222,9.05942179969047,7.2064815216886045,0.10931117086058129,0.3331636579213569
19,mutual_info,GBR,108,82c706542bbcb025428243f1a0e9c87833b28c8bfbe97833e506afcbcbd8f3bf,0.34714041962762276,0.23674185463659148,9.047739399238669,7.199545666769142,0.11160683051310305,0.33731458439281026
19,mutual_info,XGB,108,82c706542bbcb025428243f1a0e9c87833b28c8bfbe97833e506afcbcbd8f3bf,0.3503765023531398,0.24012531328320805,8.994152251629215,7.1262170225265375,0.12209905938241883,0.35138370328987667
19,tree_importance,ET,112,5e11aeee553e5de22b5e1edbbabb4b768ab0cae6f593942311f4cd135251fbff,0.3596677479234246,0.24834586466165418,9.00115221999298,7.15988074279777,0.12073202222038493,0.3486370123337549
19,tree_importance,GBR,112,5e11aeee553e5de22b5e1edbbabb4b768ab0cae6f593942311f4cd135251fbff,0.36671722948268437,0.24957393483709278,8.932375130729755,7.151354895968255,0.13411752090901685,0.3669850553773518
19,tree_importance,XGB,112,5e11aeee553e5de22b5e1edbbabb4b768ab0cae6f593942311f4cd135251fbff,0.35707929424558904,0.2456641604010025,9.013390729993342,7.170388969244481,0.11833938508218533,0.34863375555932075
20,all,ET,1495,ebe73e1f92f5a1127352dc58b86c3055e5f8ba58b892b84dabfebe7225fa685f,0.3529679560497254,0.2410526315789474,9.100115737419674,7.271053738445659,0.0701875368265068,0.34728405031008924
20,all,GBR,1495,ebe73e1f92f5a1127352dc58b86c3055e5f8ba58b892b84dabfebe7225fa685f,0.24161926012037577,0.16270676691729327,9.28761657600779,7.4063256233117905,0.031476668005994024,0.2473569392179753
20,all,XGB,1495,ebe73e1f92f5a1127352dc58b86c3055e5f8ba58b892b84dabfebe7225fa685f,0.2839176494853093,0.19192982456140353,9.160674196888834,7.278460496732293,0.05777113066120232,0.28458165682761677
20,spearman,ET,129,febc298898e11389d0b3fae3eb3f62472d0bc580e43cd71343661ad7303d3747,0.3683136144600904,0.25581453634085216,8.904108345852544,7.047121924141802,0.10981063133408131,0.35937699395378453
20,spearman,GBR,129,febc298898e11389d0b3fae3eb3f62472d0bc580e43cd71343661ad7303d3747,0.30677272982956144,0.20929824561403512,9.066817160056253,7.25873792781827,0.07697971113656532,0.3225847573140628
20,spearman,XGB,129,febc298898e11389d0b3fae3eb3f62472d0bc580e43cd71343661ad7303d3747,0.2894699341870887,0.1961152882205514,9.12260343378408,7.37251489329999,0.06558645790681183,0.3056847680990723
20,mutual_info,ET,97,791e584d3296d91ceed71d453df5b36d68482a1ad2f4f57c4a0f90affd1db672,0.3660219751373446,0.25506265664160405,8.958029578312097,7.1113556823999,0.09899642179885249,0.3518303506053315
20,mutual_info,GBR,97,791e584d3296d91ceed71d453df5b36d68482a1ad2f4f57c4a0f90affd1db672,0.31573453584084904,0.21468671679197998,9.089225014167999,7.147280879397536,0.07241174387456584,0.321370224068728
20,mutual_info,XGB,97,791e584d3296d91ceed71d453df5b36d68482a1ad2f4f57c4a0f90affd1db672,0.31596797479984257,0.21814536340852134,9.048843040223849,7.118786486344649,0.08063568708707791,0.3265353942727421
20,tree_importance,ET,105,9985a0a3bccaaa8fdbf17b21cd9b0762ed5f5582507bdf5356c02266c855eee1,0.35670466690416813,0.2453884711779449,8.941728568800276,7.081894976228653,0.10227256740461321,0.3491436232487321
20,tree_importance,GBR,105,9985a0a3bccaaa8fdbf17b21cd9b0762ed5f5582507bdf5356c02266c855eee1,0.29798154988468684,0.20325814536340855,9.13678084507315,7.3167206969570975,0.06267986239432877,0.3008892755861714
20,tree_importance,XGB,105,9985a0a3bccaaa8fdbf17b21cd9b0762ed5f5582507bdf5356c02266c855eee1,0.30878667991674946,0.2104511278195489,9.050988388806656,7.2137921814950055,0.08019969969608443,0.3271281493017536
21,all,ET,1495,ebe73e1f92f5a1127352dc58b86c3055e5f8ba58b892b84dabfebe7225fa685f,0.35406971293570577,0.23932330827067672,9.160592930457161,7.382976763312185,0.08090704859331022,0.3421800026679416
21,all,GBR,1495,ebe73e1f92f5a1127352dc58b86c3055e5f8ba58b892b84dabfebe7225fa685f,0.278663304145651,0.18558897243107772,9.301295307865315,7.378419951735728,0.052456554107941256,0.25596619474926485
21,all,XGB,1495,ebe73e1f92f5a1127352dc58b86c3055e5f8ba58b892b84dabfebe7225fa685f,0.2907125044531528,0.19453634085213034,9.228015631319108,7.386694232007034,0.06732806449593576,0.27425722428485355
21,spearman,ET,130,8bfc6905cd4fd5f8e62c38571ceb6f78034d4adfb387235204fc24c7f3aa8388,0.40253239082744263,0.2784962406015038,8.886093665573458,7.016302425231411,0.13516344280471493,0.3786337124916975
21,spearman,GBR,130,8bfc6905cd4fd5f8e62c38571ceb6f78034d4adfb387235204fc24c7f3aa8388,0.3685052406577541,0.2563157894736842,8.981305791601725,6.985287757569649,0.11653116822911036,0.3535293259328357
21,spearman,XGB,130,8bfc6905cd4fd5f8e62c38571ceb6f78034d4adfb387235204fc24c7f3aa8388,0.35123150769692313,0.24100250626566422,9.038775131557848,7.023494724963662,0.10518876162119128,0.33808508767398293
21,mutual_info,ET,109,2aae30c2a5fb3d1319e82e8f57a8365fe2a675ffd45a2ab5b09d7a9e2d12fbfc,0.3884482403015018,0.26822055137844614,8.90833347211719,7.056441905581271,0.13082905982629056,0.37996494126997005
21,mutual_info,GBR,109,2aae30c2a5fb3d1319e82e8f57a8365fe2a675ffd45a2ab5b09d7a9e2d12fbfc,0.37819736373352336,0.2579197994987469,8.988947538996241,7.023831690497162,0.1150271290726711,0.3528169461648284
21,mutual_info,XGB,109,2aae30c2a5fb3d1319e82e8f57a8365fe2a675ffd45a2ab5b09d7a9e2d12fbfc,0.37954755967224785,0.26192982456140357,8.936879777641742,6.964717402970714,0.125249705824664,0.3645853257990309
21,tree_importance,ET,107,7cb7b5ce16e889589bb343a9f3c7bdc92e5aa6804629041cd8e44a149b4965d6,0.40185963662272894,0.2761904761904762,8.873136693689178,7.027067379085842,0.1376836713300592,0.38553718405623594
21,tree_importance,GBR,107,7cb7b5ce16e889589bb343a9f3c7bdc92e5aa6804629041cd8e44a149b4965d6,0.36869724185776154,0.25215538847117797,9.014289863681778,7.041540915129169,0.11003012935316647,0.34446466267716574
21,tree_importance,XGB,107,7cb7b5ce16e889589bb343a9f3c7bdc92e5aa6804629041cd8e44a149b4965d6,0.37162694766842286,0.2581453634085213,8.984727316403239,7.048836176823084,0.11585790614997149,0.36025844734864776
22,all,ET,1495,ebe73e1f92f5a1127352dc58b86c3055e5f8ba58b892b84dabfebe7225fa685f,0.2855768473552959,0.196140350877193,9.157165523627407,7.4570236498745235,0.06295132819939064,0.302241747419998
22,all,GBR,1495,ebe73e1f92f5a1127352dc58b86c3055e5f8ba58b892b84dabfebe7225fa685f,0.2528953930962068,0.17082706766917294,9.315353629409659,7.459156337828399,0.030297058785195397,0.24420169293709804
22,all,XGB,1495,ebe73e1f92f5a1127352dc58b86c3055e5f8ba58b892b84dabfebe7225fa685f,0.2675808598803743,0.18270676691729326,9.207058875002796,7.344022665418959,0.05271238135994938,0.26336996792816314
22,spearman,ET,138,22eefb055d13dfcd7b9712963972a38cbfe5ce8f53fdc5d675a0e0cd76677efd,0.322101513134457,0.22070175438596493,9.000174657079265,7.150869180286784,0.09480552341732951,0.3236934237809225
22,spearman,GBR,138,22eefb055d13dfcd7b9712963972a38cbfe5ce8f53fdc5d675a0e0cd76677efd,0.31364146025912665,0.2149122807017544,9.060779941571104,7.144132451440194,0.08257369964192507,0.31450568218293995
22,spearman,XGB,138,22eefb055d13dfcd7b9712963972a38cbfe5ce8f53fdc5d675a0e0cd76677efd,0.3113691335570847,0.21280701754385967,9.050145371976555,7.103838487159735,0.08472598860054048,0.31561078593033587
22,mutual_info,ET,110,7c670f33777bdce9d823b7e13e6394f46b5273196a21b477efeeebf1367ec69a,0.35718710741942133,0.24676691729323308,8.894208553902743,7.100346894877735,0.11599517022005568,0.36192651149038735
22,mutual_info,GBR,110,7c670f33777bdce9d823b7e13e6394f46b5273196a21b477efeeebf1367ec69a,0.25542928393302455,0.1741353383458647,9.313370240483428,7.412519108257654,0.03070994559578033,0.2501397863359514
22,mutual_info,XGB,110,7c670f33777bdce9d823b7e13e6394f46b5273196a21b477efeeebf1367ec69a,0.2971947949674685,0.2029072681704261,9.156047052891621,7.2535923412407435,0.06318021944499785,0.2888430454929465
22,tree_importance,ET,119,fdd141a0419302d2fa026803629a72a725f28236f051a824995be16d2c262bf6,0.3356353477209232,0.23105263157894737,8.957676575022013,7.106492363519407,0.1033338479921806,0.3353251371275713
22,tree_importance,GBR,119,fdd141a0419302d2fa026803629a72a725f28236f051a824995be16d2c262bf6,0.35900793129957065,0.24558897243107775,8.873812473200646,6.984946536544409,0.12004489772395244,0.36430465200380513
22,tree_importance,XGB,119,fdd141a0419302d2fa026803629a72a725f28236f051a824995be16d2c262bf6,0.323243957774736,0.2205263157894737,9.025306757915905,7.131030643998233,0.0897431324052943,0.3266181423589142
23,all,ET,1495,ebe73e1f92f5a1127352dc58b86c3055e5f8ba58b892b84dabfebe7225fa685f,0.3490686816792605,0.23576441102756893,9.83121144671367,8.13128015493881,0.08174491539852802,0.3418747032034423
23,all,GBR,1495,ebe73e1f92f5a1127352dc58b86c3055e5f8ba58b892b84dabfebe7225fa685f,0.30961112256951606,0.21330827067669175,9.773618065206808,7.956298331731689,0.09247207929754508,0.3054614020017269
23,all,XGB,1495,ebe73e1f92f5a1127352dc58b86c3055e5f8ba58b892b84dabfebe7225fa685f,0.3431127069544185,0.23478696741854638,9.684905249586505,7.885965035953621,0.1088721420756823,0.33411242501874155
23,spearman,ET,141,d93572c71aca541602aabead92ba70a46298e861525d1bec1ecccfa677a788bc,0.347144732154576,0.2354887218045113,9.646946903245636,7.887893756110572,0.11584370284266143,0.3431822490084676
23,spearman,GBR,141,d93572c71aca541602aabead92ba70a46298e861525d1bec1ecccfa677a788bc,0.36360939755873467,0.24258145363408526,9.648785233189212,7.8388344382106,0.11550669966887606,0.34368660288178654
23,spearman,XGB,141,d93572c71aca541602aabead92ba70a46298e861525d1bec1ecccfa677a788bc,0.3531580822380139,0.2393734335839599,9.664699763340323,7.779369778332339,0.1125865592474038,0.3392066831354013
23,mutual_info,ET,108,9a9a105fb5a263df930b2703eba39633a5016f2f96e5ff24b1c478559f462940,0.3502306264414152,0.2385964912280702,9.659999729177601,7.883883441635246,0.11344946433967762,0.3456559891487213
23,mutual_info,GBR,108,9a9a105fb5a263df930b2703eba39633a5016f2f96e5ff24b1c478559f462940,0.3557842236513978,0.2386466165413534,9.626142461658722,7.742538107341233,0.11965310362423842,0.3463741298938243
23,mutual_info,XGB,108,9a9a105fb5a263df930b2703eba39633a5016f2f96e5ff24b1c478559f462940,0.38910993193707455,0.26814536340852135,9.506987394171968,7.61500825202128,0.1413125725626111,0.3765468661954295
23,tree_importance,ET,119,615295fe4bd403322b61c5931352bbb4244d12c12d0893f7d424687fb50d06d9,0.3431185194907468,0.23466165413533835,9.647506919688817,7.903043620785424,0.11574104726851953,0.34409307863305605
23,tree_importance,GBR,119,615295fe4bd403322b61c5931352bbb4244d12c12d0893f7d424687fb50d06d9,0.3827697673110456,0.2617042606516291,9.491245355728841,7.656630186281969,0.14415391410243916,0.38092092910392394
23,tree_importance,XGB,119,615295fe4bd403322b61c5931352bbb4244d12c12d0893f7d424687fb50d06d9,0.4001556259726623,0.2704010025062657,9.420972111750293,7.60435716220326,0.156780377473825,0.39721480034025985
24,all,ET,1495,ebe73e1f92f5a1127352dc58b86c3055e5f8ba58b892b84dabfebe7225fa685f,0.38351977199857495,0.2591979949874687,9.126660949138001,7.386845762570204,0.09355536296910694,0.37023730490339485
24,all,GBR,1495,ebe73e1f92f5a1127352dc58b86c3055e5f8ba58b892b84dabfebe7225fa685f,0.2788286801792511,0.1879448621553885,9.28706018115792,7.435234547073014,0.061414221526164714,0.2600923276725716
24,all,XGB,1495,ebe73e1f92f5a1127352dc58b86c3055e5f8ba58b892b84dabfebe7225fa685f,0.3039830873942962,0.20411027568922308,9.15308964642074,7.318199070528803,0.08829805434704974,0.29876175221280515
24,spearman,ET,129,a67c14d7a090f2d320597aaaac7a6d54e01b3db4d3de58435904ac8cba93f7cd,0.40032137700860626,0.27511278195488725,8.870657953023272,7.027245767402587,0.14369374441300742,0.38970263152994067
24,spearman,GBR,129,a67c14d7a090f2d320597aaaac7a6d54e01b3db4d3de58435904ac8cba93f7cd,0.3575501096881855,0.245062656641604,8.995864081654593,7.098263555938165,0.11935024232861524,0.34657828917240024
24,spearman,XGB,129,a67c14d7a090f2d320597aaaac7a6d54e01b3db4d3de58435904ac8cba93f7cd,0.35342883393021207,0.24526315789473688,8.98043523699465,7.056481281886512,0.1223684640973921,0.35226293415348964
24,mutual_info,ET,108,696cd9f41c633c74346243aa7a0d9340ea9b114bbdacc1b5e4fafdfeb4833b2d,0.41118069487934295,0.28230576441102756,8.872690789386839,7.054412438436568,0.1433012301349471,0.40595705853463104
24,mutual_info,GBR,108,696cd9f41c633c74346243aa7a0d9340ea9b114bbdacc1b5e4fafdfeb4833b2d,0.36172294826842666,0.24664160401002508,8.998484376651575,7.11878205544482,0.11883714026217229,0.346748922574296
24,mutual_info,XGB,108,696cd9f41c633c74346243aa7a0d9340ea9b114bbdacc1b5e4fafdfeb4833b2d,0.36199463746648414,0.24446115288220555,8.961610583459962,7.116409668034788,0.12604396389400163,0.3563370790273002
24,tree_importance,ET,112,20353a970bc66381a41990259221b1d2c48bf05fd4ce69a946c3344174a762d1,0.3986404290026813,0.2737092731829574,8.90843745602364,7.051335343825895,0.13638431711735277,0.3803366866904294
24,tree_importance,GBR,112,20353a970bc66381a41990259221b1d2c48bf05fd4ce69a946c3344174a762d1,0.3834976468602928,0.26448621553884716,8.864034455012442,6.891320558424258,0.1449720318492861,0.38242485477528704
24,tree_importance,XGB,112,20353a970bc66381a41990259221b1d2c48bf05fd4ce69a946c3344174a762d1,0.40697091856824097,0.2830325814536341,8.80415447539512,6.852937075635177,0.15648510140043503,0.3969410676157799
25,all,ET,1495,ebe73e1f92f5a1127352dc58b86c3055e5f8ba58b892b84dabfebe7225fa685f,0.21898636866480414,0.1461904761904762,9.36639619666884,7.5758764637147396,0.04467063305115104,0.21554265865489938
25,all,GBR,1495,ebe73e1f92f5a1127352dc58b86c3055e5f8ba58b892b84dabfebe7225fa685f,0.20097594359964752,0.13528822055137846,9.567596822953165,7.643131231011799,0.0031867290755512867,0.18816613245407343
25,all,XGB,1495,ebe73e1f92f5a1127352dc58b86c3055e5f8ba58b892b84dabfebe7225fa685f,0.20717716985731158,0.13964912280701758,9.441806015058896,7.600052043562649,0.02922579852681606,0.2081552950313188
25,spearman,ET,136,e89a505bb1f83f86167920f87690bf182ac9b061cf62ee4aa1d4a8cf05666b1c,0.22973074831717696,0.15388471177944862,9.39530345763504,7.51768605045863,0.038764717919071545,0.22926599754401916
25,spearman,GBR,136,e89a505bb1f83f86167920f87690bf182ac9b061cf62ee4aa1d4a8cf05666b1c,0.2512249451559072,0.16837092731829575,9.363846005968043,7.520604525123885,0.04519077769472246,0.25444664408360373
25,spearman,XGB,136,e89a505bb1f83f86167920f87690bf182ac9b061cf62ee4aa1d4a8cf05666b1c,0.2798841242757767,0.18889724310776945,9.25597434984833,7.362534939336659,0.06706289932710985,0.28223630112028386
25,mutual_info,ET,121,8b93b13762efba0118d26b9e0757905b4893ebc330ef8fd8bf1f2cdf1c756892,0.2502465640410252,0.16671679197994987,9.30346951631668,7.462541939636931,0.05746397756142596,0.24721577105777395
25,mutual_info,GBR,121,8b93b13762efba0118d26b9e0757905b4893ebc330ef8fd8bf1f2cdf1c756892,0.24391427446421537,0.16518796992481205,9.391901503139321,7.475895873563916,0.03946070111345923,0.2558516256003015
25,mutual_info,XGB,121,8b93b13762efba0118d26b9e0757905b4893ebc330ef8fd8bf1f2cdf1c756892,0.27485571784823654,0.18558897243107772,9.308325872124014,7.369683570685779,0.05647972433475057,0.2725136847649353
25,tree_importance,ET,112,0f22d5c45fb889a0b85cc028043423facbcc9353ff96d84b8737c8928f37a943,0.22348489678060485,0.1491979949874687,9.41056549296911,7.5075501313684665,0.03563925795968492,0.22422224296991192
25,tree_importance,GBR,112,0f22d5c45fb889a0b85cc028043423facbcc9353ff96d84b8737c8928f37a943,0.3078767367296045,0.2050375939849624,9.192826333069386,7.382049789726991,0.07974922727576006,0.30389484953644874
25,tree_importance,XGB,112,0f22d5c45fb889a0b85cc028043423facbcc9353ff96d84b8737c8928f37a943,0.28985543659647867,0.19150375939849626,9.26209997809202,7.410280151542179,0.06582765024779991,0.28873911086672494
26,all,ET,1495,ebe73e1f92f5a1127352dc58b86c3055e5f8ba58b892b84dabfebe7225fa685f,0.36953499709373194,0.2528571428571429,9.402423800045463,7.525234976563906,0.08724578185048526,0.3692276497484668
26,all,GBR,1495,ebe73e1f92f5a1127352dc58b86c3055e5f8ba58b892b84dabfebe7225fa685f,0.27607841299008123,0.1892731829573935,9.444528313941056,7.510164003288073,0.07905276234988057,0.285007404462841
26,all,XGB,1495,ebe73e1f92f5a1127352dc58b86c3055e5f8ba58b892b84dabfebe7225fa685f,0.286387977424859,0.19416040100250628,9.42983234467963,7.486259001438465,0.08191657556029874,0.2875274542119057
26,spearman,ET,129,093287b22f31edc9ae41bacafa989b0dde0ca4a736127a7862a2293c3a8767ad,0.3975967974799843,0.26992481203007523,9.088287394103759,7.175820123741967,0.14721744455947372,0.3998624037986141
26,spearman,GBR,129,093287b22f31edc9ae41bacafa989b0dde0ca4a736127a7862a2293c3a8767ad,0.3592108075675473,0.24516290726817047,9.204955355554919,7.239103551707615,0.12518226921942188,0.3540116944726328
26,spearman,XGB,129,093287b22f31edc9ae41bacafa989b0dde0ca4a736127a7862a2293c3a8767ad,0.3585766786042413,0.2428822055137845,9.169840233452858,7.234779429128812,0.13184405867930482,0.3631071714462971
26,mutual_info,ET,100,a1487464d744902f1bd1058b60a78b698ab2e6c2ebc511d12643681c7741131c,0.397477734235839,0.2736340852130326,9.127056714368129,7.219076828471907,0.13992623181480934,0.40401370709796847
26,mutual_info,GBR,100,a1487464d744902f1bd1058b60a78b698ab2e6c2ebc511d12643681c7741131c,0.34867249170307313,0.23749373433583962,9.26312739969563,7.347339816610531,0.1140902569661546,0.33825827805846953
26,mutual_info,XGB,100,a1487464d744902f1bd1058b60a78b698ab2e6c2ebc511d12643681c7741131c,0.3597481859261621,0.2415538847117795,9.217331769462298,7.297176671926407,0.122828236062264,0.3507774165908933
26,tree_importance,ET,112,e81317806837f5d73c7c8bf7e52d1407720b0fb5e7e22d12cad3ca49c7837111,0.3920593253707836,0.2680451127819549,9.140374180467644,7.209248759183859,0.1374144999412943,0.39062862687459377
26,tree_importance,GBR,112,e81317806837f5d73c7c8bf7e52d1407720b0fb5e7e22d12cad3ca49c7837111,0.3356764104775656,0.2290726817042607,9.338946397148582,7.3388518454127984,0.0995285058438432,0.31879049010125626
26,tree_importance,XGB,112,e81317806837f5d73c7c8bf7e52d1407720b0fb5e7e22d12cad3ca49c7837111,0.38209157557234735,0.261203007518797,9.119558601195592,7.167373208115294,0.141338797041636,0.37597114060945536
27,all,ET,1495,ebe73e1f92f5a1127352dc58b86c3055e5f8ba58b892b84dabfebe7225fa685f,0.36957230982693645,0.2467919799498747,8.717383339450281,6.932318152798551,0.0750931676365918,0.34368311186777667
27,all,GBR,1495,ebe73e1f92f5a1127352dc58b86c3055e5f8ba58b892b84dabfebe7225fa685f,0.2790883693023082,0.18626566416040102,8.90298243646213,7.082881350409981,0.03529010611681471,0.2577319443168277
27,all,XGB,1495,ebe73e1f92f5a1127352dc58b86c3055e5f8ba58b892b84dabfebe7225fa685f,0.33299176869855435,0.22032581453634087,8.689440167238525,6.87491794116893,0.08101315708345758,0.30711043099337015
27,spearman,ET,128,75ab7fafa656d443246f543c82207830b4410d6745e8fb389d5946e0b920ffa6,0.3939540247126546,0.2678446115288221,8.440793691176466,6.657118017677282,0.13285390992853596,0.3807042907376701
27,spearman,GBR,128,75ab7fafa656d443246f543c82207830b4410d6745e8fb389d5946e0b920ffa6,0.4078086738042114,0.277092731829574,8.282194671186108,6.603887348304296,0.16513439753960146,0.4167708606037298
27,spearman,XGB,128,75ab7fafa656d443246f543c82207830b4410d6745e8fb389d5946e0b920ffa6,0.413766898543116,0.2793233082706767,8.31964941485861,6.600383290373918,0.15756626272855767,0.40818743554570536
27,mutual_info,ET,102,9cb0fd30bac2b15c646cd7a1e6a1247a9278c367ef70bf204b8c73cecca30ee3,0.4340847130294565,0.2960902255639098,8.385567357590272,6.613332913525569,0.14416389716204325,0.4102078895982158
27,mutual_info,GBR,102,9cb0fd30bac2b15c646cd7a1e6a1247a9278c367ef70bf204b8c73cecca30ee3,0.3618781992387453,0.24586466165413537,8.68938459217342,6.829275861199876,0.08102491217683949,0.33117070795469095
27,mutual_info,XGB,102,9cb0fd30bac2b15c646cd7a1e6a1247a9278c367ef70bf204b8c73cecca30ee3,0.3752170326064538,0.2547368421052632,8.577778964199485,6.717480531345789,0.10447976961217098,0.3533631360166981
27,tree_importance,ET,107,e33d2c0e04727895e6398202f1b4d47c7f83c59a2a55131d805abad245b0291b,0.39421240132750834,0.27065162907268175,8.459548921758405,6.6448636834746955,0.12899607521911438,0.37506723956546417
27,tree_importance,GBR,107,e33d2c0e04727895e6398202f1b4d47c7f83c59a2a55131d805abad245b0291b,0.42100800630003943,0.28340852130325817,8.361649273287012,6.534657972271159,0.14903912290099253,0.40240956584428605
27,tree_importance,XGB,107,e33d2c0e04727895e6398202f1b4d47c7f83c59a2a55131d805abad245b0291b,0.39244107775673603,0.26335839598997496,8.422057627633064,6.653847852146332,0.1366992527196439,0.3828803327931716
28,all,ET,1495,ebe73e1f92f5a1127352dc58b86c3055e5f8ba58b892b84dabfebe7225fa685f,0.3886196163726024,0.26135338345864667,9.559494645502188,7.7254057117658395,0.08792953949545612,0.3858337953041308
28,all,GBR,1495,ebe73e1f92f5a1127352dc58b86c3055e5f8ba58b892b84dabfebe7225fa685f,0.3123388896180601,0.2079949874686717,9.517864735264174,7.675120743236395,0.0958560539750073,0.3127225570247996
28,all,XGB,1495,ebe73e1f92f5a1127352dc58b86c3055e5f8ba58b892b84dabfebe7225fa685f,0.3196405602535015,0.21626566416040102,9.47890497648122,7.633564281959289,0.10324282333538537,0.3262061550797438
28,spearman,ET,138,49ab087633f20eca3faa22f57c1f9a43cebb62e3361c244571445103b4eee70a,0.4063823523897024,0.27588972431077696,9.248681424281953,7.3593585853443,0.14627467970290708,0.402975317234734
28,spearman,GBR,138,49ab087633f20eca3faa22f57c1f9a43cebb62e3361c244571445103b4eee70a,0.3587606172538579,0.23939849624060153,9.395409805249026,7.507358556351528,0.11897145982182344,0.3500437433475223
28,spearman,XGB,138,49ab087633f20eca3faa22f57c1f9a43cebb62e3361c244571445103b4eee70a,0.41142575891099314,0.277593984962406,9.210753138225433,7.330256675872761,0.15326247434524276,0.3992493593323012
28,mutual_info,ET,111,8a545f7874a8339681011136ea418e9765807c1d8996436c1e8f036e3172920f,0.4199973749835936,0.28844611528822056,9.240192088828564,7.382106392837837,0.14784122395721233,0.4249855664746448
28,mutual_info,GBR,111,8a545f7874a8339681011136ea418e9765807c1d8996436c1e8f036e3172920f,0.3944882155513472,0.26832080200501257,9.230806755771406,7.3500955045249725,0.14957143305762388,0.3971170446472231
28,mutual_info,XGB,111,8a545f7874a8339681011136ea418e9765807c1d8996436c1e8f036e3172920f,0.42968706054412836,0.29406015037593985,9.081906501234357,7.253426631083195,0.17678632768663538,0.43051661272823216
28,tree_importance,ET,103,8cc2e4618b620192f6ef32e4bb8c61649fbd69d5d5c4adf33e1d243c9c5456da,0.41751654697841856,0.2829573934837093,9.217850162516378,7.35159317540873,0.15195712355968904,0.4137198255229952
28,tree_importance,GBR,103,8cc2e4618b620192f6ef32e4bb8c61649fbd69d5d5c4adf33e1d243c9c5456da,0.44762154763467277,0.3059147869674186,9.070024875804862,7.18509815907236,0.17893889737221058,0.4309853744212532
28,tree_importance,XGB,103,8cc2e4618b620192f6ef32e4bb8c61649fbd69d5d5c4adf33e1d243c9c5456da,0.43490484315526967,0.2956390977443609,9.105577459186211,7.228324014699456,0.1724895094850697,0.41944312004246587
29,all,ET,1495,ebe73e1f92f5a1127352dc58b86c3055e5f8ba58b892b84dabfebe7225fa685f,0.34536872105450656,0.23581453634085214,9.348363139209477,7.538026209042007,0.083247198311306,0.329429560136156
29,all,GBR,1495,ebe73e1f92f5a1127352dc58b86c3055e5f8ba58b892b84dabfebe7225fa685f,0.23056925355783472,0.15596491228070178,9.624832818218193,7.7610355478062205,0.028221052108717837,0.22849168769166778
29,all,XGB,1495,ebe73e1f92f5a1127352dc58b86c3055e5f8ba58b892b84dabfebe7225fa685f,0.2736000225001407,0.18320802005012532,9.407952475891653,7.600794012866686,0.0715226213852348,0.2770977814911301
29,spearman,ET,126,bd525bbcdd4b73fa396c9c911f991f69b41d5c116c2f9ca47697fa4c464650b6,0.38596066225413905,0.26471177944862156,9.047998458612545,7.225318619228587,0.14121167215762043,0.38217375158605693
29,spearman,GBR,126,bd525bbcdd4b73fa396c9c911f991f69b41d5c116c2f9ca47697fa4c464650b6,0.32712316951980946,0.2228320802005013,9.203553720080095,7.387141919653219,0.11142886655536421,0.3435448588948965
29,spearman,XGB,126,bd525bbcdd4b73fa396c9c911f991f69b41d5c116c2f9ca47697fa4c464650b6,0.36982862392889954,0.25020050125313287,9.109444482340862,7.325165398755349,0.12950779999284912,0.36247201074203556
29,mutual_info,ET,102,50dbba3532608584e4c6b8d64c19c5101c259ff9adf692484510e7e8ac45f485,0.4094539965874786,0.2834586466165414,9.026650170704075,7.202087060827743,0.14525942523662128,0.39459520678668575
29,mutual_info,GBR,102,50dbba3532608584e4c6b8d64c19c5101c259ff9adf692484510e7e8ac45f485,0.3782749892186825,0.25754385964912285,9.137030086637518,7.26642025858541,0.12422769491283925,0.3570437288965607
29,mutual_info,XGB,102,50dbba3532608584e4c6b8d64c19c5101c259ff9adf692484510e7e8ac45f485,0.4180826130163313,0.28576441102756894,8.927473175313276,7.103507492618779,0.16393853820974846,0.406433757499744
29,tree_importance,ET,107,fcd709fcb41f485393dfebf67bba0bc48adca2b73ffac4bfe760da8531813cbf,0.4056522228263926,0.27929824561403516,8.994273722354002,7.173114611468288,0.1513799316217347,0.3975019458320205
29,tree_importance,GBR,107,fcd709fcb41f485393dfebf67bba0bc48adca2b73ffac4bfe760da8531813cbf,0.3813867586672417,0.26395989974937345,9.08801316253714,7.2111582597885135,0.13359890598644752,0.3714875936377881
29,tree_importance,XGB,107,fcd709fcb41f485393dfebf67bba0bc48adca2b73ffac4bfe760da8531813cbf,0.35461234132713326,0.2453884711779449,9.166900036452745,7.254643369258489,0.11849234473493009,0.3520223272052818
30,all,ET,1495,ebe73e1f92f5a1127352dc58b86c3055e5f8ba58b892b84dabfebe7225fa685f,0.3288547428421428,0.22147869674185466,8.966857239567336,7.310713622619828,0.07671146794940009,0.33098799396890316
30,all,GBR,1495,ebe73e1f92f5a1127352dc58b86c3055e5f8ba58b892b84dabfebe7225fa685f,0.21427933924587028,0.1430325814536341,9.242106264442793,7.450727975211322,0.019158470810012318,0.21739068121851107
30,all,XGB,1495,ebe73e1f92f5a1127352dc58b86c3055e5f8ba58b892b84dabfebe7225fa685f,0.24156582228638931,0.16195488721804513,9.092235452141665,7.344758106802703,0.05071137313910756,0.2440103366758305
30,spearman,ET,138,e6b94b024af4c91058f347cb4f3b301c149ddf5866be96a64570ad0fda6f4945,0.3274651716573229,0.22167919799498748,8.830336024296173,7.047368894821566,0.10461174992850863,0.32849688221568907
30,spearman,GBR,138,e6b94b024af4c91058f347cb4f3b301c149ddf5866be96a64570ad0fda6f4945,0.3331273320458253,0.22568922305764413,8.84296891783073,7.024962201143016,0.10204798892408862,0.32868507455474777
30,spearman,XGB,138,e6b94b024af4c91058f347cb4f3b301c149ddf5866be96a64570ad0fda6f4945,0.301873886711792,0.2011528822055138,8.95671204394679,7.120835712381226,0.07879952256953449,0.305304870981814
30,mutual_info,ET,115,8e2c4dac2d1d1956091ce14e82e73738bb542fb019c5b21db0b88bcac006f6cb,0.33653179082369267,0.23017543859649128,8.81771991977358,7.0620253669242485,0.10716844586164531,0.3372462006903131
30,mutual_info,GBR,115,8e2c4dac2d1d1956091ce14e82e73738bb542fb019c5b21db0b88bcac006f6cb,0.29475709223182645,0.2016541353383459,8.968856057946887,7.148410463977625,0.07629979823536259,0.2981451920201768
30,mutual_info,XGB,115,8e2c4dac2d1d1956091ce14e82e73738bb542fb019c5b21db0b88bcac006f6cb,0.30030431440196503,0.20568922305764414,8.95817084689393,7.074146201536781,0.07849942150500222,0.30268152679446425
30,tree_importance,ET,114,1072d74aa981ff565bccae61a858ae1d6f34cf02bc56091554e57b038f141c48,0.3293326833292708,0.22468671679198,8.820498531611674,7.0459413359561855,0.10660566472903465,0.3320145298228443
30,tree_importance,GBR,114,1072d74aa981ff565bccae61a858ae1d6f34cf02bc56091554e57b038f141c48,0.31603397521234516,0.21313283208020053,8.8944654439905,7.12673940758737,0.09155919228421994,0.3163446756128381
30,tree_importance,XGB,114,1072d74aa981ff565bccae61a858ae1d6f34cf02bc56091554e57b038f141c48,0.3442369639810249,0.2336340852130326,8.78956877745305,6.988465346505921,0.11286019090480048,0.3506684057145534
