generation,n_parents,n_proposed,n_rejected,n_new_scored,n_cumulative_scored,best_pred_gbsa,best_candidate_id,seconds,temperature,accepted,accepted_worse
1,16,16,0,16,32,11.89343094312116,cea7958a9ce709a9,0.014,3.3348155931612258,12,6
2,16,16,0,16,48,11.89343094312116,cea7958a9ce709a9,0.014,3.1340364681876207,13,9
3,16,16,0,16,64,11.89343094312116,cea7958a9ce709a9,0.02,2.945345644920363,10,3
4,16,16,0,16,80,11.89343094312116,cea7958a9ce709a9,0.015,2.7680153234043394,14,10
5,16,16,0,16,96,11.89343094312116,cea7958a9ce709a9,0.022,2.6013615223107016,10,6
6,16,16,0,16,112,11.89343094312116,cea7958a9ce709a9,0.016,2.444741440750378,9,3
7,16,16,0,16,128,11.89343094312116,cea7958a9ce709a9,0.016,2.2975509789247903,12,7
8,16,16,0,16,144,11.89343094312116,cea7958a9ce709a9,0.02,2.1592224080506566,10,5
9,16,16,0,16,160,11.89343094312116,cea7958a9ce709a9,0.014,2.029222180571556,14,7
10,16,16,0,16,176,11.89343094312116,cea7958a9ce709a9,0.02,1.907048872210007,9,4
11,16,16,0,16,192,11.89343094312116,cea7958a9ce709a9,0.014,1.7922312479223437,10,7
12,16,16,0,16,208,11.89343094312116,cea7958a9ce709a9,0.019,1.684326444296579,12,3
13,16,16,0,16,224,11.89343094312116,cea7958a9ce709a9,0.02,1.5829182613825734,10,4
14,16,16,0,16,240,11.89343094312116,cea7958a9ce709a9,0.016,1.4876155573659293,11,3
15,16,16,0,16,256,9.526488495184775,3e6e57bcd6f9bfb8,0.015,1.398050739893693,7,1
16,16,16,0,16,272,9.526488495184775,3e6e57bcd6f9bfb8,0.013,1.3138783482327587,7,5
17,16,16,0,16,288,9.526488495184775,3e6e57bcd6f9bfb8,0.014,1.2347737207922136,9,3
18,16,16,0,16,304,9.526488495184775,3e6e57bcd6f9bfb8,0.014,1.1604317428701147,5,2
19,16,16,0,16,320,9.526488495184775,3e6e57bcd6f9bfb8,0.018,1.090565669794633,7,4
20,16,16,0,16,336,9.526488495184775,3e6e57bcd6f9bfb8,0.017,1.0249060209202991,10,6
21,16,16,0,16,352,8.552547110854425,0bdf35f2af3601be,0.015,0.9631995402133737,8,4
22,16,16,0,16,368,7.379280418265708,12274f0e0c09f5cc,0.019,0.9052082194172225,9,3
23,16,16,0,16,384,7.379280418265708,12274f0e0c09f5cc,0.014,0.8507083800299361,8,1
24,16,16,0,16,400,6.1745060967432766,f5f8d86b8b1f9472,0.014,0.799489810553292,7,1
25,16,16,0,16,416,6.1745060967432766,f5f8d86b8b1f9472,0.016,0.7513549556853387,8,3
26,16,16,0,16,432,6.1745060967432766,f5f8d86b8b1f9472,0.019,0.7061181543292312,6,1
27,16,16,0,16,448,6.1745060967432766,f5f8d86b8b1f9472,0.017,0.663604923479244,6,2
28,16,16,0,16,464,6.1745060967432766,f5f8d86b8b1f9472,0.015,0.6236512852218324,4,3
29,16,16,0,16,480,6.1745060967432766,f5f8d86b8b1f9472,0.022,0.5861031342559179,3,1
30,16,16,0,16,496,6.1745060967432766,f5f8d86b8b1f9472,0.021,0.5508156434928563,6,2
31,16,16,0,16,512,6.1745060967432766,f5f8d86b8b1f9472,0.019,0.5176527054434292,4,1
32,16,16,0,16,528,6.1745060967432766,f5f8d86b8b1f9472,0.016,0.48648640723722836,7,3
33,16,16,0,16,544,6.1745060967432766,f5f8d86b8b1f9472,0.015,0.4571965372495294,3,0
34,16,16,0,16,560,6.1745060967432766,f5f8d86b8b1f9472,0.016,0.42967012143266375,6,2
35,16,16,0,16,576,6.1745060967432766,f5f8d86b8b1f9472,0.025,0.403800987563473,6,2
36,16,16,0,16,592,6.1745060967432766,f5f8d86b8b1f9472,0.016,0.3794893557260983,4,0
37,16,16,0,16,608,6.1745060967432766,f5f8d86b8b1f9472,0.015,0.3566414534505618,2,0
38,16,16,0,16,624,6.1745060967432766,f5f8d86b8b1f9472,0.015,0.3351691540226825,3,0
39,16,16,0,16,640,6.1745060967432766,f5f8d86b8b1f9472,0.016,0.3149896365702571,2,0
40,16,16,0,16,656,6.1745060967432766,f5f8d86b8b1f9472,0.016,0.2960250666144176,0,0
41,16,16,0,16,672,6.1745060967432766,f5f8d86b8b1f9472,0.016,0.27820229585402484,4,2
42,16,16,0,16,688,6.1745060967432766,f5f8d86b8b1f9472,0.02,0.26145258002512956,4,0
43,16,16,0,16,704,6.1745060967432766,f5f8d86b8b1f9472,0.016,0.24571131374726166,4,1
44,16,16,0,16,720,6.1745060967432766,f5f8d86b8b1f9472,0.014,0.23091778133381727,3,0
45,16,16,0,16,736,6.1745060967432766,f5f8d86b8b1f9472,0.016,0.2170149226053981,2,1
46,16,16,0,16,752,6.1745060967432766,f5f8d86b8b1f9472,0.015,0.20394911280281686,3,0
47,16,16,0,16,768,6.1745060967432766,f5f8d86b8b1f9472,0.017,0.19166995575087464,2,0
48,16,16,0,16,784,6.1745060967432766,f5f8d86b8b1f9472,0.015,0.18013008947511747,3,0
49,16,16,0,16,800,6.1745060967432766,f5f8d86b8b1f9472,0.02,0.16928500352181972,1,0
50,16,16,0,16,816,6.1745060967432766,f5f8d86b8b1f9472,0.014,0.1590928672765753,2,0
51,16,16,0,16,832,6.1745060967432766,f5f8d86b8b1f9472,0.014,0.14951436861930686,2,2
52,16,16,0,16,848,6.1745060967432766,f5f8d86b8b1f9472,0.021,0.1405125622933658,2,0
53,16,16,0,16,864,6.1745060967432766,f5f8d86b8b1f9472,0.022,0.1320527274038697,6,1
54,16,16,0,16,880,6.1745060967432766,f5f8d86b8b1f9472,0.014,0.12410223349563118,1,0
55,16,16,0,16,896,6.1745060967432766,f5f8d86b8b1f9472,0.013,0.11663041469412957,1,0
56,16,16,0,16,912,6.1745060967432766,f5f8d86b8b1f9472,0.014,0.10960845142407118,0,0
57,16,16,0,16,928,6.1745060967432766,f5f8d86b8b1f9472,0.019,0.10300925924931728,4,0
58,16,16,0,16,944,6.1745060967432766,f5f8d86b8b1f9472,0.018,0.09680738440542172,3,0
59,16,16,0,16,960,6.150741114773896,de9c8bdd48be655b,0.015,0.09097890562183812,4,0
60,16,16,0,16,976,6.150741114773896,de9c8bdd48be655b,0.014,0.08550134185511328,0,0
61,16,16,0,16,992,6.150741114773896,de9c8bdd48be655b,0.015,0.0803535655771856,2,0
62,16,16,0,16,1008,6.150741114773896,de9c8bdd48be655b,0.017,0.07551572128433129,2,0
63,16,16,0,16,1024,6.150741114773896,de9c8bdd48be655b,0.019,0.07096914891244015,1,0
