method,feature,selected_seeds,frequency
all,mut_p127_A,2,1.0
all,mut_p127_C,2,1.0
all,mut_p127_G,2,1.0
all,mut_p127_U,2,1.0
all,mut_p128_A,2,1.0
all,mut_p128_C,2,1.0
all,mut_p128_G,2,1.0
all,mut_p128_U,2,1.0
all,mut_p129_A,2,1.0
all,mut_p129_C,2,1.0
all,mut_p129_G,2,1.0
all,mut_p129_U,2,1.0
all,mut_p130_A,2,1.0
all,mut_p130_C,2,1.0
all,mut_p130_G,2,1.0
all,mut_p130_U,2,1.0
all,mut_p131_A,2,1.0
all,mut_p131_C,2,1.0
all,mut_p131_G,2,1.0
all,mut_p131_U,2,1.0
all,mut_p30_A,2,1.0
all,mut_p30_C,2,1.0
all,mut_p30_G,2,1.0
all,mut_p30_U,2,1.0
all,mut_p31_A,2,1.0
all,mut_p31_C,2,1.0
all,mut_p31_G,2,1.0
all,mut_p31_U,2,1.0
all,mut_p32_A,2,1.0
all,mut_p32_C,2,1.0
all,mut_p32_G,2,1.0
all,mut_p32_U,2,1.0
all,mut_p33_A,2,1.0
all,mut_p33_C,2,1.0
all,mut_p33_G,2,1.0
all,mut_p33_U,2,1.0
all,mut_p89_A,2,1.0
all,mut_p89_C,2,1.0
all,mut_p89_G,2,1.0
all,mut_p89_U,2,1.0
all,mut_p90_A,2,1.0
all,mut_p90_C,2,1.0
all,mut_p90_G,2,1.0
all,mut_p90_U,2,1.0
all,mut_p91_A,2,1.0
all,mut_p91_C,2,1.0
all,mut_p91_G,2,1.0
all,mut_p91_U,2,1.0
all,mut_p92_A,2,1.0
all,mut_p92_C,2,1.0
all,mut_p92_G,2,1.0
all,mut_p92_U,2,1.0
all,struct_broken_pairs,2,1.0
all,struct_loop_mut,2,1.0
all,struct_p127_is_loop,2,1.0
all,struct_p127_is_stem,2,1.0
all,struct_p127_mut_in_stem,2,1.0
all,struct_p128_is_loop,2,1.0
all,struct_p128_is_stem,2,1.0
all,struct_p128_mut_in_stem,2,1.0
all,struct_p129_is_loop,2,1.0
all,struct_p129_is_stem,2,1.0
all,struct_p129_mut_in_stem,2,1.0
all,struct_p130_is_loop,2,1.0
all,struct_p130_is_stem,2,1.0
all,struct_p130_mut_in_stem,2,1.0
all,struct_p131_is_loop,2,1.0
all,struct_p131_is_stem,2,1.0
all,struct_p131_mut_in_stem,2,1.0
all,struct_p30_is_loop,2,1.0
all,struct_p30_is_stem,2,1.0
all,struct_p30_mut_in_stem,2,1.0
all,struct_p31_is_loop,2,1.0
all,struct_p31_is_stem,2,1.0
all,struct_p31_mut_in_stem,2,1.0
all,struct_p32_is_loop,2,1.0
all,struct_p32_is_stem,2,1.0
all,struct_p32_mut_in_stem,2,1.0
all,struct_p33_is_loop,2,1.0
all,struct_p33_is_stem,2,1.0
all,struct_p33_mut_in_stem,2,1.0
all,struct_p89_is_loop,2,1.0
all,struct_p89_is_stem,2,1.0
all,struct_p89_mut_in_stem,2,1.0
all,struct_p90_is_loop,2,1.0
all,struct_p90_is_stem,2,1.0
all,struct_p90_mut_in_stem,2,1.0
all,struct_p91_is_loop,2,1.0
all,struct_p91_is_stem,2,1.0
all,struct_p91_mut_in_stem,2,1.0
all,struct_p92_is_loop,2,1.0
all,struct_p92_is_stem,2,1.0
all,struct_p92_mut_in_stem,2,1.0
all,struct_stem_mut,2,1.0
all,struct_total_mut,2,1.0
all,wd_p127_AA,2,1.0
all,wd_p127_AC,2,1.0
all,wd_p127_AG,2,1.0
all,wd_p127_AU,2,1.0
all,wd_p127_CA,2,1.0
all,wd_p127_CC,2,1.0
all,wd_p127_CG,2,1.0
all,wd_p127_CU,2,1.0
all,wd_p127_GA,2,1.0
all,wd_p127_GC,2,1.0
all,wd_p127_GG,2,1.0
all,wd_p127_GU,2,1.0
all,wd_p127_UA,2,1.0
all,wd_p127_UC,2,1.0
all,wd_p127_UG,2,1.0
all,wd_p127_UU,2,1.0
all,wd_p128_AA,2,1.0
all,wd_p128_AC,2,1.0
all,wd_p128_AG,2,1.0
all,wd_p128_AU,2,1.0
all,wd_p128_CA,2,1.0
all,wd_p128_CC,2,1.0
all,wd_p128_CG,2,1.0
all,wd_p128_CU,2,1.0
all,wd_p128_GA,2,1.0
all,wd_p128_GC,2,1.0
all,wd_p128_GG,2,1.0
all,wd_p128_GU,2,1.0
all,wd_p128_UA,2,1.0
all,wd_p128_UC,2,1.0
all,wd_p128_UG,2,1.0
all,wd_p128_UU,2,1.0
all,wd_p129_AA,2,1.0
all,wd_p129_AC,2,1.0
all,wd_p129_AG,2,1.0
all,wd_p129_AU,2,1.0
all,wd_p129_CA,2,1.0
all,wd_p129_CC,2,1.0
all,wd_p129_CG,2,1.0
all,wd_p129_CU,2,1.0
all,wd_p129_GA,2,1.0
all,wd_p129_GC,2,1.0
all,wd_p129_GG,2,1.0
all,wd_p129_GU,2,1.0
all,wd_p129_UA,2,1.0
all,wd_p129_UC,2,1.0
all,wd_p129_UG,2,1.0
all,wd_p129_UU,2,1.0
all,wd_p130_AA,2,1.0
all,wd_p130_AC,2,1.0
all,wd_p130_AG,2,1.0
all,wd_p130_AU,2,1.0
all,wd_p130_CA,2,1.0
all,wd_p130_CC,2,1.0
all,wd_p130_CG,2,1.0
all,wd_p130_CU,2,1.0
all,wd_p130_GA,2,1.0
all,wd_p130_GC,2,1.0
all,wd_p130_GG,2,1.0
all,wd_p130_GU,2,1.0
all,wd_p130_UA,2,1.0
all,wd_p130_UC,2,1.0
all,wd_p130_UG,2,1.0
all,wd_p130_UU,2,1.0
all,wd_p131_AA,2,1.0
all,wd_p131_AC,2,1.0
all,wd_p131_AG,2,1.0
all,wd_p131_AU,2,1.0
all,wd_p131_CA,2,1.0
all,wd_p131_CC,2,1.0
all,wd_p131_CG,2,1.0
all,wd_p131_CU,2,1.0
all,wd_p131_GA,2,1.0
all,wd_p131_GC,2,1.0
all,wd_p131_GG,2,1.0
all,wd_p131_GU,2,1.0
all,wd_p131_UA,2,1.0
all,wd_p131_UC,2,1.0
all,wd_p131_UG,2,1.0
all,wd_p131_UU,2,1.0
all,wd_p30_AA,2,1.0
all,wd_p30_AC,2,1.0
all,wd_p30_AG,2,1.0
all,wd_p30_AU,2,1.0
all,wd_p30_CA,2,1.0
all,wd_p30_CC,2,1.0
all,wd_p30_CG,2,1.0
all,wd_p30_CU,2,1.0
all,wd_p30_GA,2,1.0
all,wd_p30_GC,2,1.0
all,wd_p30_GG,2,1.0
all,wd_p30_GU,2,1.0
all,wd_p30_UA,2,1.0
all,wd_p30_UC,2,1.0
all,wd_p30_UG,2,1.0
all,wd_p30_UU,2,1.0
all,wd_p31_AA,2,1.0
all,wd_p31_AC,2,1.0
all,wd_p31_AG,2,1.0
all,wd_p31_AU,2,1.0
all,wd_p31_CA,2,1.0
all,wd_p31_CC,2,1.0
all,wd_p31_CG,2,1.0
all,wd_p31_CU,2,1.0
all,wd_p31_GA,2,1.0
all,wd_p31_GC,2,1.0
all,wd_p31_GG,2,1.0
all,wd_p31_GU,2,1.0
all,wd_p31_UA,2,1.0
all,wd_p31_UC,2,1.0
all,wd_p31_UG,2,1.0
all,wd_p31_UU,2,1.0
all,wd_p32_AA,2,1.0
all,wd_p32_AC,2,1.0
all,wd_p32_AG,2,1.0
all,wd_p32_AU,2,1.0
all,wd_p32_CA,2,1.0
all,wd_p32_CC,2,1.0
all,wd_p32_CG,2,1.0
all,wd_p32_CU,2,1.0
all,wd_p32_GA,2,1.0
all,wd_p32_GC,2,1.0
all,wd_p32_GG,2,1.0
all,wd_p32_GU,2,1.0
all,wd_p32_UA,2,1.0
all,wd_p32_UC,2,1.0
all,wd_p32_UG,2,1.0
all,wd_p32_UU,2,1.0
all,wd_p33_AA,2,1.0
all,wd_p33_AC,2,1.0
all,wd_p33_AG,2,1.0
all,wd_p33_AU,2,1.0
all,wd_p33_CA,2,1.0
all,wd_p33_CC,2,1.0
all,wd_p33_CG,2,1.0
all,wd_p33_CU,2,1.0
all,wd_p33_GA,2,1.0
all,wd_p33_GC,2,1.0
all,wd_p33_GG,2,1.0
all,wd_p33_GU,2,1.0
all,wd_p33_UA,2,1.0
all,wd_p33_UC,2,1.0
all,wd_p33_UG,2,1.0
all,wd_p33_UU,2,1.0
all,wd_p89_AA,2,1.0
all,wd_p89_AC,2,1.0
all,wd_p89_AG,2,1.0
all,wd_p89_AU,2,1.0
all,wd_p89_CA,2,1.0
all,wd_p89_CC,2,1.0
all,wd_p89_CG,2,1.0
all,wd_p89_CU,2,1.0
all,wd_p89_GA,2,1.0
all,wd_p89_GC,2,1.0
all,wd_p89_GG,2,1.0
all,wd_p89_GU,2,1.0
all,wd_p89_UA,2,1.0
all,wd_p89_UC,2,1.0
all,wd_p89_UG,2,1.0
all,wd_p89_UU,2,1.0
all,wd_p90_AA,2,1.0
all,wd_p90_AC,2,1.0
all,wd_p90_AG,2,1.0
all,wd_p90_AU,2,1.0
all,wd_p90_CA,2,1.0
all,wd_p90_CC,2,1.0
all,wd_p90_CG,2,1.0
all,wd_p90_CU,2,1.0
all,wd_p90_GA,2,1.0
all,wd_p90_GC,2,1.0
all,wd_p90_GG,2,1.0
all,wd_p90_GU,2,1.0
all,wd_p90_UA,2,1.0
all,wd_p90_UC,2,1.0
all,wd_p90_UG,2,1.0
all,wd_p90_UU,2,1.0
all,wd_p91_AA,2,1.0
all,wd_p91_AC,2,1.0
all,wd_p91_AG,2,1.0
all,wd_p91_AU,2,1.0
all,wd_p91_CA,2,1.0
all,wd_p91_CC,2,1.0
all,wd_p91_CG,2,1.0
all,wd_p91_CU,2,1.0
all,wd_p91_GA,2,1.0
all,wd_p91_GC,2,1.0
all,wd_p91_GG,2,1.0
all,wd_p91_GU,2,1.0
all,wd_p91_UA,2,1.0
all,wd_p91_UC,2,1.0
all,wd_p91_UG,2,1.0
all,wd_p91_UU,2,1.0
all,wd_p92_AA,2,1.0
all,wd_p92_AC,2,1.0
all,wd_p92_AG,2,1.0
all,wd_p92_AU,2,1.0
all,wd_p92_CA,2,1.0
all,wd_p92_CC,2,1.0
all,wd_p92_CG,2,1.0
all,wd_p92_CU,2,1.0
all,wd_p92_GA,2,1.0
all,wd_p92_GC,2,1.0
all,wd_p92_GG,2,1.0
all,wd_p92_GU,2,1.0
all,wd_p92_UA,2,1.0
all,wd_p92_UC,2,1.0
all,wd_p92_UG,2,1.0
all,wd_p92_UU,2,1.0
spearman,mut_p127_A,2,1.0
spearman,mut_p127_C,2,1.0
spearman,mut_p127_G,2,1.0
spearman,mut_p127_U,2,1.0
spearman,mut_p128_A,2,1.0
spearman,mut_p128_C,2,1.0
spearman,mut_p128_G,2,1.0
spearman,mut_p128_U,2,1.0
spearman,mut_p129_A,2,1.0
spearman,mut_p129_C,2,1.0
spearman,mut_p129_G,2,1.0
spearman,mut_p129_U,2,1.0
spearman,mut_p130_A,2,1.0
spearman,mut_p130_C,2,1.0
spearman,mut_p130_G,2,1.0
spearman,mut_p130_U,2,1.0
spearman,mut_p131_A,2,1.0
spearman,mut_p131_C,2,1.0
spearman,mut_p131_G,2,1.0
spearman,mut_p131_U,2,1.0
spearman,mut_p30_A,2,1.0
spearman,mut_p30_C,2,1.0
spearman,mut_p30_G,2,1.0
spearman,mut_p30_U,2,1.0
spearman,mut_p31_A,2,1.0
spearman,mut_p31_C,2,1.0
spearman,mut_p31_G,2,1.0
spearman,mut_p31_U,2,1.0
spearman,mut_p32_A,2,1.0
spearman,mut_p32_C,2,1.0
spearman,mut_p32_G,2,1.0
spearman,mut_p32_U,2,1.0
spearman,mut_p33_A,2,1.0
spearman,mut_p33_C,2,1.0
spearman,mut_p33_G,2,1.0
spearman,mut_p33_U,2,1.0
spearman,mut_p89_A,2,1.0
spearman,mut_p89_C,2,1.0
spearman,mut_p89_G,2,1.0
spearman,mut_p89_U,2,1.0
spearman,mut_p90_A,2,1.0
spearman,mut_p90_C,2,1.0
spearman,mut_p90_G,2,1.0
spearman,mut_p90_U,2,1.0
spearman,mut_p91_A,2,1.0
spearman,mut_p91_C,2,1.0
spearman,mut_p91_G,2,1.0
spearman,mut_p91_U,2,1.0
spearman,mut_p92_A,2,1.0
spearman,mut_p92_C,2,1.0
spearman,mut_p92_G,2,1.0
spearman,mut_p92_U,2,1.0
spearman,struct_broken_pairs,2,1.0
spearman,struct_loop_mut,2,1.0
spearman,struct_p31_mut_in_stem,2,1.0
spearman,struct_p32_mut_in_stem,2,1.0
spearman,struct_stem_mut,2,1.0
spearman,wd_p127_AU,2,1.0
spearman,wd_p127_CC,2,1.0
spearman,wd_p127_CG,2,1.0
spearman,wd_p127_GA,2,1.0
spearman,wd_p127_GC,2,1.0
spearman,wd_p127_GU,2,1.0
spearman,wd_p128_AU,2,1.0
spearman,wd_p128_CC,2,1.0
spearman,wd_p128_CG,2,1.0
spearman,wd_p128_GA,2,1.0
spearman,wd_p128_GC,2,1.0
spearman,wd_p128_GU,2,1.0
spearman,wd_p129_AU,2,1.0
spearman,wd_p129_CC,2,1.0
spearman,wd_p129_CG,2,1.0
spearman,wd_p129_GA,2,1.0
spearman,wd_p129_GC,2,1.0
spearman,wd_p129_GU,2,1.0
spearman,wd_p130_AU,2,1.0
spearman,wd_p130_CC,2,1.0
spearman,wd_p130_CG,2,1.0
spearman,wd_p130_GA,2,1.0
spearman,wd_p130_GC,2,1.0
spearman,wd_p130_GU,2,1.0
spearman,wd_p131_AU,2,1.0
spearman,wd_p131_CC,2,1.0
spearman,wd_p131_CG,2,1.0
spearman,wd_p131_GA,2,1.0
spearman,wd_p131_GC,2,1.0
spearman,wd_p131_GU,2,1.0
spearman,wd_p30_AA,2,1.0
spearman,wd_p30_AG,2,1.0
spearman,wd_p30_CC,2,1.0
spearman,wd_p30_CU,2,1.0
spearman,wd_p30_GA,2,1.0
spearman,wd_p30_UC,2,1.0
spearman,wd_p30_UU,2,1.0
spearman,wd_p31_AA,2,1.0
spearman,wd_p31_AG,2,1.0
spearman,wd_p31_CC,2,1.0
spearman,wd_p31_CU,2,1.0
spearman,wd_p31_GA,2,1.0
spearman,wd_p31_UC,2,1.0
spearman,wd_p31_UU,2,1.0
spearman,wd_p32_AA,2,1.0
spearman,wd_p32_AG,2,1.0
spearman,wd_p32_CC,2,1.0
spearman,wd_p32_CU,2,1.0
spearman,wd_p32_GA,2,1.0
spearman,wd_p32_UC,2,1.0
spearman,wd_p32_UU,2,1.0
spearman,wd_p33_AA,2,1.0
spearman,wd_p33_AG,2,1.0
spearman,wd_p33_CC,2,1.0
spearman,wd_p33_CU,2,1.0
spearman,wd_p33_GA,2,1.0
spearman,wd_p33_UC,2,1.0
spearman,wd_p33_UU,2,1.0
spearman,wd_p89_AC,2,1.0
spearman,wd_p89_CU,2,1.0
spearman,wd_p89_GU,2,1.0
spearman,wd_p89_UG,2,1.0
spearman,wd_p89_UU,2,1.0
spearman,wd_p90_AC,2,1.0
spearman,wd_p90_CU,2,1.0
spearman,wd_p90_GU,2,1.0
spearman,wd_p90_UG,2,1.0
spearman,wd_p90_UU,2,1.0
spearman,wd_p91_AC,2,1.0
spearman,wd_p91_CU,2,1.0
spearman,wd_p91_GU,2,1.0
spearman,wd_p91_UG,2,1.0
spearman,wd_p91_UU,2,1.0
spearman,wd_p92_AC,2,1.0
spearman,wd_p92_CU,2,1.0
spearman,wd_p92_GU,2,1.0
spearman,wd_p92_UG,2,1.0
spearman,wd_p92_UU,2,1.0
spearman,struct_total_mut,1,0.5
spearman,wd_p127_UA,1,0.5
spearman,wd_p127_UC,1,0.5
spearman,wd_p127_UG,1,0.5
spearman,wd_p127_UU,1,0.5
spearman,wd_p128_UA,1,0.5
spearman,wd_p128_UC,1,0.5
spearman,wd_p128_UG,1,0.5
spearman,wd_p128_UU,1,0.5
spearman,wd_p129_UA,1,0.5
spearman,wd_p129_UC,1,0.5
spearman,wd_p129_UG,1,0.5
spearman,wd_p129_UU,1,0.5
spearman,wd_p130_UA,1,0.5
spearman,wd_p130_UC,1,0.5
spearman,wd_p130_UG,1,0.5
spearman,wd_p130_UU,1,0.5
spearman,wd_p131_UA,1,0.5
spearman,wd_p131_UC,1,0.5
spearman,wd_p131_UG,1,0.5
spearman,wd_p131_UU,1,0.5
spearman,wd_p30_CA,1,0.5
spearman,wd_p30_CG,1,0.5
spearman,wd_p31_CA,1,0.5
spearman,wd_p31_CG,1,0.5
spearman,wd_p32_CA,1,0.5
spearman,wd_p32_CG,1,0.5
spearman,wd_p33_CA,1,0.5
spearman,wd_p33_CG,1,0.5
spearman,wd_p89_AA,1,0.5
spearman,wd_p89_AG,1,0.5
spearman,wd_p89_CA,1,0.5
spearman,wd_p89_GG,1,0.5
spearman,wd_p89_UC,1,0.5
spearman,wd_p90_AA,1,0.5
spearman,wd_p90_AG,1,0.5
spearman,wd_p90_CA,1,0.5
spearman,wd_p90_GG,1,0.5
spearman,wd_p90_UC,1,0.5
spearman,wd_p91_AA,1,0.5
spearman,wd_p91_AG,1,0.5
spearman,wd_p91_CA,1,0.5
spearman,wd_p91_GG,1,0.5
spearman,wd_p91_UC,1,0.5
spearman,wd_p92_AA,1,0.5
spearman,wd_p92_AG,1,0.5
spearman,wd_p92_CA,1,0.5
spearman,wd_p92_GG,1,0.5
spearman,wd_p92_UC,1,0.5
tree_importance,mut_p127_A,2,1.0
tree_importance,mut_p127_C,2,1.0
tree_importance,mut_p127_G,2,1.0
tree_importance,mut_p127_U,2,1.0
tree_importance,mut_p128_A,2,1.0
tree_importance,mut_p128_C,2,1.0
tree_importance,mut_p128_G,2,1.0
tree_importance,mut_p128_U,2,1.0
tree_importance,mut_p129_A,2,1.0
tree_importance,mut_p129_C,2,1.0
tree_importance,mut_p129_G,2,1.0
tree_importance,mut_p129_U,2,1.0
tree_importance,mut_p130_A,2,1.0
tree_importance,mut_p130_C,2,1.0
tree_importance,mut_p130_G,2,1.0
tree_importance,mut_p130_U,2,1.0
tree_importance,mut_p131_A,2,1.0
tree_importance,mut_p131_C,2,1.0
tree_importance,mut_p131_G,2,1.0
tree_importance,mut_p131_U,2,1.0
tree_importance,mut_p30_A,2,1.0
tree_importance,mut_p30_C,2,1.0
tree_importance,mut_p30_G,2,1.0
tree_importance,mut_p30_U,2,1.0
tree_importance,mut_p31_A,2,1.0
tree_importance,mut_p31_C,2,1.0
tree_importance,mut_p31_G,2,1.0
tree_importance,mut_p31_U,2,1.0
tree_importance,mut_p32_A,2,1.0
tree_importance,mut_p32_C,2,1.0
tree_importance,mut_p32_G,2,1.0
tree_importance,mut_p32_U,2,1.0
tree_importance,mut_p33_A,2,1.0
tree_importance,mut_p33_C,2,1.0
tree_importance,mut_p33_G,2,1.0
tree_importance,mut_p33_U,2,1.0
tree_importance,mut_p89_A,2,1.0
tree_importance,mut_p89_C,2,1.0
tree_importance,mut_p89_G,2,1.0
tree_importance,mut_p89_U,2,1.0
tree_importance,mut_p90_A,2,1.0
tree_importance,mut_p90_C,2,1.0
tree_importance,mut_p90_G,2,1.0
tree_importance,mut_p90_U,2,1.0
tree_importance,mut_p91_A,2,1.0
tree_importance,mut_p91_C,2,1.0
tree_importance,mut_p91_G,2,1.0
tree_importance,mut_p91_U,2,1.0
tree_importance,mut_p92_A,2,1.0
tree_importance,mut_p92_C,2,1.0
tree_importance,mut_p92_G,2,1.0
tree_importance,mut_p92_U,2,1.0
tree_importance,struct_broken_pairs,2,1.0
tree_importance,struct_loop_mut,2,1.0
tree_importance,struct_p127_mut_in_stem,2,1.0
tree_importance,struct_p129_mut_in_stem,2,1.0
tree_importance,struct_p30_mut_in_stem,2,1.0
tree_importance,struct_p31_mut_in_stem,2,1.0
tree_importance,struct_p32_mut_in_stem,2,1.0
tree_importance,struct_stem_mut,2,1.0
tree_importance,wd_p127_AU,2,1.0
tree_importance,wd_p127_CG,2,1.0
tree_importance,wd_p127_GA,2,1.0
tree_importance,wd_p127_GC,2,1.0
tree_importance,wd_p127_GU,2,1.0
tree_importance,wd_p127_UG,2,1.0
tree_importance,wd_p128_AU,2,1.0
tree_importance,wd_p128_GA,2,1.0
tree_importance,wd_p128_GC,2,1.0
tree_importance,wd_p128_GU,2,1.0
tree_importance,wd_p129_AU,2,1.0
tree_importance,wd_p129_GA,2,1.0
tree_importance,wd_p129_GC,2,1.0
tree_importance,wd_p129_GU,2,1.0
tree_importance,wd_p129_UG,2,1.0
tree_importance,wd_p130_AG,2,1.0
tree_importance,wd_p130_AU,2,1.0
tree_importance,wd_p130_GA,2,1.0
tree_importance,wd_p130_GC,2,1.0
tree_importance,wd_p130_GU,2,1.0
tree_importance,wd_p130_UG,2,1.0
tree_importance,wd_p131_GA,2,1.0
tree_importance,wd_p131_GC,2,1.0
tree_importance,wd_p131_GU,2,1.0
tree_importance,wd_p30_AA,2,1.0
tree_importance,wd_p30_AC,2,1.0
tree_importance,wd_p30_AG,2,1.0
tree_importance,wd_p30_AU,2,1.0
tree_importance,wd_p30_CA,2,1.0
tree_importance,wd_p30_CC,2,1.0
tree_importance,wd_p30_CU,2,1.0
tree_importance,wd_p30_GA,2,1.0
tree_importance,wd_p30_UC,2,1.0
tree_importance,wd_p31_AA,2,1.0
tree_importance,wd_p31_AC,2,1.0
tree_importance,wd_p31_AG,2,1.0
tree_importance,wd_p31_CC,2,1.0
tree_importance,wd_p31_GA,2,1.0
tree_importance,wd_p31_UC,2,1.0
tree_importance,wd_p32_AA,2,1.0
tree_importance,wd_p32_AG,2,1.0
tree_importance,wd_p32_AU,2,1.0
tree_importance,wd_p32_CA,2,1.0
tree_importance,wd_p32_CC,2,1.0
tree_importance,wd_p32_CU,2,1.0
tree_importance,wd_p32_GA,2,1.0
tree_importance,wd_p32_GC,2,1.0
tree_importance,wd_p33_AA,2,1.0
tree_importance,wd_p33_AG,2,1.0
tree_importance,wd_p33_AU,2,1.0
tree_importance,wd_p33_CA,2,1.0
tree_importance,wd_p33_CC,2,1.0
tree_importance,wd_p33_CU,2,1.0
tree_importance,wd_p33_GA,2,1.0
tree_importance,wd_p33_UC,2,1.0
tree_importance,wd_p89_GG,2,1.0
tree_importance,wd_p90_GU,2,1.0
tree_importance,wd_p92_GC,2,1.0
tree_importance,wd_p92_GU,2,1.0
tree_importance,wd_p127_AG,1,0.5
tree_importance,wd_p127_UA,1,0.5
tree_importance,wd_p128_AG,1,0.5
tree_importance,wd_p128_CG,1,0.5
tree_importance,wd_p128_GG,1,0.5
tree_importance,wd_p128_UA,1,0.5
tree_importance,wd_p128_UG,1,0.5
tree_importance,wd_p129_AG,1,0.5
tree_importance,wd_p129_CG,1,0.5
tree_importance,wd_p129_UC,1,0.5
tree_importance,wd_p130_CC,1,0.5
tree_importance,wd_p130_CG,1,0.5
tree_importance,wd_p130_UA,1,0.5
tree_importance,wd_p131_AG,1,0.5
tree_importance,wd_p131_AU,1,0.5
tree_importance,wd_p131_CC,1,0.5
tree_importance,wd_p131_CG,1,0.5
tree_importance,wd_p131_GG,1,0.5
tree_importance,wd_p131_UC,1,0.5
tree_importance,wd_p30_GC,1,0.5
tree_importance,wd_p31_AU,1,0.5
tree_importance,wd_p31_CU,1,0.5
tree_importance,wd_p31_GC,1,0.5
tree_importance,wd_p32_AC,1,0.5
tree_importance,wd_p32_CG,1,0.5
tree_importance,wd_p32_UC,1,0.5
tree_importance,wd_p33_AC,1,0.5
tree_importance,wd_p33_GC,1,0.5
tree_importance,wd_p33_UA,1,0.5
tree_importance,wd_p89_CA,1,0.5
tree_importance,wd_p89_GA,1,0.5
tree_importance,wd_p89_GU,1,0.5
tree_importance,wd_p89_UG,1,0.5
tree_importance,wd_p90_AC,1,0.5
tree_importance,wd_p90_AU,1,0.5
tree_importance,wd_p90_GA,1,0.5
tree_importance,wd_p90_GG,1,0.5
tree_importance,wd_p90_UG,1,0.5
tree_importance,wd_p90_UU,1,0.5
tree_importance,wd_p91_AU,1,0.5
tree_importance,wd_p91_CU,1,0.5
tree_importance,wd_p91_GG,1,0.5
tree_importance,wd_p91_GU,1,0.5
tree_importance,wd_p91_UC,1,0.5
tree_importance,wd_p91_UG,1,0.5
tree_importance,wd_p91_UU,1,0.5
tree_importance,wd_p92_AC,1,0.5
tree_importance,wd_p92_CU,1,0.5
