seed,combo,model,gbsa_Sp,dims_full
1,seq_303d,XGB,0.312547,303
1,seq_303d,GBR,0.316697,303
1,seq_303d+nupack_192d,XGB,0.324115,495
1,seq_303d+nupack_192d,GBR,0.319786,495
1,seq+nupack+rna_270d,XGB,0.322047,573
1,seq+nupack+rna_270d,GBR,0.353256,573
2,seq_303d,XGB,0.349176,303
2,seq_303d,GBR,0.29968,303
2,seq_303d+nupack_192d,XGB,0.341014,495
2,seq_303d+nupack_192d,GBR,0.305067,495
2,seq+nupack+rna_270d,XGB,0.354872,573
2,seq+nupack+rna_270d,GBR,0.353959,573
3,seq_303d,XGB,0.361998,303
3,seq_303d,GBR,0.32938,303
3,seq_303d+nupack_192d,XGB,0.394917,495
3,seq_303d+nupack_192d,GBR,0.349925,495
3,seq+nupack+rna_270d,XGB,0.382077,573
3,seq+nupack+rna_270d,GBR,0.364562,573
4,seq_303d,XGB,0.368664,303
4,seq_303d,GBR,0.379437,303
4,seq_303d+nupack_192d,XGB,0.378276,495
4,seq_303d+nupack_192d,GBR,0.39623,495
4,seq+nupack+rna_270d,XGB,0.371848,573
4,seq+nupack+rna_270d,GBR,0.415209,573
5,seq_303d,XGB,0.377616,303
5,seq_303d,GBR,0.337482,303
5,seq_303d+nupack_192d,XGB,0.365438,495
5,seq_303d+nupack_192d,GBR,0.343724,495
5,seq+nupack+rna_270d,XGB,0.364231,573
5,seq+nupack+rna_270d,GBR,0.363508,573
6,seq_303d,XGB,0.369098,303
6,seq_303d,GBR,0.347108,303
6,seq_303d+nupack_192d,XGB,0.365011,495
6,seq_303d+nupack_192d,GBR,0.352647,495
6,seq+nupack+rna_270d,XGB,0.346752,573
6,seq+nupack+rna_270d,GBR,0.375417,573
7,seq_303d,XGB,0.387568,303
7,seq_303d,GBR,0.384017,303
7,seq_303d+nupack_192d,XGB,0.410604,495
7,seq_303d+nupack_192d,GBR,0.37042,495
7,seq+nupack+rna_270d,XGB,0.363292,573
7,seq+nupack+rna_270d,GBR,0.381431,573
8,seq_303d,XGB,0.339816,303
8,seq_303d,GBR,0.346069,303
8,seq_303d+nupack_192d,XGB,0.373002,495
8,seq_303d+nupack_192d,GBR,0.347594,495
8,seq+nupack+rna_270d,XGB,0.345971,573
8,seq+nupack+rna_270d,GBR,0.358146,573
9,seq_303d,XGB,0.390251,303
9,seq_303d,GBR,0.378346,303
9,seq_303d+nupack_192d,XGB,0.350915,495
9,seq_303d+nupack_192d,GBR,0.355944,495
9,seq+nupack+rna_270d,XGB,0.324033,573
9,seq+nupack+rna_270d,GBR,0.377917,573
10,seq_303d,XGB,0.441984,303
10,seq_303d,GBR,0.438985,303
10,seq_303d+nupack_192d,XGB,0.431258,495
10,seq_303d+nupack_192d,GBR,0.438385,495
10,seq+nupack+rna_270d,XGB,0.426919,573
10,seq+nupack+rna_270d,GBR,0.435873,573
11,seq_303d,XGB,0.33171,303
11,seq_303d,GBR,0.354954,303
11,seq_303d+nupack_192d,XGB,0.329686,495
11,seq_303d+nupack_192d,GBR,0.316278,495
11,seq+nupack+rna_270d,XGB,0.354761,573
11,seq+nupack+rna_270d,GBR,0.33322,573
12,seq_303d,XGB,0.417027,303
12,seq_303d,GBR,0.374313,303
12,seq_303d+nupack_192d,XGB,0.418509,495
12,seq_303d+nupack_192d,GBR,0.380103,495
12,seq+nupack+rna_270d,XGB,0.386466,573
12,seq+nupack+rna_270d,GBR,0.382995,573
13,seq_303d,XGB,0.401278,303
13,seq_303d,GBR,0.433656,303
13,seq_303d+nupack_192d,XGB,0.444119,495
13,seq_303d+nupack_192d,GBR,0.420813,495
13,seq+nupack+rna_270d,XGB,0.419905,573
13,seq+nupack+rna_270d,GBR,0.462431,573
14,seq_303d,XGB,0.43544,303
14,seq_303d,GBR,0.376008,303
14,seq_303d+nupack_192d,XGB,0.404681,495
14,seq_303d+nupack_192d,GBR,0.370711,495
14,seq+nupack+rna_270d,XGB,0.35114,573
14,seq+nupack+rna_270d,GBR,0.372837,573
15,seq_303d,XGB,0.388864,303
15,seq_303d,GBR,0.379927,303
15,seq_303d+nupack_192d,XGB,0.383338,495
15,seq_303d+nupack_192d,GBR,0.353879,495
15,seq+nupack+rna_270d,XGB,0.380824,573
15,seq+nupack+rna_270d,GBR,0.375289,573
16,seq_303d,XGB,0.297197,303
16,seq_303d,GBR,0.334278,303
16,seq_303d+nupack_192d,XGB,0.3037,495
16,seq_303d+nupack_192d,GBR,0.319374,495
16,seq+nupack+rna_270d,XGB,0.253241,573
16,seq+nupack+rna_270d,GBR,0.30414,573
17,seq_303d,XGB,0.40075,303
17,seq_303d,GBR,0.430032,303
17,seq_303d+nupack_192d,XGB,0.43228,495
17,seq_303d+nupack_192d,GBR,0.40856,495
17,seq+nupack+rna_270d,XGB,0.421977,573
17,seq+nupack+rna_270d,GBR,0.431418,573
18,seq_303d,XGB,0.387927,303
18,seq_303d,GBR,0.374455,303
18,seq_303d+nupack_192d,XGB,0.399369,495
18,seq_303d+nupack_192d,GBR,0.384782,495
18,seq+nupack+rna_270d,XGB,0.404284,573
18,seq+nupack+rna_270d,GBR,0.391242,573
19,seq_303d,XGB,0.405884,303
19,seq_303d,GBR,0.406055,303
19,seq_303d+nupack_192d,XGB,0.407343,495
19,seq_303d+nupack_192d,GBR,0.381069,495
19,seq+nupack+rna_270d,XGB,0.38272,573
19,seq+nupack+rna_270d,GBR,0.366483,573
20,seq_303d,XGB,0.367893,303
20,seq_303d,GBR,0.363318,303
20,seq_303d+nupack_192d,XGB,0.335764,495
20,seq_303d+nupack_192d,GBR,0.352495,495
20,seq+nupack+rna_270d,XGB,0.320095,573
20,seq+nupack+rna_270d,GBR,0.336902,573
21,seq_303d,XGB,0.408514,303
21,seq_303d,GBR,0.407124,303
21,seq_303d+nupack_192d,XGB,0.413416,495
21,seq_303d+nupack_192d,GBR,0.400931,495
21,seq+nupack+rna_270d,XGB,0.400855,573
21,seq+nupack+rna_270d,GBR,0.394912,573
22,seq_303d,XGB,0.351861,303
22,seq_303d,GBR,0.336105,303
22,seq_303d+nupack_192d,XGB,0.371595,495
22,seq_303d+nupack_192d,GBR,0.344382,495
22,seq+nupack+rna_270d,XGB,0.362283,573
22,seq+nupack+rna_270d,GBR,0.337295,573
23,seq_303d,XGB,0.414833,303
23,seq_303d,GBR,0.40333,303
23,seq_303d+nupack_192d,XGB,0.410748,495
23,seq_303d+nupack_192d,GBR,0.410728,495
23,seq+nupack+rna_270d,XGB,0.429049,573
23,seq+nupack+rna_270d,GBR,0.427362,573
24,seq_303d,XGB,0.418481,303
24,seq_303d,GBR,0.395897,303
24,seq_303d+nupack_192d,XGB,0.421649,495
24,seq_303d+nupack_192d,GBR,0.393678,495
24,seq+nupack+rna_270d,XGB,0.414977,573
24,seq+nupack+rna_270d,GBR,0.409629,573
25,seq_303d,XGB,0.327334,303
25,seq_303d,GBR,0.294631,303
25,seq_303d+nupack_192d,XGB,0.315417,495
25,seq_303d+nupack_192d,GBR,0.297042,495
25,seq+nupack+rna_270d,XGB,0.314065,573
25,seq+nupack+rna_270d,GBR,0.325535,573
26,seq_303d,XGB,0.427641,303
26,seq_303d,GBR,0.40426,303
26,seq_303d+nupack_192d,XGB,0.427552,495
26,seq_303d+nupack_192d,GBR,0.388024,495
26,seq+nupack+rna_270d,XGB,0.412741,573
26,seq+nupack+rna_270d,GBR,0.393978,573
27,seq_303d,XGB,0.438981,303
27,seq_303d,GBR,0.433617,303
27,seq_303d+nupack_192d,XGB,0.413111,495
27,seq_303d+nupack_192d,GBR,0.385899,495
27,seq+nupack+rna_270d,XGB,0.439796,573
27,seq+nupack+rna_270d,GBR,0.427982,573
28,seq_303d,XGB,0.431982,303
28,seq_303d,GBR,0.412078,303
28,seq_303d+nupack_192d,XGB,0.42857,495
28,seq_303d+nupack_192d,GBR,0.41325,495
28,seq+nupack+rna_270d,XGB,0.435311,573
28,seq+nupack+rna_270d,GBR,0.451904,573
29,seq_303d,XGB,0.411181,303
29,seq_303d,GBR,0.375205,303
29,seq_303d+nupack_192d,XGB,0.40682,495
29,seq_303d+nupack_192d,GBR,0.369744,495
29,seq+nupack+rna_270d,XGB,0.406776,573
29,seq+nupack+rna_270d,GBR,0.407664,573
30,seq_303d,XGB,0.360603,303
30,seq_303d,GBR,0.374392,303
30,seq_303d+nupack_192d,XGB,0.345382,495
30,seq_303d+nupack_192d,GBR,0.377402,495
30,seq+nupack+rna_270d,XGB,0.363342,573
30,seq+nupack+rna_270d,GBR,0.379263,573
