model,seed,gbsa_Sp,gbsa_Kendall,gbsa_RMSE,gbsa_MAE,Hybrid_Sp,NUPACK_direct_Sp,Hybrid_delta_vs_NUPACK,n_train,n_test,feature_set
RF,1,0.325624,0.223158,10.0177,7.4788,0.922904,0.895655,0.027249,1600,400,mutation_only
RF,2,0.353641,0.239499,9.5213,7.32,0.890569,0.852552,0.038017,1600,400,mutation_only
RF,3,0.366458,0.247669,9.5447,7.5147,0.920548,0.893125,0.027423,1600,400,mutation_only
RF,4,0.358043,0.243434,10.3186,7.8582,0.921998,0.896019,0.025978,1600,400,mutation_only
RF,5,0.361519,0.245739,9.1276,7.1068,0.930082,0.909274,0.020807,1600,400,mutation_only
RF,6,0.373418,0.257393,10.7851,7.7906,0.908205,0.875995,0.03221,1600,400,mutation_only
RF,7,0.404892,0.273358,10.0237,7.2138,0.928195,0.90547,0.022726,1600,400,mutation_only
RF,8,0.344122,0.235439,10.4503,7.8229,0.913786,0.884218,0.029568,1600,400,mutation_only
RF,9,0.378529,0.259549,8.8028,6.9761,0.906281,0.874159,0.032122,1600,400,mutation_only
RF,10,0.436473,0.297143,10.1536,7.5192,0.930173,0.897976,0.032197,1600,400,mutation_only
RF,11,0.340722,0.229649,10.3765,7.7099,0.924246,0.899332,0.024914,1600,400,mutation_only
RF,12,0.392125,0.267895,11.0227,7.6192,0.926692,0.893822,0.03287,1600,400,mutation_only
RF,13,0.40016,0.27396,9.8531,7.749,0.914663,0.8794,0.035263,1600,400,mutation_only
RF,14,0.371214,0.254511,9.9204,7.6432,0.913746,0.875855,0.037892,1600,400,mutation_only
RF,15,0.330828,0.226466,9.8176,7.6365,0.896315,0.863506,0.032809,1600,400,mutation_only
RF,16,0.271516,0.18401,10.1099,7.3935,0.909137,0.876683,0.032455,1600,400,mutation_only
RF,17,0.395222,0.269474,10.2559,7.7057,0.928328,0.911271,0.017057,1600,400,mutation_only
RF,18,0.381012,0.259549,10.6292,7.5074,0.910611,0.876251,0.03436,1600,400,mutation_only
RF,19,0.386017,0.265113,9.4586,7.4117,0.911022,0.877956,0.033065,1600,400,mutation_only
RF,20,0.348622,0.239799,9.2099,7.335,0.927162,0.8921,0.035062,1600,400,mutation_only
RF,21,0.430936,0.298571,9.4676,7.3236,0.921908,0.882084,0.039824,1600,400,mutation_only
RF,22,0.391285,0.267494,10.2649,7.5565,0.915634,0.878757,0.036877,1600,400,mutation_only
RF,23,0.428425,0.292256,10.9169,8.2738,0.929698,0.901793,0.027905,1600,400,mutation_only
RF,24,0.415411,0.282732,9.6636,7.3962,0.918577,0.887136,0.031441,1600,400,mutation_only
RF,25,0.25824,0.171303,10.4407,7.9406,0.891049,0.86926,0.021789,1600,400,mutation_only
RF,26,0.428921,0.296591,9.6901,7.5492,0.925918,0.901345,0.024573,1600,400,mutation_only
RF,27,0.450695,0.306617,9.4501,7.0285,0.938504,0.910608,0.027895,1600,400,mutation_only
RF,28,0.425133,0.289223,10.1254,7.9086,0.912045,0.876742,0.035303,1600,400,mutation_only
RF,29,0.384092,0.262907,9.9473,7.7079,0.914908,0.87625,0.038658,1600,400,mutation_only
RF,30,0.379614,0.260401,9.1487,7.2648,0.885266,0.846806,0.038459,1600,400,mutation_only
RF,31,0.391642,0.267318,9.3771,7.4659,0.921997,0.891906,0.030091,1600,400,mutation_only
RF,32,0.333582,0.231028,9.9178,7.4614,0.899628,0.882421,0.017206,1600,400,mutation_only
RF,33,0.394313,0.269123,9.4314,7.1731,0.901495,0.874827,0.026668,1600,400,mutation_only
RF,34,0.302831,0.206692,8.8721,6.8472,0.914099,0.895797,0.018301,1600,400,mutation_only
RF,35,0.360011,0.244812,8.701,6.9458,0.92446,0.906936,0.017524,1600,400,mutation_only
RF,36,0.378924,0.260827,8.8372,6.8898,0.9331,0.909971,0.023129,1600,400,mutation_only
RF,37,0.377598,0.261078,9.1057,7.2312,0.908285,0.884549,0.023737,1600,400,mutation_only
RF,38,0.360596,0.24386,10.1523,7.859,0.902947,0.870171,0.032776,1600,400,mutation_only
RF,39,0.322889,0.220977,9.6848,7.5389,0.924819,0.900366,0.024452,1600,400,mutation_only
RF,40,0.40462,0.27416,9.9185,7.3223,0.899203,0.85154,0.047662,1600,400,mutation_only
RF,41,0.38608,0.262932,10.1804,7.9094,0.898167,0.859335,0.038832,1600,400,mutation_only
RF,42,0.364511,0.245664,9.3611,7.3392,0.916661,0.888125,0.028536,1600,400,mutation_only
RF,43,0.325148,0.223484,9.7224,7.702,0.890991,0.862379,0.028613,1600,400,mutation_only
RF,44,0.308471,0.212231,10.0052,7.2403,0.918641,0.89312,0.025521,1600,400,mutation_only
RF,45,0.321914,0.217744,9.8513,7.5551,0.92244,0.912826,0.009614,1600,400,mutation_only
RF,46,0.381376,0.257218,9.1601,7.1588,0.931448,0.905819,0.02563,1600,400,mutation_only
RF,47,0.234878,0.158446,9.4584,7.5242,0.900725,0.885795,0.01493,1600,400,mutation_only
RF,48,0.410967,0.281629,9.8309,7.2812,0.922331,0.875007,0.047325,1600,400,mutation_only
RF,49,0.414607,0.287594,9.4687,7.3279,0.914356,0.882344,0.032012,1600,400,mutation_only
RF,50,0.317875,0.218622,9.6081,7.3841,0.901794,0.883854,0.017939,1600,400,mutation_only
RF,51,0.380297,0.257444,10.4151,7.7858,0.90705,0.873378,0.033672,1600,400,mutation_only
RF,52,0.319907,0.219198,9.4833,7.3454,0.901569,0.876277,0.025292,1600,400,mutation_only
RF,53,0.404504,0.279123,10.0342,7.7402,0.909523,0.879699,0.029824,1600,400,mutation_only
RF,54,0.353231,0.241178,9.3916,7.3671,0.925395,0.901375,0.02402,1600,400,mutation_only
RF,55,0.378562,0.262782,9.1164,6.9533,0.90761,0.866311,0.041299,1600,400,mutation_only
RF,56,0.321515,0.217544,9.5602,7.3525,0.912168,0.897084,0.015083,1600,400,mutation_only
RF,57,0.230319,0.15787,10.0622,7.5982,0.895485,0.873083,0.022403,1600,400,mutation_only
RF,58,0.381607,0.256366,10.8536,7.5378,0.927616,0.902355,0.025261,1600,400,mutation_only
RF,59,0.382975,0.261353,9.7629,7.6322,0.914582,0.886543,0.028039,1600,400,mutation_only
RF,60,0.340903,0.233083,9.6853,7.6431,0.902466,0.878292,0.024173,1600,400,mutation_only
RF,61,0.317745,0.217168,10.0486,7.3234,0.926668,0.902427,0.024241,1600,400,mutation_only
RF,62,0.32829,0.224787,10.5685,7.8929,0.923975,0.899017,0.024958,1600,400,mutation_only
RF,63,0.381715,0.259048,9.6926,7.6355,0.913818,0.879686,0.034132,1600,400,mutation_only
RF,64,0.373559,0.251404,9.762,7.0932,0.918319,0.889167,0.029151,1600,400,mutation_only
RF,65,0.386047,0.266366,9.9095,7.3356,0.933281,0.910603,0.022677,1600,400,mutation_only
RF,66,0.336406,0.230201,10.5769,7.9875,0.9253,0.904397,0.020904,1600,400,mutation_only
RF,67,0.361726,0.246341,10.1227,7.3559,0.907386,0.878349,0.029036,1600,400,mutation_only
RF,68,0.350534,0.238246,9.5509,7.4715,0.934091,0.917742,0.016349,1600,400,mutation_only
RF,69,0.393846,0.270727,9.0304,6.9755,0.910412,0.883864,0.026547,1600,400,mutation_only
RF,70,0.392972,0.266241,9.507,7.4824,0.92965,0.897576,0.032074,1600,400,mutation_only
RF,71,0.31695,0.218546,9.8942,7.592,0.902604,0.883029,0.019575,1600,400,mutation_only
RF,72,0.413109,0.280125,9.3367,7.2589,0.92114,0.897051,0.02409,1600,400,mutation_only
RF,73,0.382689,0.265213,9.7132,7.5077,0.921987,0.895303,0.026684,1600,400,mutation_only
RF,74,0.396735,0.268221,10.1162,7.4798,0.916941,0.883347,0.033593,1600,400,mutation_only
RF,75,0.372498,0.256917,9.4426,7.4424,0.929587,0.904003,0.025584,1600,400,mutation_only
RF,76,0.386816,0.267719,10.389,7.7409,0.903542,0.881442,0.0221,1600,400,mutation_only
RF,77,0.245329,0.164436,9.621,7.2205,0.911121,0.899103,0.012018,1600,400,mutation_only
RF,78,0.40278,0.275664,9.5285,7.3152,0.926251,0.896559,0.029692,1600,400,mutation_only
RF,79,0.311442,0.213684,9.5314,7.4546,0.895192,0.878978,0.016215,1600,400,mutation_only
RF,80,0.405848,0.280376,9.799,7.5743,0.920108,0.880928,0.03918,1600,400,mutation_only
RF,81,0.364137,0.251203,9.5116,7.5361,0.909611,0.887921,0.021691,1600,400,mutation_only
RF,82,0.332443,0.228471,9.2064,6.9549,0.920751,0.890335,0.030416,1600,400,mutation_only
RF,83,0.368394,0.25198,10.0846,7.6376,0.90183,0.865166,0.036664,1600,400,mutation_only
RF,84,0.380314,0.262932,9.9583,7.348,0.925491,0.900256,0.025235,1600,400,mutation_only
RF,85,0.401927,0.274311,9.9802,7.6641,0.917399,0.880503,0.036896,1600,400,mutation_only
RF,86,0.37986,0.259549,8.64,6.9156,0.920508,0.896439,0.024069,1600,400,mutation_only
RF,87,0.319969,0.219298,9.0789,7.1661,0.917367,0.901415,0.015952,1600,400,mutation_only
RF,88,0.361199,0.24619,10.6127,7.7736,0.922221,0.899211,0.02301,1600,400,mutation_only
RF,89,0.372334,0.25208,10.3566,7.4852,0.925914,0.893977,0.031938,1600,400,mutation_only
RF,90,0.361844,0.25005,9.5545,7.224,0.924217,0.895655,0.028562,1600,400,mutation_only
RF,91,0.345965,0.237393,9.6012,7.6979,0.886494,0.852555,0.033939,1600,400,mutation_only
RF,92,0.354504,0.240927,10.238,7.3342,0.93191,0.908516,0.023395,1600,400,mutation_only
RF,93,0.382421,0.261629,9.9421,7.4736,0.929287,0.90199,0.027297,1600,400,mutation_only
RF,94,0.355714,0.241754,10.8712,8.0475,0.920152,0.890614,0.029538,1600,400,mutation_only
RF,95,0.311537,0.212982,9.4862,7.3567,0.907883,0.891392,0.016491,1600,400,mutation_only
RF,96,0.406851,0.275013,9.5201,7.3346,0.90771,0.882303,0.025407,1600,400,mutation_only
RF,97,0.438503,0.302757,9.82,7.3751,0.933528,0.895894,0.037633,1600,400,mutation_only
RF,98,0.358304,0.242732,9.3628,7.3534,0.913659,0.88313,0.030529,1600,400,mutation_only
RF,99,0.349204,0.23802,9.1975,7.2519,0.917102,0.896704,0.020398,1600,400,mutation_only
RF,100,0.336151,0.228997,9.0171,7.2054,0.905705,0.875442,0.030263,1600,400,mutation_only
