canonical_index,truth,prediction,sigma
584,28.3757152402868,27.993418,0.7934917
1551,23.861728313077,28.453165,1.9892085
181,16.5151165633106,27.950293,0.76563174
1154,17.2177513344141,31.784912,1.3385195
828,34.1836954139872,27.792652,0.71618176
1096,39.052358212215,27.292944,1.0256563
1618,31.9579223424516,26.297718,2.6589296
1220,1.06826830975842,27.932888,2.1465933
1002,34.7315579740753,27.443699,0.7414259
381,22.9319150446063,25.414017,2.071629
246,18.763336629705,26.057724,1.0875087
1234,23.40093538152,27.865204,1.5041476
1072,6.25187815396202,30.52287,1.1275226
255,18.9486081344185,26.148783,1.077462
1248,32.3935671277177,27.984888,1.7197342
335,21.5391776749129,27.968296,1.4584455
56,9.60820990174034,28.460535,1.547948
253,18.9156652513338,29.99699,1.7783991
1710,50.9593246291006,25.240665,1.0919467
163,15.5609269986526,24.590801,1.530213
1499,31.8753102125011,32.11474,2.2640576
52,9.42617129426799,26.422558,1.2243456
860,35.2599584056479,30.57343,2.7221472
1760,13.2105097328204,32.09241,1.1245584
924,38.4337654639494,27.758703,0.49176377
1798,21.4207840950694,30.8289,2.5688922
1123,41.4454409406208,32.414654,1.3975046
1624,22.101295607783,26.87229,0.9655198
1100,2.63410041427414,28.880514,1.3424482
1978,34.9431180804822,29.275188,1.327202
1058,34.7740058085692,28.57627,1.4586521
778,32.6044801454591,27.609814,0.85425985
1430,8.104833661866,30.270168,1.2020026
717,31.1577071053725,31.725836,1.2603701
1146,10.0618527986408,28.934605,1.0738434
885,36.2790632078977,30.120047,1.5110997
1320,30.6155524097449,30.466106,0.9137939
1708,23.9684774922025,29.11398,1.1375262
721,31.2171914872888,25.382683,1.4151909
1158,6.4420467025011,30.419867,1.0991104
1581,33.3598225545247,29.582464,1.4421965
954,41.8037981428752,26.2945,1.0476341
1084,15.2463281938763,29.338932,1.4659235
1394,17.2616373026649,31.13181,1.1061964
1733,29.4096870996545,30.342957,1.3766509
293,20.0715587456143,26.075327,2.019695
795,33.1127172507149,31.100224,1.4863447
192,16.7989608771022,30.141922,1.2030157
1091,26.4164971530008,27.57543,1.4925063
128,14.5904184681822,27.457758,1.0486987
1456,34.3556346237092,32.575493,1.4794978
989,50.393843757116,29.074566,1.113999
505,26.2827574852054,27.311197,0.6597396
503,26.2377423307662,28.506704,0.6413455
917,38.1092635680943,29.649582,2.9919538
299,20.170982357391,30.566395,1.2095112
765,32.3268533081609,27.313828,1.1217619
1863,-1.79640898725484,28.96423,1.1942993
1878,44.5731027966867,30.899714,1.2605376
1366,6.29618909899,29.975897,0.88016814
639,29.5244996699366,27.42129,1.367495
196,16.9627072259318,29.33656,1.1293769
1252,33.0902852690306,31.483683,1.4888921
1005,34.8658648879245,29.114191,1.0673199
862,35.3993292014129,28.804493,1.2834102
1455,32.7529376353959,29.761042,1.7838477
727,31.3598539110535,29.18768,0.81753916
599,28.6205868616817,27.256042,1.364511
1839,24.1171601111819,28.26379,1.5286803
1973,21.9862446944207,30.891378,1.1601412
546,27.4851719641119,31.694326,1.3948784
971,44.087796524178,27.90419,0.5908907
1443,28.6441785302268,27.606663,1.019092
487,25.6074103930441,23.502033,1.7721341
65,10.2193207890268,29.035635,1.1498936
1328,26.2860720499739,29.639795,1.4540628
442,24.8693445153622,28.090433,1.1314441
1786,12.8028304123727,27.630594,1.580268
593,28.5573288776832,29.528936,0.94068986
953,41.7382394749548,27.6336,1.3386142
122,14.3044538565773,29.249594,1.3709546
855,35.1299610935457,28.709599,0.61835265
1727,29.1790313199454,27.569244,1.3716825
1462,34.7249259679556,30.784246,1.0832177
580,28.2968919552695,28.332739,1.3623152
1800,30.7225752282902,31.983862,0.9439976
1674,16.7328237881411,29.19688,1.8912561
1301,24.8244063362363,31.069357,2.073061
1852,28.0387603177733,28.47645,1.1995078
436,24.6364900988774,29.800827,1.8637815
1969,30.4735867071795,27.530737,1.2518606
1583,27.062691093608,29.973507,1.3820435
1737,23.9280034878066,27.20528,1.2910314
1815,20.5092821753387,28.477402,1.5237956
943,40.6980322667659,30.926432,1.2127204
701,30.9561127008092,27.539112,1.6775688
1544,20.0919372777134,30.038721,1.1525456
231,18.0777278485439,27.12675,0.86515665
183,16.5824120013203,27.228428,0.81939733
1122,23.4307993597795,25.925512,1.277993
1404,31.7283674399005,30.791874,1.1250027
605,28.7343161469325,29.60661,1.2285324
1872,15.7359192214099,30.109024,1.2503728
838,34.4439237659535,28.885199,1.220286
86,12.0843373253447,27.680164,1.2338213
1785,28.791410875343,29.666286,1.0433817
1032,6.8693585633082,27.181107,0.6302155
1885,30.8357744195673,28.292248,1.1661223
1405,13.3878577194955,27.287212,1.1346974
1076,3.97923397722116,26.791925,0.6531972
1434,9.50213448339491,29.148748,0.91187954
654,29.8055497528767,27.987946,1.7033898
1165,35.6548430899529,30.436132,1.0743123
1776,41.292033120666,28.351278,1.2086928
11,3.41173968594012,26.652279,2.0961018
1735,35.3996719375355,29.323456,1.2020596
1279,34.5955897110871,31.773016,1.505667
830,34.1936369272626,27.334696,0.84050286
960,42.4591573146208,29.128073,1.3656676
331,21.4187031703113,31.25733,1.1347268
1182,34.1491469342582,29.458538,1.0993321
990,52.2671708633061,29.723902,2.5326455
190,16.7311568510413,29.99351,1.3324993
643,29.6100982547723,28.296173,0.7144351
1196,35.1650200015611,28.29042,2.483482
1034,23.6810485063106,28.041199,1.5160036
210,17.2485692953996,32.240376,1.0669159
681,30.4404148815411,29.075283,1.3521949
1103,34.3687753029371,30.952465,1.754464
1077,22.9115166281917,29.891022,1.4034286
1101,18.1067527180821,32.081493,1.6021754
209,17.2470528802587,25.084478,1.5897914
290,20.0218166810337,26.302423,0.737665
1755,40.5333556317164,29.614878,1.3318574
1175,16.3410195126853,25.450577,0.902458
698,30.7893093854218,27.290674,1.1986972
1282,33.102141258878,29.042582,1.5463148
956,41.9958285451394,27.84172,1.5674825
1564,18.9923566264515,27.334301,1.758896
678,30.3827554625605,28.897778,0.81919754
54,9.5499253907401,26.663671,1.776002
1573,30.9678126194958,23.721226,1.3603365
144,15.1167596844607,28.372723,1.6883016
493,25.7612910898606,26.224651,1.3820994
1914,15.2524597294396,32.148876,1.1596653
116,13.9976963608242,27.984325,0.80955786
473,25.414765014244,26.771622,1.0827634
185,16.6357570681394,25.87713,1.3702832
1000,45.2494811071228,26.83562,0.9407461
1375,5.17458520972286,23.329582,1.137641
1478,39.1783399165543,27.98907,1.8770739
112,13.7753004221231,26.61641,1.1934147
297,20.1365232771677,29.50261,1.4565266
963,43.110467213708,25.918238,2.02434
525,26.8700269356486,25.754435,0.79033905
1890,30.9218591057324,32.157818,1.2628024
1286,34.4822140561882,26.529947,0.8528364
869,35.5667624433736,27.805582,1.4789971
1023,24.5102422214004,27.925827,1.4264026
1584,25.3662458012332,28.20698,2.1847823
1269,21.0596719651912,24.682491,1.5406717
233,18.1216512065548,29.159962,2.0800016
1342,34.1556722073765,31.86853,1.3803408
1348,34.2842783478409,29.19222,1.6470395
1307,29.398539647631,31.135609,0.88268244
1049,29.1551413425914,31.89906,1.4497329
610,28.820731371241,27.208973,1.2151403
1447,27.4926089490909,30.983942,1.376383
1410,30.5078959448219,32.420124,2.0889041
480,25.5175171102128,28.144756,1.0939918
1314,24.6687143217023,28.674967,1.0531127
312,20.449899568408,28.52238,1.3772494
424,24.1728802525176,28.855799,2.7084758
1201,25.8848540781692,29.356787,0.85926497
901,37.1909205431984,30.012781,1.5084493
819,33.8513336276155,30.598835,1.1872365
236,18.2968497689799,27.982632,1.7965463
658,29.8576773862806,23.235249,1.5020347
675,30.3454052110064,26.898325,1.2956834
218,17.4914830908929,28.570837,1.2654243
1629,36.6790676823912,29.308949,0.8786814
672,30.2666933182009,29.78963,0.8645629
194,16.8853630920166,27.51948,1.3415437
441,24.8682486023645,28.382181,1.3040264
91,12.3890862870649,26.850155,1.4599178
1402,29.881283560193,29.28057,0.9876355
952,41.5839218345391,26.772644,0.93893427
1330,11.2025162870814,31.430674,1.2425956
902,37.2268348062098,27.148129,0.7706575
988,49.9345180388809,25.988413,1.2381194
1039,46.6524016058793,28.043198,0.775352
201,17.0707799119264,25.897345,1.0935451
1310,26.9011507118448,27.495102,0.960683
1323,9.72342004879465,28.646952,1.0731095
251,18.8804832517417,28.42243,1.4144971
1143,28.4141389893557,31.616222,1.033485
1642,21.9463875937945,29.639954,1.0440506
468,25.3815736316174,30.579824,0.7083312
1809,23.5118097339728,30.680105,1.9248803
1193,40.230602056381,28.114935,0.6962533
987,49.3970433326649,29.509659,1.5781857
1333,80.0650411672541,28.70402,1.6466563
1979,14.7856810362682,30.294016,1.9179592
1311,19.5364684438719,27.366978,2.5136487
1935,33.9373082519814,28.08924,0.77007294
501,26.2123708846448,29.37786,1.893961
1518,14.0325705291543,30.122524,1.0614958
1635,31.3478128780262,28.48881,1.7851965
655,29.8230642047602,29.536646,1.1398561
1287,36.8638728030055,30.374405,1.3372505
1559,1.82530723417949,32.215565,1.3603299
628,29.2901987799814,28.737326,0.97687775
345,21.7739279399029,28.263432,0.69127536
352,21.9617285003224,28.234735,1.2080745
624,29.2678276930565,28.138102,1.1115305
1516,30.6990303773928,29.196888,1.2294904
10,3.19723738387984,31.075205,1.3825842
383,22.96631539378,27.875128,1.3589445
397,23.3874078923363,30.467213,1.8815092
1288,21.0819091044286,30.66184,1.2753456
433,24.6047799498047,26.507208,1.9917116
878,35.9949887697003,27.825811,1.3760943
118,14.0627634781813,30.507944,0.98481095
833,34.2542792409513,28.671783,1.9927449
906,37.4127276219333,30.884052,1.529753
884,36.2691407848506,27.205664,0.9995411
522,26.7874530707741,28.96853,1.2909055
463,25.3426939995261,29.599499,1.7849272
1745,33.1972561530274,30.912937,1.2430093
832,34.2488305352017,30.572348,1.3308618
1806,26.2859060723749,31.506046,1.8760936
384,23.020395739979,30.350409,1.9067787
1837,19.4395707853437,26.75382,0.933143
1169,31.1702655236222,29.208569,0.9337055
280,19.7269950821792,28.51235,1.4364345
1659,22.4786332535368,28.422108,1.003305
515,26.4841321566601,27.893764,1.5346771
1871,24.031202778955,25.935394,1.0023196
294,20.1121567244554,27.64413,0.6720538
1801,25.4202901084755,27.405514,0.8396632
1073,28.7333094404166,27.385727,0.912082
1458,24.8962385404484,30.845066,1.2402365
1517,6.40632700059723,28.815094,1.1854429
1176,34.963589343075,29.867783,1.1004118
96,12.6122937434666,28.715815,1.6257172
31,6.93040418734381,28.738575,0.8563771
199,17.0217273096277,24.045938,2.059646
744,31.6714665194668,30.594746,1.213537
327,21.3080887054675,26.285727,1.0143454
1977,18.0923953909441,28.921423,1.9463955
1118,42.6417917993567,28.501179,1.2109404
68,10.8606211895967,28.220596,1.3375798
1565,37.0740502697954,28.156124,1.7011784
893,36.5931646615136,28.59353,0.5667401
1461,31.2851490823923,32.491146,1.1313636
1953,45.3896282877213,30.304392,2.3211493
1758,25.1956042097408,26.950006,1.167677
985,46.9690267565675,29.84577,1.3451273
799,33.2277328546588,27.87704,1.4743073
1784,9.42604873635719,28.792822,1.2861776
1422,25.4698558843702,27.374578,1.1011969
1474,29.6286746432488,27.787823,0.9533025
21,5.36710108139232,28.32113,1.6487939
158,15.4274253394651,28.70459,1.8084846
1790,32.5465277346193,30.906336,0.9463634
1040,25.1705253262371,29.632046,1.497809
1120,21.3027354980368,30.060236,1.3943611
1344,19.0681405441755,29.329071,1.02404
686,30.5084509046574,28.41335,1.1524478
1990,36.7456303204781,27.614538,1.1407858
75,11.452396249897,28.769947,1.3036951
713,31.1355606807265,25.918564,1.148167
1850,22.5283838137366,29.193384,1.3185295
1064,17.4484067561825,27.799337,1.0047628
1197,12.3833630337867,28.078754,1.0040818
343,21.694114573922,28.935312,1.3730545
815,33.8012995407735,28.10636,0.9049707
382,22.9500224507319,27.406586,1.4077764
243,18.5605536356961,22.363934,1.7372315
113,13.8420632001835,26.970875,1.7540846
826,34.1140998780174,27.280802,0.6928889
716,31.1518410675344,29.56718,2.5888624
98,12.8505095912406,27.432333,1.4784156
1014,7.50053111732268,32.30735,1.1933237
472,25.413758906172,26.176891,2.26478
415,23.9483596012942,29.078619,1.18241
258,19.0603302175041,30.069036,1.9237078
1363,26.0756682457832,24.694397,1.3447217
276,19.5817290915693,27.361317,1.9746473
1541,43.0469756697639,24.640572,1.6193806
1983,16.8561085273832,27.288614,1.6860485
757,32.1783822829275,27.162601,0.8055328
1056,29.2821233104878,26.833029,0.8624128
1157,10.6189708816855,30.630573,1.4849796
1591,17.5997004188648,26.64444,2.0883303
1926,35.533341127626,28.815311,1.1617712
974,44.5552632327053,30.673151,0.99058586
1596,45.0159462290103,28.991077,1.6054051
1466,28.4256469087959,31.750174,1.7246699
687,30.559920915508,24.867455,1.4512558
708,31.084985826179,30.486279,1.5210484
1093,22.4011316571887,27.511013,0.93004805
1395,18.9243926382915,27.538818,2.0533087
1881,40.9580430134774,32.577507,2.2939944
1667,22.0255983629831,26.6478,1.6358554
535,27.2759174172934,30.073507,1.5807525
590,28.5190721143772,26.602264,2.3153524
1421,11.2094668582577,28.54808,1.0488232
1918,25.2641543087702,25.556492,1.3625238
1392,27.984512706611,27.439869,1.6634634
462,25.3138658476018,25.653763,1.3878574
749,31.9783064495241,28.714497,2.2582486
208,17.2384623822218,29.226572,1.6071339
1354,30.5933011354391,28.883463,0.83223605
784,32.7516419894891,29.545929,1.4626504
151,15.3063961675834,30.19167,1.8898956
410,23.7684142871149,30.46671,1.4155512
1383,4.20880715476233,25.280996,1.4082334
1542,24.3230745093933,29.408955,0.89239633
817,33.8165042994879,27.536783,1.3645014
500,26.131111851977,29.536118,0.8793398
1630,29.2239976886922,29.40392,0.99800736
1892,17.3818100436511,27.432394,1.4263648
1855,37.4335157868918,31.777018,1.660794
46,8.80174928123233,28.12649,0.9279098
1377,6.55698841387493,25.997753,2.3412657
1949,25.3632333301466,29.321701,1.0199579
1714,17.9662513734002,28.932364,1.7606277
533,27.1260458221186,29.883808,1.0283077
1420,19.0863461858899,27.833368,0.6108118
1272,30.5853300030249,30.062916,1.2439785
1835,33.1711412194236,26.789007,1.2981786
1007,32.9282585595865,30.591171,1.5408148
1166,31.7296431670293,30.690393,1.144427
680,30.3955276796951,29.00586,1.0071476
1098,26.3398032045661,26.754965,1.062513
754,32.1254442946702,29.800472,2.070831
445,24.8901391857726,30.19189,1.114179
129,14.5932186938335,29.698526,1.2330726
315,20.6488321390498,28.671875,1.0622487
770,32.368855434328,23.801365,1.8263991
1170,35.0535103806833,29.252192,0.9314985
85,12.054999794098,30.32427,1.4516791
874,35.8357860679607,31.641775,1.1031606
1401,31.0270003369587,29.471018,0.7682742
198,16.9904847417565,28.979263,1.2303252
1902,33.0033679114822,29.890472,1.5811538
491,25.6908650462537,31.895905,1.4968597
762,32.2726547591483,29.29578,2.1262126
1764,10.6689926140753,29.62525,2.0933075
1184,14.780741105089,28.443584,0.85139716
731,31.4219281451806,28.934383,0.83402205
529,26.9494006837958,29.217846,1.7705126
697,30.7820206754186,30.745098,0.97847223
202,17.0777906447802,27.539623,0.903379
1853,35.2704302875864,29.75528,0.9384858
278,19.7087412574547,26.065342,1.6983901
1359,21.3332190196379,28.486908,2.096239
101,13.0470328369047,25.098175,1.9485633
1744,27.7927466653164,28.211252,1.3579328
1823,25.6394035213889,26.024155,0.7747468
955,41.8213284945996,23.887806,1.3537333
839,34.4744251808042,29.00199,1.0815682
1352,33.9391378660439,30.267492,0.9026285
451,25.07516164142,27.634272,1.2968419
1699,5.33881959069549,30.396444,1.2305881
835,34.3681864789469,28.797256,0.579144
734,31.5676208994701,26.050522,1.038126
1832,16.890604816861,29.8164,1.2920601
1922,19.0859720537701,28.421778,1.1136419
1266,33.2720612658632,30.8108,0.8642762
1639,27.5853660727989,28.64006,1.494465
1939,36.521726337025,30.197384,1.2120601
1497,21.9724952564102,31.809128,1.137216
1568,24.514772532737,26.391102,1.8869165
369,22.6464589860079,28.388088,2.6207328
1934,10.3299485317293,26.387182,2.5284517
1679,20.58634200284,26.066101,1.8139516
1907,17.9743910007928,24.84524,0.8392598
1130,37.7845022867295,30.217915,1.4067452
432,24.5455184594975,25.771938,1.3975334
1271,14.7296169862057,27.064493,0.75655735
1961,18.8306737601706,25.955606,1.4406857
1569,15.941934058581,29.940372,1.1170882
363,22.4013004578665,27.521982,1.6551615
940,40.1138991699772,30.43523,1.3962214
171,15.9690873821237,29.740686,0.838842
806,33.4266907973688,27.9986,1.6205673
1974,21.153559241593,29.122385,1.2756804
437,24.6506403016283,28.338034,1.1946219
1360,25.7089916415134,26.830618,1.4817973
595,28.5754818003697,27.25386,1.8245252
560,27.8929767943082,27.548923,1.122841
177,16.4322560139517,28.903854,1.3093455
751,32.0786361803766,26.32656,0.7995771
1891,27.2713194982462,27.915012,1.2946507
623,29.2608860194814,27.023981,0.798919
1617,25.0377721093755,31.155033,0.92741054
588,28.4964047682151,31.087177,1.0012012
1597,9.59787964602219,26.663418,0.65572816
