seed,method,model,gbsa_Sp,n_members,weights
1,single,RF,0.357609,,
1,single,ET,0.356544,,
1,single,GBR,0.316697,,
1,single,XGB,0.312547,,
1,single,SVR,0.349285,,
1,equal_weight_rank,fusion,0.361617,5.0,
1,constrained_weight,fusion,0.361728,5.0,"{""RF"": 0.1998, ""ET"": 0.1998, ""GBR"": 0.1998, ""XGB"": 0.2008, ""SVR"": 0.1998}"
2,single,RF,0.339683,,
2,single,ET,0.336663,,
2,single,GBR,0.29968,,
2,single,XGB,0.349176,,
2,single,SVR,0.302022,,
2,equal_weight_rank,fusion,0.348307,5.0,
2,constrained_weight,fusion,0.348289,5.0,"{""RF"": 0.1999, ""ET"": 0.2002, ""GBR"": 0.2, ""XGB"": 0.1996, ""SVR"": 0.2003}"
3,single,RF,0.350716,,
3,single,ET,0.365328,,
3,single,GBR,0.32938,,
3,single,XGB,0.361998,,
3,single,SVR,0.34908,,
3,equal_weight_rank,fusion,0.377974,5.0,
3,constrained_weight,fusion,0.377919,5.0,"{""RF"": 0.2003, ""ET"": 0.2002, ""GBR"": 0.1997, ""XGB"": 0.2, ""SVR"": 0.1998}"
4,single,RF,0.37057,,
4,single,ET,0.365145,,
4,single,GBR,0.379437,,
4,single,XGB,0.368664,,
4,single,SVR,0.338443,,
4,equal_weight_rank,fusion,0.382953,5.0,
4,constrained_weight,fusion,0.382974,5.0,"{""RF"": 0.1999, ""ET"": 0.1996, ""GBR"": 0.2005, ""XGB"": 0.2, ""SVR"": 0.2}"
5,single,RF,0.343575,,
5,single,ET,0.350215,,
5,single,GBR,0.337482,,
5,single,XGB,0.377616,,
5,single,SVR,0.292976,,
5,equal_weight_rank,fusion,0.364434,5.0,
5,constrained_weight,fusion,0.364425,5.0,"{""RF"": 0.1998, ""ET"": 0.1998, ""GBR"": 0.2008, ""XGB"": 0.1998, ""SVR"": 0.1998}"
6,single,RF,0.33639,,
6,single,ET,0.326287,,
6,single,GBR,0.347108,,
6,single,XGB,0.369098,,
6,single,SVR,0.323082,,
6,equal_weight_rank,fusion,0.36165,5.0,
6,constrained_weight,fusion,0.361572,5.0,"{""RF"": 0.1998, ""ET"": 0.1998, ""GBR"": 0.1998, ""XGB"": 0.2008, ""SVR"": 0.1998}"
7,single,RF,0.395323,,
7,single,ET,0.414847,,
7,single,GBR,0.384017,,
7,single,XGB,0.387568,,
7,single,SVR,0.376781,,
7,equal_weight_rank,fusion,0.418844,5.0,
7,constrained_weight,fusion,0.418741,5.0,"{""RF"": 0.1998, ""ET"": 0.1998, ""GBR"": 0.1998, ""XGB"": 0.2008, ""SVR"": 0.1998}"
8,single,RF,0.340543,,
8,single,ET,0.348938,,
8,single,GBR,0.346069,,
8,single,XGB,0.339816,,
8,single,SVR,0.37527,,
8,equal_weight_rank,fusion,0.369073,5.0,
8,constrained_weight,fusion,0.369031,5.0,"{""RF"": 0.1998, ""ET"": 0.1998, ""GBR"": 0.1998, ""XGB"": 0.2007, ""SVR"": 0.1999}"
9,single,RF,0.344208,,
9,single,ET,0.355718,,
9,single,GBR,0.378346,,
9,single,XGB,0.390251,,
9,single,SVR,0.323978,,
9,equal_weight_rank,fusion,0.380635,5.0,
9,constrained_weight,fusion,0.380595,5.0,"{""RF"": 0.1998, ""ET"": 0.1997, ""GBR"": 0.2, ""XGB"": 0.1999, ""SVR"": 0.2006}"
10,single,RF,0.397544,,
10,single,ET,0.393487,,
10,single,GBR,0.438985,,
10,single,XGB,0.441984,,
10,single,SVR,0.385807,,
10,equal_weight_rank,fusion,0.43717,5.0,
10,constrained_weight,fusion,0.437,5.0,"{""RF"": 0.1999, ""ET"": 0.2007, ""GBR"": 0.1998, ""XGB"": 0.1998, ""SVR"": 0.1998}"
11,single,RF,0.331447,,
11,single,ET,0.337056,,
11,single,GBR,0.354954,,
11,single,XGB,0.33171,,
11,single,SVR,0.321958,,
11,equal_weight_rank,fusion,0.350934,5.0,
11,constrained_weight,fusion,0.350905,5.0,"{""RF"": 0.1998, ""ET"": 0.2008, ""GBR"": 0.1998, ""XGB"": 0.1998, ""SVR"": 0.1998}"
12,single,RF,0.375023,,
12,single,ET,0.386457,,
12,single,GBR,0.374313,,
12,single,XGB,0.417027,,
12,single,SVR,0.332744,,
12,equal_weight_rank,fusion,0.395933,5.0,
12,constrained_weight,fusion,0.396034,5.0,"{""RF"": 0.1998, ""ET"": 0.2008, ""GBR"": 0.1998, ""XGB"": 0.1998, ""SVR"": 0.1998}"
13,single,RF,0.403476,,
13,single,ET,0.408372,,
13,single,GBR,0.433656,,
13,single,XGB,0.401278,,
13,single,SVR,0.42065,,
13,equal_weight_rank,fusion,0.436403,5.0,
13,constrained_weight,fusion,0.436461,5.0,"{""RF"": 0.1998, ""ET"": 0.1998, ""GBR"": 0.1998, ""XGB"": 0.2008, ""SVR"": 0.1998}"
14,single,RF,0.380489,,
14,single,ET,0.391009,,
14,single,GBR,0.376008,,
14,single,XGB,0.43544,,
14,single,SVR,0.348923,,
14,equal_weight_rank,fusion,0.408467,5.0,
14,constrained_weight,fusion,0.408401,5.0,"{""RF"": 0.1998, ""ET"": 0.1998, ""GBR"": 0.2008, ""XGB"": 0.1998, ""SVR"": 0.1998}"
15,single,RF,0.355263,,
15,single,ET,0.372437,,
15,single,GBR,0.379927,,
15,single,XGB,0.388864,,
15,single,SVR,0.349033,,
15,equal_weight_rank,fusion,0.394321,5.0,
15,constrained_weight,fusion,0.394379,5.0,"{""RF"": 0.1998, ""ET"": 0.2007, ""GBR"": 0.1999, ""XGB"": 0.1998, ""SVR"": 0.1998}"
16,single,RF,0.296503,,
16,single,ET,0.287542,,
16,single,GBR,0.334278,,
16,single,XGB,0.297197,,
16,single,SVR,0.317307,,
16,equal_weight_rank,fusion,0.328628,5.0,
16,constrained_weight,fusion,0.32846,5.0,"{""RF"": 0.2001, ""ET"": 0.2001, ""GBR"": 0.1997, ""XGB"": 0.2, ""SVR"": 0.2001}"
17,single,RF,0.415171,,
17,single,ET,0.407503,,
17,single,GBR,0.430032,,
17,single,XGB,0.40075,,
17,single,SVR,0.364637,,
17,equal_weight_rank,fusion,0.427345,5.0,
17,constrained_weight,fusion,0.427476,5.0,"{""RF"": 0.1998, ""ET"": 0.1998, ""GBR"": 0.2007, ""XGB"": 0.1999, ""SVR"": 0.1998}"
18,single,RF,0.330833,,
18,single,ET,0.340733,,
18,single,GBR,0.374455,,
18,single,XGB,0.387927,,
18,single,SVR,0.311722,,
18,equal_weight_rank,fusion,0.369296,5.0,
18,constrained_weight,fusion,0.369169,5.0,"{""RF"": 0.2007, ""ET"": 0.1999, ""GBR"": 0.1998, ""XGB"": 0.1998, ""SVR"": 0.1999}"
19,single,RF,0.384194,,
19,single,ET,0.385145,,
19,single,GBR,0.406055,,
19,single,XGB,0.405884,,
19,single,SVR,0.316832,,
19,equal_weight_rank,fusion,0.40204,5.0,
19,constrained_weight,fusion,0.402459,5.0,"{""RF"": 0.2114, ""ET"": 0.1852, ""GBR"": 0.2125, ""XGB"": 0.1892, ""SVR"": 0.2017}"
20,single,RF,0.368131,,
20,single,ET,0.362632,,
20,single,GBR,0.363318,,
20,single,XGB,0.367893,,
20,single,SVR,0.385345,,
20,equal_weight_rank,fusion,0.389311,5.0,
20,constrained_weight,fusion,0.3893,5.0,"{""RF"": 0.1998, ""ET"": 0.1998, ""GBR"": 0.2008, ""XGB"": 0.1998, ""SVR"": 0.1998}"
21,single,RF,0.446628,,
21,single,ET,0.436722,,
21,single,GBR,0.407124,,
21,single,XGB,0.408514,,
21,single,SVR,0.408749,,
21,equal_weight_rank,fusion,0.442066,5.0,
21,constrained_weight,fusion,0.442123,5.0,"{""RF"": 0.2007, ""ET"": 0.1999, ""GBR"": 0.1998, ""XGB"": 0.1999, ""SVR"": 0.1998}"
22,single,RF,0.316847,,
22,single,ET,0.327126,,
22,single,GBR,0.336105,,
22,single,XGB,0.351861,,
22,single,SVR,0.300975,,
22,equal_weight_rank,fusion,0.345698,5.0,
22,constrained_weight,fusion,0.345703,5.0,"{""RF"": 0.1998, ""ET"": 0.1998, ""GBR"": 0.1998, ""XGB"": 0.1998, ""SVR"": 0.2008}"
23,single,RF,0.410567,,
23,single,ET,0.401909,,
23,single,GBR,0.40333,,
23,single,XGB,0.414833,,
23,single,SVR,0.368539,,
23,equal_weight_rank,fusion,0.424034,5.0,
23,constrained_weight,fusion,0.423994,5.0,"{""RF"": 0.1998, ""ET"": 0.1998, ""GBR"": 0.2008, ""XGB"": 0.1998, ""SVR"": 0.1998}"
24,single,RF,0.371533,,
24,single,ET,0.387107,,
24,single,GBR,0.395897,,
24,single,XGB,0.418481,,
24,single,SVR,0.343523,,
24,equal_weight_rank,fusion,0.404702,5.0,
24,constrained_weight,fusion,0.404697,5.0,"{""RF"": 0.2, ""ET"": 0.2001, ""GBR"": 0.2001, ""XGB"": 0.1997, ""SVR"": 0.2}"
25,single,RF,0.244926,,
25,single,ET,0.255282,,
25,single,GBR,0.294631,,
25,single,XGB,0.327334,,
25,single,SVR,0.260673,,
25,equal_weight_rank,fusion,0.289476,5.0,
25,constrained_weight,fusion,0.289373,5.0,"{""RF"": 0.1998, ""ET"": 0.1998, ""GBR"": 0.1998, ""XGB"": 0.2008, ""SVR"": 0.1998}"
26,single,RF,0.417734,,
26,single,ET,0.421297,,
26,single,GBR,0.40426,,
26,single,XGB,0.427641,,
26,single,SVR,0.38537,,
26,equal_weight_rank,fusion,0.434194,5.0,
26,constrained_weight,fusion,0.434243,5.0,"{""RF"": 0.2008, ""ET"": 0.1998, ""GBR"": 0.1998, ""XGB"": 0.1998, ""SVR"": 0.1998}"
27,single,RF,0.411781,,
27,single,ET,0.416792,,
27,single,GBR,0.433617,,
27,single,XGB,0.438981,,
27,single,SVR,0.39961,,
27,equal_weight_rank,fusion,0.443162,5.0,
27,constrained_weight,fusion,0.44318,5.0,"{""RF"": 0.1998, ""ET"": 0.1998, ""GBR"": 0.1998, ""XGB"": 0.2008, ""SVR"": 0.1998}"
28,single,RF,0.411628,,
28,single,ET,0.40857,,
28,single,GBR,0.412078,,
28,single,XGB,0.431982,,
28,single,SVR,0.373193,,
28,equal_weight_rank,fusion,0.432956,5.0,
28,constrained_weight,fusion,0.432783,5.0,"{""RF"": 0.2, ""ET"": 0.1997, ""GBR"": 0.2, ""XGB"": 0.1997, ""SVR"": 0.2007}"
29,single,RF,0.381712,,
29,single,ET,0.393235,,
29,single,GBR,0.375205,,
29,single,XGB,0.411181,,
29,single,SVR,0.384995,,
29,equal_weight_rank,fusion,0.413058,5.0,
29,constrained_weight,fusion,0.413076,5.0,"{""RF"": 0.1998, ""ET"": 0.1998, ""GBR"": 0.1998, ""XGB"": 0.2005, ""SVR"": 0.2002}"
30,single,RF,0.351228,,
30,single,ET,0.356437,,
30,single,GBR,0.374392,,
30,single,XGB,0.360603,,
30,single,SVR,0.337368,,
30,equal_weight_rank,fusion,0.377976,5.0,
30,constrained_weight,fusion,0.377977,5.0,"{""RF"": 0.2003, ""ET"": 0.2003, ""GBR"": 0.1997, ""XGB"": 0.1999, ""SVR"": 0.1998}"
